data,Ticker,preco_fechamento,preco_maximo,preco_minimo,preco_abertura,volume
2020-08-17,AAPL,"111,48","112,92","110,85","112,9","119561600,0"
2020-08-17,GOOGL,"75,36","75,73","74,8","75,35","19990000,0"
2020-08-17,ITUB4.SA,"16,95","17,38","16,75","17,36","41571860,0"
2020-08-17,MGLU3.SA,"185,02","189,14","179,9","186,95","6299511,0"
2020-08-17,MSFT,"201,47","202,34","200,16","200,81","20184800,0"
2020-08-17,PETR4.SA,"6,85","6,92","6,71","6,87","52064300,0"
2020-08-18,AAPL,"112,41","112,84","110,9","111,23","105633600,0"
2020-08-18,GOOGL,"77,33","77,4","75,63","75,85","28378000,0"
2020-08-18,ITUB4.SA,"17,06","17,34","16,93","17,33","46170850,0"
2020-08-18,MGLU3.SA,"202,81","203,49","190,37","193,74","13677195,0"
2020-08-18,MSFT,"202,63","203,46","200,44","201,71","21336200,0"
2020-08-18,PETR4.SA,"6,97","7,04","6,9","6,95","49361300,0"
2020-08-19,AAPL,"112,55","113,97","112,46","112,82","145538000,0"
2020-08-19,GOOGL,"76,77","77,98","76,54","77,16","30472000,0"
2020-08-19,ITUB4.SA,"16,98","17,19","16,91","17,12","30195660,0"
2020-08-19,MGLU3.SA,"203,26","204,46","199,91","201,7","5850896,0"
2020-08-19,MSFT,"201,4","203,7","200,96","203,12","27627600,0"
2020-08-19,PETR4.SA,"6,93","7,07","6,89","6,95","51982100,0"
2020-08-20,AAPL,"115,05","115,16","112,58","112,59","126907200,0"
2020-08-20,GOOGL,"78,34","78,54","76,27","76,54","26382000,0"
2020-08-20,ITUB4.SA,"16,98","17,06","16,57","16,68","36590950,0"
2020-08-20,MGLU3.SA,"197,94","200,02","195,22","199,77","5854830,0"
2020-08-20,MSFT,"206,08","206,49","200,64","201,24","26981500,0"
2020-08-20,PETR4.SA,"6,89","6,93","6,77","6,82","55251700,0"
2020-08-21,AAPL,"120,98","121,46","116,0","116,01","338054800,0"
2020-08-21,GOOGL,"78,31","79,12","77,65","78,12","34838000,0"
2020-08-21,ITUB4.SA,"16,95","17,06","16,76","16,83","26123900,0"
2020-08-21,MGLU3.SA,"197,94","201,0","195,78","197,05","3530372,0"
2020-08-21,MSFT,"204,58","207,69","204,42","205,39","36249300,0"
2020-08-21,PETR4.SA,"6,83","6,86","6,77","6,83","38668300,0"
2020-08-24,AAPL,"122,42","125,27","120,56","125,19","345937600,0"
2020-08-24,GOOGL,"78,78","79,96","78,28","79,15","25638000,0"
2020-08-24,ITUB4.SA,"17,23","17,48","17,05","17,07","36793900,0"
2020-08-24,MGLU3.SA,"197,32","201,86","196,26","199,82","3353321,0"
2020-08-24,MSFT,"205,23","206,99","204,02","206,28","25460100,0"
2020-08-24,PETR4.SA,"6,96","7,01","6,91","6,93","51841900,0"
2020-08-25,AAPL,"121,42","121,76","119,7","121,3","211495600,0"
2020-08-25,GOOGL,"79,81","79,96","78,42","78,53","25150000,0"
2020-08-25,ITUB4.SA,"17,1","17,38","16,98","17,34","35207700,0"
2020-08-25,MGLU3.SA,"199,41","201,02","198,07","199,18","3164937,0"
2020-08-25,MSFT,"207,9","208,03","204,66","204,66","23043700,0"
2020-08-25,PETR4.SA,"6,93","7,01","6,87","7,0","37981400,0"
2020-08-26,AAPL,"123,07","123,53","121,67","122,74","163022400,0"
2020-08-26,GOOGL,"81,72","82,15","79,57","79,84","52188000,0"
2020-08-26,ITUB4.SA,"16,74","17,14","16,55","17,1","33707630,0"
2020-08-26,MGLU3.SA,"204,28","207,34","199,32","199,66","7405054,0"
2020-08-26,MSFT,"212,39","213,3","208,75","209,25","39600800,0"
2020-08-26,PETR4.SA,"6,73","6,94","6,68","6,9","69925300,0"
2020-08-27,AAPL,"121,6","124,01","120,45","123,67","155552400,0"
2020-08-27,GOOGL,"80,94","81,91","80,46","81,84","31350000,0"
2020-08-27,ITUB4.SA,"17,02","17,24","16,75","16,81","38822300,0"
2020-08-27,MGLU3.SA,"208,43","208,75","204,89","204,89","5259571,0"
2020-08-27,MSFT,"217,61","222,0","210,71","214,06","57602200,0"
2020-08-27,PETR4.SA,"6,71","6,81","6,68","6,76","35489800,0"
2020-08-28,AAPL,"121,4","122,99","121,18","122,57","187630000,0"
2020-08-28,GOOGL,"81,48","81,58","80,8","80,99","22418000,0"
2020-08-28,ITUB4.SA,"17,19","17,29","17,0","17,1","61749710,0"
2020-08-28,MGLU3.SA,"214,32","214,32","208,25","209,61","4227072,0"
2020-08-28,MSFT,"219,85","221,51","217,61","219,14","26292900,0"
2020-08-28,PETR4.SA,"6,83","6,83","6,68","6,74","31071000,0"
2020-08-31,AAPL,"125,52","127,43","122,56","124,1","225702700,0"
2020-08-31,GOOGL,"80,99","81,73","80,78","81,69","26422000,0"
2020-08-31,ITUB4.SA,"16,57","17,1","16,57","17,01","49549940,0"
2020-08-31,MGLU3.SA,"211,24","214,18","209,29","214,16","4790471,0"
2020-08-31,MSFT,"216,6","219,64","215,43","218,01","28774200,0"
2020-08-31,PETR4.SA,"6,63","6,8","6,63","6,76","48539700,0"
2020-09-01,AAPL,"130,52","131,12","126,97","129,14","151948100,0"
2020-09-01,GOOGL,"82,26","82,47","80,99","81,12","22652000,0"
2020-09-01,ITUB4.SA,"17,14","17,14","16,71","16,81","61801080,0"
2020-09-01,MGLU3.SA,"216,02","218,1","212,26","213,46","3766440,0"
2020-09-01,MSFT,"218,27","218,44","215,54","216,58","25725500,0"
2020-09-01,PETR4.SA,"6,93","6,93","6,7","6,73","66299700,0"
2020-09-02,AAPL,"127,82","134,22","123,54","133,84","200119000,0"
2020-09-02,GOOGL,"85,36","85,79","82,51","82,9","49522000,0"
2020-09-02,ITUB4.SA,"17,11","17,22","16,83","17,15","27687990,0"
2020-09-02,MGLU3.SA,"211,9","218,49","210,74","217,31","4365420,0"
2020-09-02,MSFT,"222,48","223,64","218,35","218,94","34080800,0"
2020-09-02,PETR4.SA,"6,91","7,0","6,82","6,95","53618000,0"
2020-09-03,AAPL,"117,58","125,32","117,21","123,45","257599600,0"
2020-09-03,GOOGL,"80,99","84,49","79,91","84,47","63726000,0"
2020-09-03,ITUB4.SA,"17,52","17,96","17,01","17,04","89101870,0"
2020-09-03,MGLU3.SA,"200,54","213,69","197,6","212,58","9100681,0"
2020-09-03,MSFT,"208,7","220,23","206,45","220,19","58400300,0"
2020-09-03,PETR4.SA,"6,93","7,0","6,84","6,85","87642400,0"
2020-09-04,AAPL,"117,66","120,33","107,86","116,79","332607200,0"
2020-09-04,GOOGL,"78,59","81,26","76,44","79,97","55850000,0"
2020-09-04,ITUB4.SA,"17,58","17,81","17,29","17,72","45847890,0"
2020-09-04,MGLU3.SA,"201,15","204,94","189,14","202,7","9652020,0"
2020-09-04,MSFT,"205,77","209,71","197,06","206,58","59664100,0"
2020-09-04,PETR4.SA,"6,94","6,98","6,84","6,97","52351100,0"
2020-09-08,AAPL,"109,74","115,74","109,61","110,84","231366600,0"
2020-09-08,GOOGL,"75,73","77,31","75,37","75,8","54032000,0"
2020-09-08,ITUB4.SA,"17,18","17,44","17,09","17,3","32161800,0"
2020-09-08,MGLU3.SA,"198,71","202,83","193,74","197,26","4842218,0"
2020-09-08,MSFT,"194,64","201,71","194,19","198,32","52924300,0"
2020-09-08,PETR4.SA,"6,74","6,82","6,64","6,82","74490200,0"
2020-09-09,AAPL,"114,12","115,89","112,12","114,06","176940500,0"
2020-09-09,GOOGL,"76,9","77,47","75,8","76,98","39242000,0"
2020-09-09,ITUB4.SA,"17,21","17,47","17,01","17,32","32637880,0"
2020-09-09,MGLU3.SA,"206,66","207,18","201,74","201,74","4892725,0"
2020-09-09,MSFT,"202,92","206,33","198,52","199,38","45679000,0"
2020-09-09,PETR4.SA,"6,89","6,9","6,81","6,81","42143500,0"
2020-09-10,AAPL,"110,39","117,21","109,43","117,08","182274400,0"
2020-09-10,GOOGL,"75,85","78,21","75,55","77,05","33024000,0"
2020-09-10,ITUB4.SA,"16,84","17,37","16,83","17,18","39953650,0"
2020-09-10,MGLU3.SA,"199,98","212,3","197,14","207,07","7049583,0"
2020-09-10,MSFT,"197,24","206,24","196,03","204,95","35461500,0"
2020-09-10,PETR4.SA,"6,7","6,84","6,7","6,84","58350000,0"
2020-09-11,AAPL,"108,94","112,09","107,0","111,44","180860300,0"
2020-09-11,GOOGL,"75,34","76,48","74,21","75,95","30706000,0"
2020-09-11,ITUB4.SA,"16,64","16,95","16,5","16,87","25682470,0"
2020-09-11,MGLU3.SA,"198,44","204,85","197,42","202,49","5146626,0"
2020-09-11,MSFT,"195,95","200,37","193,27","199,0","33620100,0"
2020-09-11,PETR4.SA,"6,63","6,74","6,59","6,7","71013700,0"
2020-09-14,AAPL,"112,21","112,77","109,72","111,59","140150100,0"
2020-09-14,GOOGL,"74,99","77,39","74,81","76,13","42660000,0"
2020-09-14,ITUB4.SA,"16,94","17,06","16,42","16,75","47837790,0"
2020-09-14,MGLU3.SA,"204,62","208,18","201,68","202,13","5333428,0"
2020-09-14,MSFT,"197,28","200,92","195,95","196,15","30375800,0"
2020-09-14,PETR4.SA,"6,57","6,66","6,49","6,65","46453300,0"
2020-09-15,AAPL,"112,39","115,59","110,51","115,1","184642000,0"
2020-09-15,GOOGL,"76,3","77,09","75,65","75,94","23042000,0"
2020-09-15,ITUB4.SA,"16,71","17,06","16,62","17,02","32148160,0"
2020-09-15,MGLU3.SA,"202,99","209,47","201,86","207,14","4870743,0"
2020-09-15,MSFT,"200,51","201,47","198,74","200,17","21823900,0"
2020-09-15,PETR4.SA,"6,57","6,69","6,53","6,66","58546700,0"
2020-09-16,AAPL,"109,07","112,84","108,98","112,09","154679000,0"
2020-09-16,GOOGL,"75,15","77,26","75,13","76,66","22128000,0"
2020-09-16,ITUB4.SA,"16,66","17,06","16,65","16,73","28187720,0"
2020-09-16,MGLU3.SA,"202,06","205,98","200,84","203,53","3953670,0"
2020-09-16,MSFT,"196,93","202,31","196,54","202,28","26328100,0"
2020-09-16,PETR4.SA,"6,58","6,66","6,54","6,62","50379500,0"
2020-09-17,AAPL,"107,33","109,14","105,74","106,73","178011000,0"
2020-09-17,GOOGL,"73,91","74,49","72,69","73,85","40008000,0"
2020-09-17,ITUB4.SA,"16,68","16,78","16,47","16,55","27575570,0"
2020-09-17,MGLU3.SA,"197,37","202,36","196,37","200,75","5297291,0"
2020-09-17,MSFT,"194,88","196,24","192,04","192,13","34011300,0"
2020-09-17,PETR4.SA,"6,71","6,72","6,5","6,52","60432200,0"
2020-09-18,AAPL,"103,93","107,85","103,2","107,39","287104900,0"
2020-09-18,GOOGL,"72,12","74,31","71,15","73,97","63056000,0"
2020-09-18,ITUB4.SA,"16,27","16,63","16,22","16,55","42997240,0"
2020-09-18,MGLU3.SA,"197,51","202,92","194,97","198,5","6464972,0"
2020-09-18,MSFT,"192,45","195,59","188,48","194,77","55225300,0"
2020-09-18,PETR4.SA,"6,56","6,71","6,53","6,66","64243500,0"
2020-09-21,AAPL,"107,08","107,18","100,29","101,69","195713800,0"
2020-09-21,GOOGL,"71,08","71,57","69,72","71,15","56908000,0"
2020-09-21,ITUB4.SA,"16,13","16,21","15,81","16,02","40229420,0"
2020-09-21,MGLU3.SA,"201,0","202,02","191,09","193,13","6519584,0"
2020-09-21,MSFT,"194,52","194,68","188,6","189,38","39839700,0"
2020-09-21,PETR4.SA,"6,33","6,5","6,3","6,45","73300000,0"
2020-09-22,AAPL,"108,76","109,78","106,18","109,61","183055400,0"
2020-09-22,GOOGL,"72,56","72,76","71,05","72,08","33950000,0"
2020-09-22,ITUB4.SA,"16,27","16,42","16,03","16,09","29995130,0"
2020-09-22,MGLU3.SA,"202,79","204,35","198,28","203,04","5639418,0"
2020-09-22,MSFT,"199,21","199,86","194,08","196,94","33517100,0"
2020-09-22,PETR4.SA,"6,3","6,47","6,29","6,35","47207700,0"
2020-09-23,AAPL,"104,2","109,05","103,86","108,57","150718700,0"
2020-09-23,GOOGL,"70,05","72,22","69,72","72,17","37726000,0"
2020-09-23,ITUB4.SA,"15,83","16,29","15,82","16,14","27083430,0"
2020-09-23,MGLU3.SA,"195,97","203,87","195,35","202,79","4633820,0"
2020-09-23,MSFT,"192,65","199,86","192,11","199,67","30803800,0"
2020-09-23,PETR4.SA,"6,13","6,35","6,12","6,3","57106300,0"
2020-09-24,AAPL,"105,27","107,24","102,14","102,3","167743300,0"
2020-09-24,GOOGL,"70,72","71,47","69,69","69,72","34552000,0"
2020-09-24,ITUB4.SA,"16,22","16,44","15,79","15,85","44039710,0"
2020-09-24,MGLU3.SA,"202,36","203,47","194,2","196,92","5180026,0"
2020-09-24,MSFT,"195,14","197,43","191,31","191,94","31202500,0"
2020-09-24,PETR4.SA,"6,18","6,27","6,08","6,13","76310000,0"
2020-09-25,AAPL,"109,22","109,37","104,73","105,47","149981400,0"
2020-09-25,GOOGL,"71,52","71,87","69,96","70,83","30326000,0"
2020-09-25,ITUB4.SA,"16,13","16,18","15,93","16,06","23948430,0"
2020-09-25,MGLU3.SA,"205,37","206,43","198,28","200,34","4610084,0"
2020-09-25,MSFT,"199,59","200,76","194,52","195,49","29437300,0"
2020-09-25,PETR4.SA,"6,1","6,14","6,02","6,1","40150400,0"
2020-09-28,AAPL,"111,82","112,17","109,7","111,87","137672400,0"
2020-09-28,GOOGL,"72,5","73,21","71,88","73,16","30784000,0"
2020-09-28,ITUB4.SA,"16,13","16,83","15,9","16,37","64169710,0"
2020-09-28,MGLU3.SA,"198,21","209,11","197,19","207,57","6741625,0"
2020-09-28,MSFT,"201,15","204,15","199,82","202,53","32004900,0"
2020-09-28,PETR4.SA,"5,95","6,23","5,95","6,16","48797400,0"
2020-09-29,AAPL,"110,98","112,16","110,47","111,42","99382200,0"
2020-09-29,GOOGL,"72,86","73,16","72,27","72,76","31816000,0"
2020-09-29,ITUB4.SA,"15,78","16,13","15,7","16,13","29812310,0"
2020-09-29,MGLU3.SA,"198,23","201,34","196,15","198,37","4095225,0"
2020-09-29,MSFT,"199,05","201,75","198,62","201,06","24221900,0"
2020-09-29,PETR4.SA,"5,85","6,02","5,83","5,95","52878100,0"
2020-09-30,AAPL,"112,65","114,06","110,52","110,69","142675200,0"
2020-09-30,GOOGL,"72,84","73,87","72,35","72,61","40924000,0"
2020-09-30,ITUB4.SA,"15,85","15,98","15,75","15,9","24546390,0"
2020-09-30,MGLU3.SA,"202,13","203,71","197,69","199,66","5022776,0"
2020-09-30,MSFT,"202,0","203,59","198,36","199,5","33829100,0"
2020-09-30,PETR4.SA,"5,94","6,07","5,89","5,91","69505000,0"
2020-10-01,AAPL,"113,6","114,51","112,67","114,43","116120400,0"
2020-10-01,GOOGL,"73,95","74,31","73,4","73,74","32884000,0"
2020-10-01,ITUB4.SA,"15,87","15,93","15,63","15,89","22521510,0"
2020-10-01,MGLU3.SA,"208,25","208,25","202,15","202,45","4876730,0"
2020-10-01,MSFT,"204,05","205,52","202,95","205,04","27158400,0"
2020-10-01,PETR4.SA,"6,01","6,08","5,8","5,95","77537300,0"
2020-10-02,AAPL,"109,94","112,22","109,16","109,81","144712000,0"
2020-10-02,GOOGL,"72,35","73,51","71,94","72,55","31222000,0"
2020-10-02,ITUB4.SA,"15,92","16,43","15,74","15,76","39030200,0"
2020-10-02,MGLU3.SA,"199,52","207,98","198,5","206,32","6364344,0"
2020-10-02,MSFT,"198,03","202,64","197,4","199,76","33154800,0"
2020-10-02,PETR4.SA,"5,76","5,98","5,76","5,98","85306000,0"
2020-10-05,AAPL,"113,32","113,47","110,45","110,8","106243800,0"
2020-10-05,GOOGL,"73,7","73,79","72,57","72,7","21602000,0"
2020-10-05,ITUB4.SA,"16,09","16,22","15,74","16,01","25121250,0"
2020-10-05,MGLU3.SA,"204,26","205,53","200,0","201,63","5143419,0"
2020-10-05,MSFT,"202,05","202,08","198,78","199,01","21331600,0"
2020-10-05,PETR4.SA,"6,07","6,11","5,83","5,87","73288500,0"
2020-10-06,AAPL,"110,07","112,95","109,19","112,54","161498200,0"
2020-10-06,GOOGL,"72,12","73,78","71,82","73,34","26096000,0"
2020-10-06,ITUB4.SA,"16,12","16,48","16,0","16,27","23249490,0"
2020-10-06,MGLU3.SA,"202,36","206,66","201,36","206,21","4573605,0"
2020-10-06,MSFT,"197,76","201,86","196,71","200,55","28554300,0"
2020-10-06,PETR4.SA,"6,04","6,27","6,04","6,2","77064600,0"
2020-10-07,AAPL,"111,94","112,4","111,02","111,49","96849000,0"
2020-10-07,GOOGL,"72,52","73,01","71,23","72,53","36108000,0"
2020-10-07,ITUB4.SA,"16,0","16,21","15,91","16,16","25075710,0"
2020-10-07,MGLU3.SA,"201,54","205,69","201,45","203,26","4451252,0"
2020-10-07,MSFT,"201,52","201,79","198,53","198,86","25681100,0"
2020-10-07,PETR4.SA,"6,0","6,07","5,93","6,06","53521000,0"
2020-10-08,AAPL,"111,83","113,22","111,46","113,08","83477200,0"
2020-10-08,GOOGL,"73,73","73,96","72,84","72,84","26076000,0"
2020-10-08,ITUB4.SA,"16,96","17,11","15,93","16,01","69530340,0"
2020-10-08,MGLU3.SA,"208,18","208,47","201,9","203,49","4978941,0"
2020-10-08,MSFT,"202,24","202,83","200,07","202,17","19925800,0"
2020-10-08,PETR4.SA,"6,19","6,24","6,02","6,07","78070400,0"
2020-10-09,AAPL,"113,78","113,81","111,78","112,13","100506900,0"
2020-10-09,GOOGL,"75,07","75,14","73,91","74,2","32966000,0"
2020-10-09,ITUB4.SA,"16,91","17,34","16,62","16,84","53843460,0"
2020-10-09,MGLU3.SA,"222,41","222,41","207,57","208,25","9875472,0"
2020-10-09,MSFT,"207,26","207,31","202,87","202,87","26458000,0"
2020-10-09,PETR4.SA,"6,0","6,18","6,0","6,16","67962300,0"
2020-10-12,AAPL,"121,01","121,76","116,03","116,78","240226800,0"
2020-10-12,GOOGL,"77,76","78,95","76,01","76,44","55344000,0"
2020-10-12,MSFT,"212,63","215,0","208,22","210,13","40461400,0"
2020-10-13,AAPL,"117,8","121,97","116,39","121,85","262330500,0"
2020-10-13,GOOGL,"77,89","78,79","77,47","78,38","39072000,0"
2020-10-13,ITUB4.SA,"16,75","17,01","16,65","16,9","34113200,0"
2020-10-13,MGLU3.SA,"235,67","236,57","225,47","225,54","10126038,0"
2020-10-13,MSFT,"214,04","216,29","211,7","213,9","28950800,0"
2020-10-13,PETR4.SA,"6,1","6,1","5,98","6,03","55330600,0"
2020-10-14,AAPL,"117,88","119,67","116,36","117,7","150712000,0"
2020-10-14,GOOGL,"77,71","78,72","76,83","78,26","33174000,0"
2020-10-14,ITUB4.SA,"16,7","16,89","16,67","16,84","24257090,0"
2020-10-14,MGLU3.SA,"232,77","247,0","226,96","240,2","8937882,0"
2020-10-14,MSFT,"212,11","215,34","210,45","214,17","23421700,0"
2020-10-14,PETR4.SA,"6,05","6,17","6,05","6,09","44584300,0"
2020-10-15,AAPL,"117,42","117,89","114,93","115,48","112559200,0"
2020-10-15,GOOGL,"77,31","78,1","76,6","76,76","31210000,0"
2020-10-15,ITUB4.SA,"16,55","16,72","16,39","16,53","23985830,0"
2020-10-15,MGLU3.SA,"231,22","236,3","226,6","226,78","3715292,0"
2020-10-15,MSFT,"210,96","211,63","207,46","208,5","22733100,0"
2020-10-15,PETR4.SA,"5,98","5,99","5,89","5,94","56952100,0"
2020-10-16,AAPL,"115,77","118,23","115,57","117,97","115393800,0"
2020-10-16,GOOGL,"77,92","78,42","77,42","77,63","34194000,0"
2020-10-16,ITUB4.SA,"16,29","16,53","16,27","16,5","23387320,0"
2020-10-16,MGLU3.SA,"233,85","236,12","228,05","233,49","3493241,0"
2020-10-16,MSFT,"210,96","213,49","210,64","211,43","26057900,0"
2020-10-16,PETR4.SA,"5,86","5,97","5,85","5,96","49929000,0"
2020-10-19,AAPL,"112,82","117,13","112,5","116,69","120639300,0"
2020-10-19,GOOGL,"76,04","78,72","75,69","78,33","29734000,0"
2020-10-19,ITUB4.SA,"16,46","16,88","16,17","16,38","42108660,0"
2020-10-19,MGLU3.SA,"232,86","238,38","229,77","236,66","3895294,0"
2020-10-19,MSFT,"205,74","213,5","205,26","211,69","27625800,0"
2020-10-19,PETR4.SA,"5,91","6,04","5,83","5,88","107419300,0"
2020-10-20,AAPL,"114,3","115,73","112,48","113,03","124423700,0"
2020-10-20,GOOGL,"77,09","78,22","75,57","75,7","41670000,0"
2020-10-20,ITUB4.SA,"17,12","17,2","16,56","16,58","50297390,0"
2020-10-20,MGLU3.SA,"236,03","236,93","232,49","233,85","2971026,0"
2020-10-20,MSFT,"206,15","208,76","204,65","207,25","22753500,0"
2020-10-20,PETR4.SA,"6,11","6,14","5,94","5,96","68407700,0"
2020-10-21,AAPL,"113,68","115,47","113,27","113,49","89946000,0"
2020-10-21,GOOGL,"78,83","80,28","77,89","78,02","60322000,0"
2020-10-21,ITUB4.SA,"17,27","17,58","16,96","17,1","41952240,0"
2020-10-21,MGLU3.SA,"237,66","242,92","235,3","235,67","3788401,0"
2020-10-21,MSFT,"206,29","208,33","204,68","204,68","22724900,0"
2020-10-21,PETR4.SA,"6,11","6,16","6,01","6,11","60594900,0"
2020-10-22,AAPL,"112,59","114,82","111,46","114,25","101988000,0"
2020-10-22,GOOGL,"79,85","80,19","78,4","78,78","30512000,0"
2020-10-22,ITUB4.SA,"18,16","18,27","17,3","17,32","73102480,0"
2020-10-22,MGLU3.SA,"236,57","239,29","235,67","238,84","2469424,0"
2020-10-22,MSFT,"206,38","207,5","203,32","205,46","22351500,0"
2020-10-22,PETR4.SA,"6,31","6,31","6,07","6,09","98926900,0"
2020-10-23,AAPL,"111,9","113,37","111,16","113,21","82572600,0"
2020-10-23,GOOGL,"81,16","81,22","80,12","80,27","30548000,0"
2020-10-23,ITUB4.SA,"17,93","18,53","17,91","18,25","55603020,0"
2020-10-23,MGLU3.SA,"234,94","237,57","232,49","236,57","2559959,0"
2020-10-23,MSFT,"207,67","207,72","204,72","206,52","18879600,0"
2020-10-23,PETR4.SA,"6,23","6,4","6,22","6,34","61711200,0"
2020-10-26,AAPL,"111,91","113,37","109,8","110,9","111850700,0"
2020-10-26,GOOGL,"78,74","80,99","77,92","80,27","35826000,0"
2020-10-26,ITUB4.SA,"18,06","18,22","17,73","17,83","35346410,0"
2020-10-26,MGLU3.SA,"230,86","236,57","227,6","233,85","2756415,0"
2020-10-26,MSFT,"201,76","207,77","199,86","205,38","37111600,0"
2020-10-26,PETR4.SA,"6,14","6,22","6,07","6,16","58229100,0"
2020-10-27,AAPL,"113,42","114,08","111,42","112,34","92276800,0"
2020-10-27,GOOGL,"79,47","79,62","78,38","78,97","25902000,0"
2020-10-27,ITUB4.SA,"17,54","18,44","17,4","18,39","52008110,0"
2020-10-27,MGLU3.SA,"230,68","233,4","227,69","231,41","2212860,0"
2020-10-27,MSFT,"204,81","206,17","202,0","203,21","36700300,0"
2020-10-27,PETR4.SA,"6,02","6,17","6,0","6,14","48978400,0"
2020-10-28,AAPL,"108,17","112,28","108,07","111,91","143937800,0"
2020-10-28,GOOGL,"75,09","77,23","74,97","77,04","45174000,0"
2020-10-28,ITUB4.SA,"16,76","17,21","16,72","17,09","42517860,0"
2020-10-28,MGLU3.SA,"223,25","228,78","221,16","224,79","3850732,0"
2020-10-28,MSFT,"194,65","200,57","194,1","199,45","51195600,0"
2020-10-28,PETR4.SA,"5,66","5,89","5,66","5,86","79247400,0"
2020-10-29,AAPL,"112,17","113,74","109,14","109,3","146129200,0"
2020-10-29,GOOGL,"77,38","78,96","75,38","75,4","55406000,0"
2020-10-29,ITUB4.SA,"16,84","16,94","16,24","16,62","47258750,0"
2020-10-29,MGLU3.SA,"229,86","231,86","216,45","221,16","4047081,0"
2020-10-29,MSFT,"196,61","199,15","195,32","195,99","31432600,0"
2020-10-29,PETR4.SA,"5,84","5,87","5,37","5,58","86794800,0"
2020-10-30,AAPL,"105,89","108,93","104,78","108,03","190272600,0"
2020-10-30,GOOGL,"80,32","83,56","79,6","82,87","99878000,0"
2020-10-30,ITUB4.SA,"16,55","16,86","16,37","16,67","43109000,0"
2020-10-30,MGLU3.SA,"223,25","229,32","218,99","227,96","3327009,0"
2020-10-30,MSFT,"194,45","196,2","191,72","195,44","36953700,0"
2020-10-30,PETR4.SA,"5,74","5,92","5,72","5,8","64185100,0"
2020-11-02,AAPL,"105,8","107,66","104,39","106,13","122866900,0"
2020-11-02,GOOGL,"80,73","82,42","80,23","80,69","44228000,0"
2020-11-02,MSFT,"194,32","197,15","192,2","196,2","30842200,0"
2020-11-03,AAPL,"107,43","108,45","105,76","106,67","107624400,0"
2020-11-03,GOOGL,"81,79","82,46","80,12","81,05","31432000,0"
2020-11-03,ITUB4.SA,"16,95","17,15","16,72","16,85","41184330,0"
2020-11-03,MGLU3.SA,"226,51","230,14","224,34","229,14","2699622,0"
2020-11-03,MSFT,"198,26","199,88","195,08","195,82","27512000,0"
2020-11-03,PETR4.SA,"5,95","6,03","5,86","5,91","66292400,0"
2020-11-04,AAPL,"111,81","112,44","109,28","111,03","138235500,0"
2020-11-04,GOOGL,"86,77","87,97","84,64","84,77","71342000,0"
2020-11-04,ITUB4.SA,"17,63","18,15","17,54","17,98","106693510,0"
2020-11-04,MGLU3.SA,"237,39","241,38","229,96","230,23","5472791,0"
2020-11-04,MSFT,"207,82","209,67","204,01","205,55","42311800,0"
2020-11-04,PETR4.SA,"5,97","6,08","5,84","6,06","65777600,0"
2020-11-05,AAPL,"115,78","116,36","113,68","114,73","126387100,0"
2020-11-05,GOOGL,"87,6","89,06","86,53","87,99","39758000,0"
2020-11-05,ITUB4.SA,"18,05","18,29","17,92","17,99","48548280,0"
2020-11-05,MGLU3.SA,"248,81","251,07","242,37","243,64","4959001,0"
2020-11-05,MSFT,"214,45","215,25","212,39","213,25","36080100,0"
2020-11-05,PETR4.SA,"6,03","6,06","5,97","6,04","40874800,0"
2020-11-06,AAPL,"115,65","116,15","113,16","115,29","114457900,0"
2020-11-06,GOOGL,"87,46","87,9","86,32","87,04","28622000,0"
2020-11-06,ITUB4.SA,"18,02","18,21","17,81","17,88","35009700,0"
2020-11-06,MGLU3.SA,"247,72","247,99","240,29","244,73","3559678,0"
2020-11-06,MSFT,"214,86","215,48","209,4","213,46","25231900,0"
2020-11-06,PETR4.SA,"5,98","6,04","5,92","5,92","37273300,0"
2020-11-09,AAPL,"113,34","118,87","113,08","117,41","154515300,0"
2020-11-09,GOOGL,"87,55","90,3","87,35","89,26","53440000,0"
2020-11-09,ITUB4.SA,"19,48","19,76","18,86","18,86","110123310,0"
2020-11-09,MGLU3.SA,"239,74","256,6","238,84","255,15","7672394,0"
2020-11-09,MSFT,"209,74","219,09","209,25","215,55","44395000,0"
2020-11-09,PETR4.SA,"6,55","6,87","6,37","6,4","164904100,0"
2020-11-10,AAPL,"113,0","114,58","111,21","112,59","138023400,0"
2020-11-10,GOOGL,"86,37","87,44","85,29","85,97","43022000,0"
2020-11-10,ITUB4.SA,"20,37","20,56","19,5","19,5","93661590,0"
2020-11-10,MGLU3.SA,"228,6","245,82","228,23","235,76","8452756,0"
2020-11-10,MSFT,"202,65","207,93","201,42","206,01","44045100,0"
2020-11-10,PETR4.SA,"6,99","7,01","6,61","6,63","163732600,0"
2020-11-11,AAPL,"116,43","116,57","113,46","114,19","112295000,0"
2020-11-11,GOOGL,"86,84","87,62","86,63","86,9","31838000,0"
2020-11-11,ITUB4.SA,"20,2","20,45","19,89","20,28","67672220,0"
2020-11-11,MGLU3.SA,"231,86","237,57","229,14","230,23","5470974,0"
2020-11-11,MSFT,"207,97","209,41","203,8","203,98","29440800,0"
2020-11-11,PETR4.SA,"6,93","7,08","6,79","7,07","93072900,0"
2020-11-12,AAPL,"116,16","117,44","115,53","116,56","103162300,0"
2020-11-12,GOOGL,"86,62","87,72","86,38","86,58","26474000,0"
2020-11-12,ITUB4.SA,"19,7","20,34","19,46","20,04","50679860,0"
2020-11-12,MGLU3.SA,"230,95","235,21","225,79","231,41","3615754,0"
2020-11-12,MSFT,"206,91","210,43","205,97","208,61","21593900,0"
2020-11-12,PETR4.SA,"6,64","6,91","6,6","6,89","77275000,0"
2020-11-13,AAPL,"116,21","116,61","114,85","116,38","81581900,0"
2020-11-13,GOOGL,"88,08","88,33","86,28","86,88","29744000,0"
2020-11-13,ITUB4.SA,"20,08","20,17","19,74","19,86","40532580,0"
2020-11-13,MGLU3.SA,"227,51","233,67","225,33","233,49","3802300,0"
2020-11-13,MSFT,"207,94","208,81","205,68","207,79","18621100,0"
2020-11-13,PETR4.SA,"6,86","6,91","6,63","6,67","66065200,0"
2020-11-16,AAPL,"117,22","117,89","115,12","115,88","91183000,0"
2020-11-16,GOOGL,"88,17","89,18","87,54","87,68","25468000,0"
2020-11-16,ITUB4.SA,"20,78","20,87","20,38","20,46","59407920,0"
2020-11-16,MGLU3.SA,"225,24","230,14","219,98","229,32","4421593,0"
2020-11-16,MSFT,"208,63","209,12","206,03","206,36","24953300,0"
2020-11-16,PETR4.SA,"7,06","7,16","7,01","7,03","101583300,0"
2020-11-17,AAPL,"116,33","117,58","115,91","116,49","74271000,0"
2020-11-17,GOOGL,"87,56","88,33","87,45","87,87","21314000,0"
2020-11-17,ITUB4.SA,"20,8","20,88","20,38","20,71","44658130,0"
2020-11-17,MGLU3.SA,"224,15","229,05","222,34","224,34","3411429,0"
2020-11-17,MSFT,"205,97","209,06","205,6","207,54","24154100,0"
2020-11-17,PETR4.SA,"7,18","7,31","6,96","6,98","94082100,0"
2020-11-18,AAPL,"115,01","116,75","114,98","115,57","76322100,0"
2020-11-18,GOOGL,"86,51","87,72","86,41","87,31","20108000,0"
2020-11-18,ITUB4.SA,"20,29","20,85","20,25","20,75","45480380,0"
2020-11-18,MGLU3.SA,"222,43","224,15","218,17","223,88","3370289,0"
2020-11-18,MSFT,"203,25","207,19","203,11","205,73","28372800,0"
2020-11-18,PETR4.SA,"7,13","7,31","7,13","7,27","68540400,0"
2020-11-19,AAPL,"115,6","116,01","113,82","114,58","74113000,0"
2020-11-19,GOOGL,"87,4","87,65","85,99","86,14","20106000,0"
2020-11-19,ITUB4.SA,"20,32","20,73","20,22","20,38","29302790,0"
2020-11-19,MGLU3.SA,"223,34","224,06","215,91","222,34","5350032,0"
2020-11-19,MSFT,"204,54","205,13","202,14","203,54","24792700,0"
2020-11-19,PETR4.SA,"7,22","7,25","7,08","7,13","65382100,0"
2020-11-20,AAPL,"114,34","115,73","114,29","115,6","73604300,0"
2020-11-20,GOOGL,"86,3","87,89","86,23","87,57","27694000,0"
2020-11-20,MSFT,"202,59","205,38","202,21","204,33","22843100,0"
2020-11-23,AAPL,"110,93","114,61","110,84","114,18","127959300,0"
2020-11-23,GOOGL,"85,86","86,78","85,0","86,49","22530000,0"
2020-11-23,ITUB4.SA,"20,38","20,6","20,26","20,34","30333380,0"
2020-11-23,MGLU3.SA,"212,28","220,89","210,47","220,26","6376372,0"
2020-11-23,MSFT,"202,32","204,42","200,44","203,13","25683500,0"
2020-11-23,PETR4.SA,"7,6","7,6","7,28","7,29","125649000,0"
2020-11-24,AAPL,"112,22","112,88","109,71","110,99","113874200,0"
2020-11-24,GOOGL,"87,67","87,8","85,52","85,86","27984000,0"
2020-11-24,ITUB4.SA,"20,95","21,28","20,52","20,52","52426000,0"
2020-11-24,MGLU3.SA,"214,82","217,27","207,57","211,83","6143875,0"
2020-11-24,MSFT,"205,93","206,3","201,11","201,82","33979700,0"
2020-11-24,PETR4.SA,"7,94","8,08","7,77","7,77","153293500,0"
2020-11-25,AAPL,"113,06","113,76","112,22","112,59","76499200,0"
2020-11-25,GOOGL,"87,68","87,99","86,9","87,86","19600000,0"
2020-11-25,ITUB4.SA,"20,7","21,01","20,4","20,89","46455420,0"
2020-11-25,MGLU3.SA,"217,54","220,35","213,19","214,55","4160571,0"
2020-11-25,MSFT,"205,94","207,31","204,58","207,13","21012900,0"
2020-11-25,PETR4.SA,"7,95","8,03","7,78","7,94","73971200,0"
2020-11-26,ITUB4.SA,"20,27","20,69","20,18","20,65","33750310,0"
2020-11-26,MGLU3.SA,"219,8","220,26","215,91","216,63","2470664,0"
2020-11-26,PETR4.SA,"7,82","7,86","7,74","7,86","41935900,0"
2020-11-27,AAPL,"113,6","114,48","113,24","113,59","46691300,0"
2020-11-27,GOOGL,"88,82","89,31","87,7","87,7","14790000,0"
2020-11-27,ITUB4.SA,"20,42","21,01","20,38","20,49","48559500,0"
2020-11-27,MGLU3.SA,"219,26","222,52","216,81","220,44","3862364,0"
2020-11-27,MSFT,"207,25","208,25","206,1","206,88","14512200,0"
2020-11-27,PETR4.SA,"7,73","7,9","7,71","7,85","49863500,0"
2020-11-30,AAPL,"116,0","117,87","113,82","113,98","169410200,0"
2020-11-30,GOOGL,"87,2","88,49","86,87","88,25","32418000,0"
2020-11-30,ITUB4.SA,"20,14","20,59","20,14","20,43","65878230,0"
2020-11-30,MGLU3.SA,"211,92","223,79","210,47","219,35","7175090,0"
2020-11-30,MSFT,"206,13","206,8","203,02","206,16","33064800,0"
2020-11-30,PETR4.SA,"7,54","7,84","7,53","7,65","90207700,0"
2020-12-01,AAPL,"119,58","120,31","116,94","117,91","127728200,0"
2020-12-01,GOOGL,"89,23","90,54","87,63","87,81","37350000,0"
2020-12-01,ITUB4.SA,"20,99","21,5","20,42","20,5","56501170,0"
2020-12-01,MGLU3.SA,"207,39","215,45","204,85","214,37","5268787,0"
2020-12-01,MSFT,"208,19","209,26","205,44","206,56","30904500,0"
2020-12-01,PETR4.SA,"7,76","7,81","7,66","7,7","58866000,0"
2020-12-02,AAPL,"119,93","120,21","117,79","118,9","89004200,0"
2020-12-02,GOOGL,"90,7","91,09","88,73","89,23","29424000,0"
2020-12-02,ITUB4.SA,"21,15","21,34","20,77","21,11","35375450,0"
2020-12-02,MGLU3.SA,"208,93","210,01","206,21","207,39","2734423,0"
2020-12-02,MSFT,"207,38","207,48","204,91","206,91","23724500,0"
2020-12-02,PETR4.SA,"7,85","8,03","7,67","7,76","88093300,0"
2020-12-03,AAPL,"119,79","120,61","119,08","120,36","78967600,0"
2020-12-03,GOOGL,"90,55","91,64","90,31","90,48","24728000,0"
2020-12-03,ITUB4.SA,"21,14","21,79","21,1","21,27","43876580,0"
2020-12-03,MGLU3.SA,"211,19","213,91","207,84","209,2","3547831,0"
2020-12-03,MSFT,"206,3","208,36","205,73","206,65","25120900,0"
2020-12-03,PETR4.SA,"8,07","8,15","7,89","7,92","62424500,0"
2020-12-04,AAPL,"119,12","119,71","118,41","119,46","78260400,0"
2020-12-04,GOOGL,"90,64","90,93","90,14","90,47","20544000,0"
2020-12-04,ITUB4.SA,"21,35","21,46","20,92","21,32","38606260,0"
2020-12-04,MGLU3.SA,"214,46","216,18","210,01","212,28","2431020,0"
2020-12-04,MSFT,"206,41","207,39","205,27","206,28","24666000,0"
2020-12-04,PETR4.SA,"8,34","8,35","8,2","8,24","61652400,0"
2020-12-07,AAPL,"120,58","121,38","119,12","119,18","86712000,0"
2020-12-07,GOOGL,"90,31","90,92","89,61","90,24","22288000,0"
2020-12-07,ITUB4.SA,"21,48","21,91","21,19","21,34","33729410,0"
2020-12-07,MGLU3.SA,"215,72","219,98","212,37","214,46","2627059,0"
2020-12-07,MSFT,"206,34","207,55","205,09","206,42","24620000,0"
2020-12-07,PETR4.SA,"8,18","8,42","8,08","8,26","72664200,0"
2020-12-08,AAPL,"121,2","121,78","119,94","121,19","82225500,0"
2020-12-08,GOOGL,"90,03","90,26","89,03","89,89","19936000,0"
2020-12-08,ITUB4.SA,"21,42","21,96","21,3","21,48","30617620,0"
2020-12-08,MGLU3.SA,"226,15","226,15","214,0","215,09","4500657,0"
2020-12-08,MSFT,"208,0","208,9","205,0","206,04","23284100,0"
2020-12-08,PETR4.SA,"8,08","8,22","8,02","8,12","46276700,0"
2020-12-09,AAPL,"118,66","122,73","117,9","121,34","115089200,0"
2020-12-09,GOOGL,"88,36","90,87","87,57","89,98","31728000,0"
2020-12-09,ITUB4.SA,"21,55","21,69","21,37","21,44","34741960,0"
2020-12-09,MGLU3.SA,"217,36","227,15","215,82","226,15","4402114,0"
2020-12-09,MSFT,"203,95","207,25","203,38","207,18","32440600,0"
2020-12-09,PETR4.SA,"8,16","8,17","8,0","8,07","52448300,0"
2020-12-10,AAPL,"120,08","120,7","117,07","117,41","81312200,0"
2020-12-10,GOOGL,"87,86","88,22","86,16","87,6","28688000,0"
2020-12-10,ITUB4.SA,"22,26","22,38","21,7","21,7","55520190,0"
2020-12-10,MGLU3.SA,"212,1","218,99","210,01","218,44","3600284,0"
2020-12-10,MSFT,"202,71","205,18","202,56","203,92","26733300,0"
2020-12-10,PETR4.SA,"8,43","8,54","8,22","8,24","97537100,0"
2020-12-11,AAPL,"119,28","119,62","117,46","119,3","86939800,0"
2020-12-11,GOOGL,"88,21","88,34","87,11","87,48","18628000,0"
2020-12-11,ITUB4.SA,"22,13","22,26","21,78","22,04","26405500,0"
2020-12-11,MGLU3.SA,"208,38","213,28","205,94","209,29","4078204,0"
2020-12-11,MSFT,"205,35","205,41","201,36","202,26","30979400,0"
2020-12-11,PETR4.SA,"8,35","8,43","8,26","8,33","48334300,0"
2020-12-14,AAPL,"118,66","120,19","118,43","119,46","79184500,0"
2020-12-14,GOOGL,"87,09","88,96","86,94","88,01","33050000,0"
2020-12-14,ITUB4.SA,"21,83","22,36","21,83","22,25","29425330,0"
2020-12-14,MGLU3.SA,"217,99","219,53","207,3","208,47","4629468,0"
2020-12-14,MSFT,"206,26","208,19","204,99","205,2","28798400,0"
2020-12-14,PETR4.SA,"8,37","8,56","8,37","8,49","53159500,0"
2020-12-15,AAPL,"124,61","124,63","120,95","121,16","157243700,0"
2020-12-15,GOOGL,"87,53","87,67","86,56","87,47","21352000,0"
2020-12-15,ITUB4.SA,"22,03","22,2","21,83","21,83","27559180,0"
2020-12-15,MGLU3.SA,"223,07","224,97","214,27","217,99","4222796,0"
2020-12-15,MSFT,"206,19","207,43","204,37","207,19","27000600,0"
2020-12-15,PETR4.SA,"8,44","8,48","8,37","8,37","47208200,0"
2020-12-16,AAPL,"124,54","125,08","123,32","124,15","98208600,0"
2020-12-16,GOOGL,"87,34","87,93","86,93","87,93","24676000,0"
2020-12-16,ITUB4.SA,"22,45","22,75","21,93","22,09","45328690,0"
2020-12-16,MGLU3.SA,"226,24","226,33","219,08","222,07","4416643,0"
2020-12-16,MSFT,"211,15","211,95","206,76","206,79","35023300,0"
2020-12-16,PETR4.SA,"8,54","8,56","8,32","8,44","59399200,0"
2020-12-17,AAPL,"125,4","126,26","124,76","125,6","94359800,0"
2020-12-17,GOOGL,"86,51","87,81","86,04","87,67","34880000,0"
2020-12-17,ITUB4.SA,"22,42","22,73","22,32","22,55","19647650,0"
2020-12-17,MGLU3.SA,"222,43","227,6","220,8","225,33","2504716,0"
2020-12-17,MSFT,"211,28","212,7","209,84","211,72","32515800,0"
2020-12-17,PETR4.SA,"8,56","8,6","8,5","8,57","39297700,0"
2020-12-18,AAPL,"123,42","125,79","122,89","125,66","192541500,0"
2020-12-18,GOOGL,"85,8","86,9","85,24","86,79","85256000,0"
2020-12-18,ITUB4.SA,"22,38","22,71","22,28","22,43","34885510,0"
2020-12-18,MGLU3.SA,"222,25","223,25","218,44","221,89","3316436,0"
2020-12-18,MSFT,"210,48","211,54","208,01","210,48","63354900,0"
2020-12-18,PETR4.SA,"8,51","8,58","8,49","8,51","44707900,0"
2020-12-21,AAPL,"124,95","125,02","120,29","121,82","121251600,0"
2020-12-21,GOOGL,"86,21","86,33","84,2","84,95","33974000,0"
2020-12-21,ITUB4.SA,"21,99","22,27","21,85","21,95","25809080,0"
2020-12-21,MGLU3.SA,"226,6","230,05","214,0","216,9","5579760,0"
2020-12-21,MSFT,"214,34","215,69","209,22","209,48","37181900,0"
2020-12-21,PETR4.SA,"8,19","8,33","8,03","8,24","99988800,0"
2020-12-22,AAPL,"128,5","130,97","126,33","128,24","168904800,0"
2020-12-22,GOOGL,"85,5","86,11","84,78","85,95","20370000,0"
2020-12-22,ITUB4.SA,"22,09","22,38","22,02","22,04","21624900,0"
2020-12-22,MGLU3.SA,"228,05","230,41","225,24","229,23","2698125,0"
2020-12-22,MSFT,"215,64","217,26","213,62","214,43","22612200,0"
2020-12-22,PETR4.SA,"8,26","8,32","8,2","8,24","46513200,0"
2020-12-23,AAPL,"127,61","129,04","127,43","128,78","88223700,0"
2020-12-23,GOOGL,"85,9","86,69","85,55","85,68","22974000,0"
2020-12-23,ITUB4.SA,"22,58","22,66","22,11","22,14","21955120,0"
2020-12-23,MGLU3.SA,"226,33","232,31","226,33","228,87","2198020,0"
2020-12-23,MSFT,"212,82","215,27","212,61","214,84","18699600,0"
2020-12-23,PETR4.SA,"8,47","8,56","8,29","8,31","49038900,0"
2020-12-24,AAPL,"128,59","130,04","127,74","127,96","54930100,0"
2020-12-24,GOOGL,"86,19","86,6","85,7","85,93","9312000,0"
2020-12-24,MSFT,"214,49","215,32","213,0","213,21","10550600,0"
2020-12-28,AAPL,"133,19","133,82","130,09","130,56","124486200,0"
2020-12-28,GOOGL,"88,17","88,82","86,57","86,73","27650000,0"
2020-12-28,ITUB4.SA,"22,74","22,93","22,63","22,78","16989060,0"
2020-12-28,MGLU3.SA,"228,87","229,59","221,16","224,61","2469637,0"
2020-12-28,MSFT,"216,62","217,65","214,75","216,13","17933500,0"
2020-12-28,PETR4.SA,"8,54","8,64","8,54","8,59","36313300,0"
2020-12-29,AAPL,"131,42","135,24","130,9","134,52","121047300,0"
2020-12-29,GOOGL,"87,36","88,89","87,23","88,83","19726000,0"
2020-12-29,ITUB4.SA,"22,69","22,9","22,57","22,81","18022620,0"
2020-12-29,MGLU3.SA,"229,14","231,68","226,78","228,69","1901983,0"
2020-12-29,MSFT,"215,84","218,76","215,29","217,92","17403200,0"
2020-12-29,PETR4.SA,"8,56","8,61","8,48","8,6","29891100,0"
2020-12-30,AAPL,"130,3","132,51","129,98","132,11","96452100,0"
2020-12-30,GOOGL,"86,29","87,86","85,88","87,72","21026000,0"
2020-12-30,ITUB4.SA,"22,36","22,86","22,36","22,76","28208840,0"
2020-12-30,MGLU3.SA,"226,38","232,83","226,38","230,19","2051557,0"
2020-12-30,MSFT,"213,46","217,26","213,26","216,88","20272300,0"
2020-12-30,PETR4.SA,"8,59","8,63","8,54","8,59","36968200,0"
2020-12-31,AAPL,"129,29","131,29","128,35","130,65","99116600,0"
2020-12-31,GOOGL,"87,11","87,35","86,29","86,35","21070000,0"
2020-12-31,MSFT,"214,17","214,73","211,53","213,48","20942100,0"
2021-01-04,AAPL,"126,1","130,19","123,51","130,1","143301900,0"
2021-01-04,GOOGL,"85,79","87,6","84,85","87,48","37324000,0"
2021-01-04,ITUB4.SA,"21,86","22,63","21,81","22,62","34482580,0"
2021-01-04,MGLU3.SA,"228,65","232,1","225,66","229,2","2748365,0"
2021-01-04,MSFT,"209,62","214,73","206,84","214,28","37130100,0"
2021-01-04,PETR4.SA,"8,76","8,84","8,64","8,68","74719700,0"
2021-01-05,AAPL,"127,66","128,37","125,14","125,59","97664900,0"
2021-01-05,GOOGL,"86,48","86,82","85,33","85,74","20360000,0"
2021-01-05,ITUB4.SA,"21,71","21,97","21,34","21,74","31074780,0"
2021-01-05,MGLU3.SA,"224,66","228,47","220,85","227,75","2719049,0"
2021-01-05,MSFT,"209,82","210,42","207,7","209,2","23823000,0"
2021-01-05,PETR4.SA,"9,1","9,14","8,56","8,76","95181100,0"
2021-01-06,AAPL,"123,36","127,69","123,14","124,45","155088000,0"
2021-01-06,GOOGL,"85,63","86,68","84,3","84,51","46588000,0"
2021-01-06,ITUB4.SA,"22,35","22,68","21,78","21,91","47368090,0"
2021-01-06,MGLU3.SA,"212,86","223,75","212,5","223,66","5538084,0"
2021-01-06,MSFT,"204,38","208,46","204,08","204,3","35930700,0"
2021-01-06,PETR4.SA,"9,12","9,36","9,1","9,14","96562500,0"
2021-01-07,AAPL,"127,57","128,26","124,59","125,07","109578200,0"
2021-01-07,GOOGL,"88,19","88,36","85,82","85,82","41936000,0"
2021-01-07,ITUB4.SA,"23,22","23,38","22,28","22,39","50742780,0"
2021-01-07,MGLU3.SA,"210,14","216,4","208,24","214,5","4506099,0"
2021-01-07,MSFT,"210,19","211,21","205,78","206,1","27694500,0"
2021-01-07,PETR4.SA,"9,39","9,44","9,19","9,19","56171300,0"
2021-01-08,AAPL,"128,67","129,23","126,9","129,04","105158200,0"
2021-01-08,GOOGL,"89,36","89,43","87,54","88,33","35484000,0"
2021-01-08,ITUB4.SA,"23,21","23,65","22,94","23,29","57785750,0"
2021-01-08,MGLU3.SA,"216,31","220,49","208,87","210,41","4702983,0"
2021-01-08,MSFT,"211,48","212,4","208,98","210,57","22956200,0"
2021-01-08,PETR4.SA,"9,43","9,62","9,19","9,53","67136300,0"
2021-01-11,AAPL,"125,68","126,84","125,21","125,88","100384500,0"
2021-01-11,GOOGL,"87,29","88,69","87,08","88,32","34796000,0"
2021-01-11,ITUB4.SA,"22,69","23,13","22,44","22,97","34720730,0"
2021-01-11,MGLU3.SA,"213,14","216,4","211,68","213,23","2849078,0"
2021-01-11,MSFT,"209,42","210,79","208,69","210,37","23031300,0"
2021-01-11,PETR4.SA,"9,35","9,41","9,21","9,27","48744700,0"
2021-01-12,AAPL,"125,5","126,37","123,61","125,21","91951100,0"
2021-01-12,GOOGL,"86,35","87,87","85,31","86,75","29528000,0"
2021-01-12,ITUB4.SA,"22,76","22,95","22,65","22,76","36398230,0"
2021-01-12,MGLU3.SA,"219,58","220,67","210,96","214,13","3746308,0"
2021-01-12,MSFT,"206,96","209,05","205,41","208,47","23249300,0"
2021-01-12,PETR4.SA,"9,28","9,56","9,28","9,43","65691900,0"
2021-01-13,AAPL,"127,54","128,08","125,2","125,46","88636800,0"
2021-01-13,GOOGL,"86,84","87,3","85,85","85,85","23432000,0"
2021-01-13,ITUB4.SA,"22,39","23,01","22,11","22,76","46994860,0"
2021-01-13,MGLU3.SA,"217,95","219,58","213,68","219,58","2738111,0"
2021-01-13,MSFT,"208,32","208,72","206,0","206,08","20087100,0"
2021-01-13,PETR4.SA,"8,83","9,35","8,79","9,29","93826600,0"
2021-01-14,AAPL,"125,61","127,65","125,46","127,45","90221800,0"
2021-01-14,GOOGL,"86,03","87,85","85,79","86,92","29212000,0"
2021-01-14,ITUB4.SA,"23,05","23,3","22,4","22,65","31044750,0"
2021-01-14,MGLU3.SA,"215,31","219,22","213,23","219,13","2731504,0"
2021-01-14,MSFT,"205,12","209,4","204,85","207,9","29480800,0"
2021-01-14,PETR4.SA,"8,92","8,99","8,7","8,84","50745400,0"
2021-01-15,AAPL,"123,88","126,89","123,75","125,48","111598500,0"
2021-01-15,GOOGL,"85,87","86,86","85,08","85,94","31444000,0"
2021-01-15,ITUB4.SA,"22,18","22,91","22,17","22,67","41532810,0"
2021-01-15,MGLU3.SA,"217,4","218,76","211,87","215,31","3502649,0"
2021-01-15,MSFT,"204,76","206,56","204,17","205,6","31746500,0"
2021-01-15,PETR4.SA,"8,52","8,81","8,49","8,8","80673300,0"
2021-01-18,ITUB4.SA,"22,07","22,58","22,03","22,39","20815080,0"
2021-01-18,MGLU3.SA,"221,85","223,66","216,95","218,22","2593456,0"
2021-01-18,PETR4.SA,"8,5","8,74","8,49","8,58","68855700,0"
2021-01-19,AAPL,"124,56","125,41","123,69","124,51","90757300,0"
2021-01-19,GOOGL,"88,69","89,65","86,12","86,63","41660000,0"
2021-01-19,ITUB4.SA,"21,81","22,36","21,61","22,27","29926600,0"
2021-01-19,MGLU3.SA,"218,49","226,38","216,13","222,66","2247949,0"
2021-01-19,MSFT,"208,41","208,93","204,74","205,82","30480900,0"
2021-01-19,PETR4.SA,"8,69","8,74","8,37","8,63","61656000,0"
2021-01-20,AAPL,"128,65","129,1","125,26","125,37","104319500,0"
2021-01-20,GOOGL,"93,44","94,42","90,43","90,77","64152000,0"
2021-01-20,ITUB4.SA,"21,45","22,0","21,3","21,96","31891750,0"
2021-01-20,MGLU3.SA,"230,65","231,65","218,85","219,4","5141462,0"
2021-01-20,MSFT,"216,02","217,42","209,23","209,63","37777300,0"
2021-01-20,PETR4.SA,"8,55","8,82","8,52","8,77","60306200,0"
2021-01-21,AAPL,"133,37","136,09","130,17","130,37","120150900,0"
2021-01-21,GOOGL,"93,65","96,03","93,41","94,12","58634000,0"
2021-01-21,ITUB4.SA,"21,16","21,54","20,97","21,45","38138760,0"
2021-01-21,MGLU3.SA,"231,28","232,74","225,48","230,47","3532350,0"
2021-01-21,MSFT,"216,63","217,91","214,17","216,37","30709400,0"
2021-01-21,PETR4.SA,"8,35","8,6","8,33","8,49","41284900,0"
2021-01-22,AAPL,"135,51","136,27","131,56","132,79","114459400,0"
2021-01-22,GOOGL,"94,06","94,65","93,27","94,01","32744000,0"
2021-01-22,ITUB4.SA,"20,7","20,84","20,5","20,69","40481760,0"
2021-01-22,MGLU3.SA,"235,82","238,63","227,75","228,02","4597789,0"
2021-01-22,MSFT,"217,57","221,54","217,43","218,66","30172700,0"
2021-01-22,PETR4.SA,"8,21","8,25","8,05","8,16","51181900,0"
2021-01-25,AAPL,"139,26","141,38","133,04","139,41","157611700,0"
2021-01-25,GOOGL,"94,15","95,52","92,4","95,07","50586000,0"
2021-01-25,MSFT,"221,02","221,26","215,91","220,62","33152100,0"
2021-01-26,AAPL,"139,49","140,61","137,75","139,92","98390600,0"
2021-01-26,GOOGL,"94,83","95,22","93,25","93,74","31462000,0"
2021-01-26,ITUB4.SA,"20,02","21,15","19,94","20,54","56092080,0"
2021-01-26,MGLU3.SA,"233,64","245,62","232,92","238,18","4754965,0"
2021-01-26,MSFT,"223,71","225,5","221,55","223,26","49169600,0"
2021-01-26,PETR4.SA,"8,18","8,47","8,13","8,26","64514600,0"
2021-01-27,AAPL,"138,42","140,61","136,81","139,76","140843800,0"
2021-01-27,GOOGL,"90,4","93,46","89,33","93,19","82512000,0"
2021-01-27,ITUB4.SA,"20,02","20,54","19,74","19,92","47267770,0"
2021-01-27,MGLU3.SA,"234,01","239,45","230,01","233,37","4804969,0"
2021-01-27,MSFT,"224,26","231,52","221,61","229,17","69870600,0"
2021-01-27,PETR4.SA,"8,3","8,53","8,04","8,12","68337800,0"
2021-01-28,AAPL,"133,58","138,35","133,2","135,95","142621100,0"
2021-01-28,GOOGL,"92,11","93,84","91,0","91,0","55278000,0"
2021-01-28,ITUB4.SA,"20,82","20,99","20,0","20,04","57231020,0"
2021-01-28,MGLU3.SA,"237,64","240,45","230,38","234,73","3508936,0"
2021-01-28,MSFT,"230,07","233,64","226,37","226,87","49111200,0"
2021-01-28,PETR4.SA,"8,41","8,62","8,27","8,28","67827000,0"
2021-01-29,AAPL,"128,58","133,24","126,88","132,35","177523800,0"
2021-01-29,GOOGL,"90,82","91,83","89,54","91,15","44530000,0"
2021-01-29,ITUB4.SA,"20,08","20,94","20,04","20,7","50940670,0"
2021-01-29,MGLU3.SA,"229,29","236,64","227,11","233,55","3864043,0"
2021-01-29,MSFT,"223,36","229,19","222,77","227,24","42503100,0"
2021-01-29,PETR4.SA,"8,09","8,39","8,09","8,34","67555300,0"
2021-02-01,AAPL,"130,71","131,91","127,58","130,33","106239800,0"
2021-02-01,GOOGL,"94,09","95,21","91,68","91,68","40252000,0"
2021-02-01,ITUB4.SA,"20,62","20,86","20,37","20,56","51004800,0"
2021-02-01,MGLU3.SA,"226,2","233,55","224,57","233,01","3129153,0"
2021-02-01,MSFT,"230,76","233,51","223,81","226,34","33314200,0"
2021-02-01,PETR4.SA,"8,34","8,39","8,13","8,26","44449500,0"
2021-02-02,AAPL,"131,53","132,82","131,16","132,25","83305400,0"
2021-02-02,GOOGL,"95,38","96,89","94,75","95,09","66332000,0"
2021-02-02,ITUB4.SA,"20,18","20,77","19,85","20,62","110360580,0"
2021-02-02,MGLU3.SA,"229,56","233,46","228,65","229,56","2946916,0"
2021-02-02,MSFT,"230,63","233,32","229,84","232,35","25916300,0"
2021-02-02,PETR4.SA,"8,68","8,83","8,54","8,6","91663000,0"
2021-02-03,AAPL,"130,51","132,29","130,19","132,28","89880900,0"
2021-02-03,GOOGL,"102,33","104,7","100,08","102,66","97882000,0"
2021-02-03,ITUB4.SA,"20,08","20,49","20,0","20,39","45582460,0"
2021-02-03,MGLU3.SA,"232,74","233,82","227,2","230,83","2241289,0"
2021-02-03,MSFT,"233,99","236,0","230,39","230,69","27158100,0"
2021-02-03,PETR4.SA,"8,77","8,83","8,68","8,78","47486800,0"
2021-02-04,AAPL,"133,87","133,88","131,14","132,81","84183100,0"
2021-02-04,GOOGL,"102,07","102,85","101,15","102,42","48596000,0"
2021-02-04,ITUB4.SA,"19,99","20,25","19,76","20,23","72000060,0"
2021-02-04,MGLU3.SA,"229,65","237,73","228,29","232,64","2106907,0"
2021-02-04,MSFT,"233,04","234,22","231,46","233,66","25296100,0"
2021-02-04,PETR4.SA,"8,73","8,78","8,55","8,73","41444100,0"
2021-02-05,AAPL,"133,46","134,1","132,58","134,03","75693800,0"
2021-02-05,GOOGL,"103,82","104,17","101,89","102,36","29866000,0"
2021-02-05,ITUB4.SA,"19,91","20,17","19,77","20,07","43223290,0"
2021-02-05,MGLU3.SA,"234,55","236,73","230,29","230,29","2664180,0"
2021-02-05,MSFT,"233,22","234,26","231,5","233,25","18054800,0"
2021-02-05,PETR4.SA,"8,74","9,12","8,58","8,78","121098700,0"
2021-02-08,AAPL,"133,6","133,65","131,66","132,75","71297200,0"
2021-02-08,GOOGL,"103,6","105,12","102,55","104,37","28828000,0"
2021-02-08,ITUB4.SA,"19,54","19,99","19,5","19,85","31831250,0"
2021-02-08,MGLU3.SA,"237,36","239,54","231,56","234,55","2755549,0"
2021-02-08,MSFT,"233,48","234,64","231,88","234,13","22211900,0"
2021-02-08,PETR4.SA,"8,52","8,88","8,42","8,64","98821700,0"
2021-02-09,AAPL,"132,73","134,55","132,57","133,32","76774200,0"
2021-02-09,GOOGL,"103,15","104,3","102,88","103,12","21892000,0"
2021-02-09,ITUB4.SA,"19,77","20,14","19,3","19,49","41532370,0"
2021-02-09,MGLU3.SA,"238,09","239,99","235,0","237,36","2068600,0"
2021-02-09,MSFT,"234,73","235,68","232,43","232,9","23565000,0"
2021-02-09,PETR4.SA,"8,34","8,6","8,3","8,5","63662200,0"
2021-02-10,AAPL,"132,12","133,68","131,15","133,18","73046600,0"
2021-02-10,GOOGL,"103,7","104,32","102,0","103,54","25102000,0"
2021-02-10,ITUB4.SA,"19,63","19,98","19,41","19,78","31528310,0"
2021-02-10,MGLU3.SA,"229,56","237,0","227,84","236,82","4280562,0"
2021-02-10,MSFT,"233,82","236,8","231,96","235,91","22186700,0"
2021-02-10,PETR4.SA,"8,42","8,5","8,22","8,4","52949900,0"
2021-02-11,AAPL,"131,87","133,1","130,54","132,62","64280000,0"
2021-02-11,GOOGL,"103,81","104,08","102,83","103,93","20480000,0"
2021-02-11,ITUB4.SA,"19,63","19,94","19,49","19,84","24641760,0"
2021-02-11,MGLU3.SA,"232,74","235,46","229,56","229,56","2199228,0"
2021-02-11,MSFT,"235,42","236,06","233,17","235,7","15751100,0"
2021-02-11,PETR4.SA,"8,51","8,63","8,44","8,53","61158600,0"
2021-02-12,AAPL,"132,1","132,26","130,46","131,11","60145100,0"
2021-02-12,GOOGL,"104,13","104,35","103,06","103,37","18990000,0"
2021-02-12,ITUB4.SA,"19,68","19,92","19,42","19,52","27352820,0"
2021-02-12,MGLU3.SA,"235,09","235,73","230,01","231,56","1617879,0"
2021-02-12,MSFT,"235,9","236,2","233,73","234,88","16561100,0"
2021-02-12,PETR4.SA,"8,62","8,63","8,36","8,43","47801100,0"
2021-02-16,AAPL,"129,97","132,73","129,58","132,22","80576300,0"
2021-02-16,GOOGL,"104,91","106,62","103,96","103,96","31004000,0"
2021-02-16,MSFT,"234,66","237,0","233,91","235,94","26728500,0"
2021-02-17,AAPL,"127,68","129,03","126,34","128,08","97918500,0"
2021-02-17,GOOGL,"105,3","105,49","103,8","104,07","20294000,0"
2021-02-17,ITUB4.SA,"19,93","20,05","19,59","19,71","27102570,0"
2021-02-17,MGLU3.SA,"231,37","237,82","231,01","233,37","2646517,0"
2021-02-17,MSFT,"235,69","235,79","232,54","232,91","21653500,0"
2021-02-17,PETR4.SA,"8,96","8,97","8,52","8,64","54973400,0"
2021-02-18,AAPL,"126,58","126,86","124,33","126,08","96856700,0"
2021-02-18,GOOGL,"104,66","105,47","104,04","104,62","22546000,0"
2021-02-18,ITUB4.SA,"19,79","20,2","19,71","19,79","54255080,0"
2021-02-18,MGLU3.SA,"227,2","232,19","225,02","231,37","2413903,0"
2021-02-18,MSFT,"235,29","235,43","232,46","233,37","16925600,0"
2021-02-18,PETR4.SA,"8,87","9,37","8,8","9,2","105539200,0"
2021-02-19,AAPL,"126,73","127,55","125,69","127,09","87668800,0"
2021-02-19,GOOGL,"103,82","105,3","103,55","104,76","37938000,0"
2021-02-19,ITUB4.SA,"19,58","19,99","19,38","19,77","29616620,0"
2021-02-19,MGLU3.SA,"226,29","230,38","219,49","226,11","4134634,0"
2021-02-19,MSFT,"232,57","235,36","231,81","235,25","25262600,0"
2021-02-19,PETR4.SA,"8,28","8,63","8,23","8,49","215834800,0"
2021-02-22,AAPL,"122,96","126,59","122,57","124,92","103916400,0"
2021-02-22,GOOGL,"102,1","103,4","101,79","102,07","29466000,0"
2021-02-22,ITUB4.SA,"18,16","18,86","18,1","18,82","95136580,0"
2021-02-22,MGLU3.SA,"220,03","222,48","214,68","219,85","4427602,0"
2021-02-22,MSFT,"226,33","229,63","224,3","229,14","36446900,0"
2021-02-22,PETR4.SA,"6,57","7,03","6,48","6,91","490230400,0"
2021-02-23,AAPL,"122,82","123,65","115,53","120,77","158273000,0"
2021-02-23,GOOGL,"102,39","103,01","98,92","100,1","34658000,0"
2021-02-23,ITUB4.SA,"19,32","19,45","18,33","18,37","84110620,0"
2021-02-23,MGLU3.SA,"225,57","227,56","216,4","220,49","4692462,0"
2021-02-23,MSFT,"225,14","226,64","220,76","222,3","30228700,0"
2021-02-23,PETR4.SA,"7,29","7,35","6,88","6,98","293503100,0"
2021-02-24,AAPL,"122,32","122,53","119,28","121,92","111039900,0"
2021-02-24,GOOGL,"103,57","103,79","100,77","100,9","22608000,0"
2021-02-24,ITUB4.SA,"19,03","19,51","18,86","19,45","39210270,0"
2021-02-24,MGLU3.SA,"223,57","227,75","219,58","226,2","3999793,0"
2021-02-24,MSFT,"226,37","227,0","221,02","221,99","26339700,0"
2021-02-24,PETR4.SA,"7,39","7,57","7,27","7,44","155246400,0"
2021-02-25,AAPL,"118,07","123,41","117,63","121,67","148199500,0"
2021-02-25,GOOGL,"100,2","103,53","99,73","102,18","41548000,0"
2021-02-25,ITUB4.SA,"18,44","19,18","18,42","19,07","45070960,0"
2021-02-25,MGLU3.SA,"218,22","227,02","216,04","223,12","6197845,0"
2021-02-25,MSFT,"221,01","226,41","219,93","223,99","39542200,0"
2021-02-25,PETR4.SA,"7,03","7,65","7,0","7,57","170233000,0"
2021-02-26,AAPL,"118,33","121,84","118,27","119,63","164560400,0"
2021-02-26,GOOGL,"100,49","102,21","99,45","100,89","40042000,0"
2021-02-26,ITUB4.SA,"18,22","18,81","18,19","18,68","53127470,0"
2021-02-26,MGLU3.SA,"219,4","226,47","217,58","218,49","4884952,0"
2021-02-26,MSFT,"224,28","227,16","221,54","223,46","37819200,0"
2021-02-26,PETR4.SA,"6,74","7,1","6,66","7,03","159881000,0"
2021-03-01,AAPL,"124,7","124,84","119,82","120,76","116307900,0"
2021-03-01,GOOGL,"102,87","103,19","101,11","101,79","26060000,0"
2021-03-01,ITUB4.SA,"17,67","18,53","17,67","18,48","49640250,0"
2021-03-01,MGLU3.SA,"222,75","226,84","219,31","222,85","2366155,0"
2021-03-01,MSFT,"228,68","229,19","225,02","227,68","25324000,0"
2021-03-01,PETR4.SA,"6,67","6,98","6,64","6,91","90330100,0"
2021-03-02,AAPL,"122,1","125,61","121,99","125,31","102260900,0"
2021-03-02,GOOGL,"102,61","104,11","102,22","102,63","25564000,0"
2021-03-02,ITUB4.SA,"18,38","18,78","17,06","17,36","73130970,0"
2021-03-02,MGLU3.SA,"220,21","223,21","214,04","220,4","3779591,0"
2021-03-02,MSFT,"225,72","229,03","225,31","228,75","22812500,0"
2021-03-02,PETR4.SA,"6,66","6,77","6,26","6,62","147772300,0"
2021-03-03,AAPL,"119,11","122,67","118,9","121,8","112966300,0"
2021-03-03,GOOGL,"99,97","103,18","99,11","101,99","33892000,0"
2021-03-03,ITUB4.SA,"18,43","18,75","17,71","18,38","67705440,0"
2021-03-03,MGLU3.SA,"227,93","229,38","213,23","222,57","5045880,0"
2021-03-03,MSFT,"219,63","225,44","219,34","224,07","34029500,0"
2021-03-03,PETR4.SA,"6,42","6,63","6,2","6,6","185688500,0"
2021-03-04,AAPL,"117,23","120,62","115,76","118,81","178155000,0"
2021-03-04,GOOGL,"101,09","103,11","99,67","100,14","49216000,0"
2021-03-04,ITUB4.SA,"19,0","19,33","18,5","18,56","72309930,0"
2021-03-04,MGLU3.SA,"230,83","233,19","225,75","227,84","4334148,0"
2021-03-04,MSFT,"218,82","224,38","216,44","218,83","44727800,0"
2021-03-04,PETR4.SA,"6,73","6,79","6,4","6,45","127843200,0"
2021-03-05,AAPL,"118,49","119,0","114,73","118,06","153766600,0"
2021-03-05,GOOGL,"104,23","104,68","100,78","102,44","53100000,0"
2021-03-05,ITUB4.SA,"19,71","19,85","18,92","19,07","85427100,0"
2021-03-05,MGLU3.SA,"228,02","229,92","222,85","228,56","4917283,0"
2021-03-05,MSFT,"223,52","225,14","218,56","221,52","41872800,0"
2021-03-05,PETR4.SA,"6,78","7,03","6,75","6,8","126306300,0"
2021-03-08,AAPL,"113,55","118,08","113,4","118,01","154376600,0"
2021-03-08,GOOGL,"99,78","105,06","99,66","103,58","36868000,0"
2021-03-08,ITUB4.SA,"19,08","19,96","18,95","19,19","62856530,0"
2021-03-08,MGLU3.SA,"209,6","224,75","209,6","224,02","8864036,0"
2021-03-08,MSFT,"219,46","225,23","219,21","223,3","35267400,0"
2021-03-08,PETR4.SA,"6,39","6,75","6,35","6,65","141142800,0"
2021-03-09,AAPL,"118,17","119,11","115,92","116,16","129525800,0"
2021-03-09,GOOGL,"101,41","102,58","101,17","101,88","33920000,0"
2021-03-09,ITUB4.SA,"19,35","19,66","18,8","18,99","41239880,0"
2021-03-09,MGLU3.SA,"212,23","217,49","211,5","213,68","7892105,0"
2021-03-09,MSFT,"225,63","227,17","223,59","224,76","33080500,0"
2021-03-09,PETR4.SA,"6,54","6,65","6,32","6,47","122648000,0"
2021-03-10,AAPL,"117,08","119,22","116,57","118,75","111943300,0"
2021-03-10,GOOGL,"101,2","102,46","100,36","102,46","27100000,0"
2021-03-10,ITUB4.SA,"19,49","19,61","18,98","19,34","41088080,0"
2021-03-10,MGLU3.SA,"225,93","227,65","212,96","215,5","4477040,0"
2021-03-10,MSFT,"224,32","228,74","223,95","228,74","29746800,0"
2021-03-10,PETR4.SA,"6,77","6,77","6,54","6,65","111744100,0"
2021-03-11,AAPL,"119,01","120,23","118,33","119,58","103026500,0"
2021-03-11,GOOGL,"104,4","104,93","102,21","102,3","27702000,0"
2021-03-11,ITUB4.SA,"19,52","19,89","19,25","19,69","37994330,0"
2021-03-11,MGLU3.SA,"225,02","227,56","221,94","227,47","3276738,0"
2021-03-11,MSFT,"228,86","230,83","226,14","226,77","29907600,0"
2021-03-11,PETR4.SA,"7,06","7,12","6,85","6,85","130577500,0"
2021-03-12,AAPL,"118,11","118,24","116,28","117,49","88105100,0"
2021-03-12,GOOGL,"101,89","103,26","101,02","103,2","33818000,0"
2021-03-12,ITUB4.SA,"19,39","19,62","19,3","19,37","27023920,0"
2021-03-12,MGLU3.SA,"222,94","225,93","220,21","223,21","2626610,0"
2021-03-12,MSFT,"227,53","227,6","225,1","225,85","22653700,0"
2021-03-12,PETR4.SA,"7,02","7,08","6,93","7,01","68123200,0"
2021-03-15,AAPL,"121,0","121,01","117,51","118,48","92403800,0"
2021-03-15,GOOGL,"102,11","102,14","100,79","101,64","26168000,0"
2021-03-15,ITUB4.SA,"19,62","19,68","19,25","19,37","30899660,0"
2021-03-15,MGLU3.SA,"215,22","224,66","213,68","220,94","8244870,0"
2021-03-15,MSFT,"226,62","226,99","223,73","226,77","26034900,0"
2021-03-15,PETR4.SA,"7,17","7,17","7,0","7,0","68295000,0"
2021-03-16,AAPL,"122,54","124,15","121,71","122,66","115227900,0"
2021-03-16,GOOGL,"103,57","105,05","102,35","102,68","31900000,0"
2021-03-16,ITUB4.SA,"19,22","19,65","18,98","19,62","24072950,0"
2021-03-16,MGLU3.SA,"219,13","221,3","214,13","216,13","4086041,0"
2021-03-16,MSFT,"229,42","231,69","227,71","228,04","28092200,0"
2021-03-16,PETR4.SA,"7,05","7,17","7,04","7,16","43407900,0"
2021-03-17,AAPL,"121,75","122,82","119,39","121,05","111932600,0"
2021-03-17,GOOGL,"103,49","104,32","101,6","102,81","26382000,0"
2021-03-17,ITUB4.SA,"19,97","20,01","19,1","19,16","39583720,0"
2021-03-17,MGLU3.SA,"217,22","218,22","212,41","216,49","4016985,0"
2021-03-17,MSFT,"228,78","230,23","225,1","227,92","29562100,0"
2021-03-17,PETR4.SA,"7,3","7,31","7,0","7,01","77966400,0"
2021-03-18,AAPL,"117,62","120,21","117,41","119,91","121229700,0"
2021-03-18,GOOGL,"100,46","102,82","100,36","101,8","31700000,0"
2021-03-18,ITUB4.SA,"20,08","20,49","19,86","19,92","50388140,0"
2021-03-18,MGLU3.SA,"202,16","216,4","200,25","215,59","5808376,0"
2021-03-18,MSFT,"222,68","226,02","222,3","224,45","34833000,0"
2021-03-18,PETR4.SA,"7,04","7,24","6,99","7,23","77198900,0"
2021-03-19,AAPL,"117,09","118,5","116,79","117,0","185549500,0"
2021-03-19,GOOGL,"100,74","101,24","99,55","100,88","46072000,0"
2021-03-19,ITUB4.SA,"20,12","20,39","19,8","20,15","52034840,0"
2021-03-19,MGLU3.SA,"202,25","205,51","199,89","203,97","6818166,0"
2021-03-19,MSFT,"222,32","224,36","221,35","222,97","46430700,0"
2021-03-19,PETR4.SA,"7,27","7,28","7,02","7,05","90244500,0"
2021-03-22,AAPL,"120,41","120,88","117,36","117,42","111912300,0"
2021-03-22,GOOGL,"100,93","101,81","100,1","100,78","33536000,0"
2021-03-22,ITUB4.SA,"20,24","20,25","19,62","19,97","39365590,0"
2021-03-22,MGLU3.SA,"198,8","206,24","194,63","203,25","4948395,0"
2021-03-22,MSFT,"227,76","228,64","222,12","222,24","30127000,0"
2021-03-22,PETR4.SA,"7,13","7,2","7,04","7,18","44129300,0"
2021-03-23,AAPL,"119,58","121,24","119,19","120,35","95467100,0"
2021-03-23,GOOGL,"101,46","102,59","100,8","101,39","28510000,0"
2021-03-23,ITUB4.SA,"19,72","20,34","19,72","19,97","34882980,0"
2021-03-23,MGLU3.SA,"195,17","199,89","193,72","197,8","3311411,0"
2021-03-23,MSFT,"229,3","232,65","228,8","229,21","31638400,0"
2021-03-23,PETR4.SA,"6,91","7,16","6,91","7,02","57124700,0"
2021-03-24,AAPL,"117,19","119,93","117,17","119,85","88530500,0"
2021-03-24,GOOGL,"101,02","102,76","100,85","101,98","25218000,0"
2021-03-24,ITUB4.SA,"19,38","19,83","19,38","19,72","44135080,0"
2021-03-24,MGLU3.SA,"184,83","195,17","183,38","194,9","6398974,0"
2021-03-24,MSFT,"227,25","229,7","227,12","229,56","25620100,0"
2021-03-24,PETR4.SA,"6,91","7,13","6,91","7,03","63338300,0"
2021-03-25,AAPL,"117,68","118,72","116,13","116,65","98844700,0"
2021-03-25,GOOGL,"101,02","101,67","99,21","100,85","35616000,0"
2021-03-25,ITUB4.SA,"19,72","19,75","19,17","19,26","57258410,0"
2021-03-25,MGLU3.SA,"184,19","190,27","181,2","181,92","5247875,0"
2021-03-25,MSFT,"224,24","228,68","223,5","227,1","34061900,0"
2021-03-25,PETR4.SA,"7,03","7,06","6,71","6,88","79214500,0"
2021-03-26,AAPL,"118,28","118,55","116,05","117,44","94071200,0"
2021-03-26,GOOGL,"100,63","101,36","99,6","100,98","27978000,0"
2021-03-26,ITUB4.SA,"20,06","20,09","19,65","19,67","36025110,0"
2021-03-26,MGLU3.SA,"181,29","187,82","178,75","185,1","5399715,0"
2021-03-26,MSFT,"228,23","228,46","223,48","223,48","25479900,0"
2021-03-26,PETR4.SA,"7,11","7,23","7,0","7,11","60918600,0"
2021-03-29,AAPL,"118,46","119,62","117,81","118,71","80819200,0"
2021-03-29,GOOGL,"101,68","101,85","99,67","100,51","26492000,0"
2021-03-29,ITUB4.SA,"20,05","20,16","19,72","20,1","25215410,0"
2021-03-29,MGLU3.SA,"178,29","181,92","176,03","180,84","4435054,0"
2021-03-29,MSFT,"227,04","228,54","223,8","228,34","25227500,0"
2021-03-29,PETR4.SA,"7,22","7,22","7,05","7,07","50099700,0"
2021-03-30,AAPL,"117,0","117,49","115,99","117,21","85671900,0"
2021-03-30,GOOGL,"101,71","102,52","101,2","102,04","27312000,0"
2021-03-30,ITUB4.SA,"20,38","20,4","19,89","19,9","26232140,0"
2021-03-30,MGLU3.SA,"182,01","184,37","176,21","176,84","3877504,0"
2021-03-30,MSFT,"223,77","225,7","223,04","225,39","24792000,0"
2021-03-30,PETR4.SA,"7,22","7,27","7,14","7,16","41959100,0"
2021-03-31,AAPL,"119,2","120,54","118,22","118,71","118323800,0"
2021-03-31,GOOGL,"102,51","103,69","101,74","102,11","42570000,0"
2021-03-31,ITUB4.SA,"19,99","20,35","19,78","20,23","32316680,0"
2021-03-31,MGLU3.SA,"183,65","185,64","178,48","182,92","3889328,0"
2021-03-31,MSFT,"227,55","230,76","224,29","224,79","43623500,0"
2021-03-31,PETR4.SA,"7,3","7,34","7,2","7,21","68609400,0"
2021-04-01,AAPL,"120,03","121,18","119,53","120,67","75089100,0"
2021-04-01,GOOGL,"105,85","106,15","103,95","103,99","39880000,0"
2021-04-01,ITUB4.SA,"19,38","20,11","19,38","20,11","35020590,0"
2021-04-01,MGLU3.SA,"185,46","190,73","181,92","184,01","4611913,0"
2021-04-01,MSFT,"233,9","234,37","229,75","230,16","30338000,0"
2021-04-01,PETR4.SA,"7,24","7,39","7,2","7,36","47232900,0"
2021-04-05,AAPL,"122,86","123,11","120,1","120,88","88651200,0"
2021-04-05,GOOGL,"110,29","110,79","106,62","106,72","48510000,0"
2021-04-05,ITUB4.SA,"19,63","19,73","19,39","19,56","26394500,0"
2021-04-05,MGLU3.SA,"185,28","188,09","180,84","186,91","2917643,0"
2021-04-05,MSFT,"240,39","241,24","234,24","234,3","36910600,0"
2021-04-05,PETR4.SA,"7,28","7,33","7,17","7,31","40454400,0"
2021-04-06,AAPL,"123,16","124,06","122,62","123,45","80171300,0"
2021-04-06,GOOGL,"109,8","110,74","109,43","109,89","35240000,0"
2021-04-06,ITUB4.SA,"19,4","19,76","19,27","19,66","25484800,0"
2021-04-06,MGLU3.SA,"186,91","188,0","182,01","184,56","2837649,0"
2021-04-06,MSFT,"239,22","240,7","238,27","238,98","22931900,0"
2021-04-06,PETR4.SA,"7,28","7,38","7,24","7,33","45934300,0"
2021-04-07,AAPL,"124,81","124,83","122,12","122,79","83466700,0"
2021-04-07,GOOGL,"111,28","111,56","110,0","110,0","24134000,0"
2021-04-07,ITUB4.SA,"19,23","19,56","19,06","19,32","34412510,0"
2021-04-07,MGLU3.SA,"183,1","186,28","181,74","186,01","2711661,0"
2021-04-07,MSFT,"241,19","242,18","238,57","239,17","22719800,0"
2021-04-07,PETR4.SA,"7,27","7,37","7,25","7,25","55892200,0"
2021-04-08,AAPL,"127,21","127,24","125,42","125,84","88844600,0"
2021-04-08,GOOGL,"111,85","112,91","111,48","112,53","28664000,0"
2021-04-08,ITUB4.SA,"19,08","19,38","19,07","19,31","29317970,0"
2021-04-08,MGLU3.SA,"198,26","198,71","183,38","183,56","6038767,0"
2021-04-08,MSFT,"244,42","245,28","243,21","243,96","23625200,0"
2021-04-08,PETR4.SA,"7,18","7,28","7,08","7,27","63231300,0"
2021-04-09,AAPL,"129,79","129,83","126,34","126,67","106686700,0"
2021-04-09,GOOGL,"112,86","113,02","111,2","111,6","26146000,0"
2021-04-09,ITUB4.SA,"19,05","19,3","18,95","18,97","22554950,0"
2021-04-09,MGLU3.SA,"196,62","199,8","195,99","196,44","3828013,0"
2021-04-09,MSFT,"246,93","247,06","243,64","244,05","24326800,0"
2021-04-09,PETR4.SA,"7,17","7,2","7,08","7,12","47494400,0"
2021-04-12,AAPL,"128,07","129,64","127,48","129,32","91420000,0"
2021-04-12,GOOGL,"111,56","112,17","110,73","112,03","25024000,0"
2021-04-12,ITUB4.SA,"19,52","19,52","19,14","19,16","27294740,0"
2021-04-12,MGLU3.SA,"196,44","198,98","196,08","197,62","2224621,0"
2021-04-12,MSFT,"246,99","248,69","245,74","245,83","27148700,0"
2021-04-12,PETR4.SA,"7,24","7,38","7,2","7,26","50592900,0"
2021-04-13,AAPL,"131,18","131,41","128,74","129,24","91266500,0"
2021-04-13,GOOGL,"112,05","112,5","111,48","111,88","25682000,0"
2021-04-13,ITUB4.SA,"19,51","19,62","19,22","19,43","29628390,0"
2021-04-13,MGLU3.SA,"201,43","202,25","194,9","197,08","3100895,0"
2021-04-13,MSFT,"249,48","250,15","247,88","248,29","23837500,0"
2021-04-13,PETR4.SA,"7,26","7,3","7,18","7,27","53612300,0"
2021-04-14,AAPL,"128,84","131,74","128,48","131,68","87222800,0"
2021-04-14,GOOGL,"111,43","112,7","111,13","112,7","21002000,0"
2021-04-14,ITUB4.SA,"19,76","20,09","19,34","19,56","44639430,0"
2021-04-14,MGLU3.SA,"200,71","202,79","198,44","202,79","2593445,0"
2021-04-14,MSFT,"246,68","249,81","246,26","248,5","23070900,0"
2021-04-14,PETR4.SA,"7,38","7,45","7,27","7,33","90836500,0"
2021-04-15,AAPL,"131,25","131,74","130,41","130,59","89347100,0"
2021-04-15,GOOGL,"113,58","114,12","111,89","112,42","29174000,0"
2021-04-15,ITUB4.SA,"19,76","20,08","19,59","19,78","32908700,0"
2021-04-15,MGLU3.SA,"201,43","204,34","200,52","201,61","1972879,0"
2021-04-15,MSFT,"250,45","250,87","248,74","248,94","25627500,0"
2021-04-15,PETR4.SA,"7,23","7,46","7,21","7,42","64193600,0"
2021-04-16,AAPL,"130,92","131,42","130,06","131,06","84922400,0"
2021-04-16,GOOGL,"113,46","114,03","112,87","113,78","26282000,0"
2021-04-16,ITUB4.SA,"19,99","20,09","19,66","19,66","22149600,0"
2021-04-16,MGLU3.SA,"198,89","201,89","197,44","201,34","2123725,0"
2021-04-16,MSFT,"251,65","251,9","248,62","250,42","24878600,0"
2021-04-16,PETR4.SA,"7,19","7,28","7,14","7,24","59567300,0"
2021-04-19,AAPL,"131,58","132,2","130,12","130,29","94264200,0"
2021-04-19,GOOGL,"113,81","114,52","112,83","112,83","30290000,0"
2021-04-19,ITUB4.SA,"19,69","19,99","19,63","19,94","29671290,0"
2021-04-19,MGLU3.SA,"196,44","200,98","195,44","198,8","2363246,0"
2021-04-19,MSFT,"249,72","252,36","248,83","251,12","23209300,0"
2021-04-19,PETR4.SA,"7,6","7,79","7,13","7,19","196519100,0"
2021-04-20,AAPL,"129,9","132,26","128,63","131,76","94812300,0"
2021-04-20,GOOGL,"113,27","114,26","112,18","114,19","22288000,0"
2021-04-20,ITUB4.SA,"19,59","19,86","19,5","19,6","21771750,0"
2021-04-20,MGLU3.SA,"195,99","197,8","194,35","196,35","2194663,0"
2021-04-20,MSFT,"249,26","251,13","247,88","248,83","19722900,0"
2021-04-20,PETR4.SA,"7,46","7,7","7,44","7,62","94965400,0"
2021-04-21,AAPL,"130,28","130,52","128,13","129,16","68847100,0"
2021-04-21,GOOGL,"113,24","113,32","111,57","112,93","23204000,0"
2021-04-21,MSFT,"251,49","251,59","248,28","249,91","24030400,0"
2021-04-22,AAPL,"128,75","130,91","128,24","129,83","84566500,0"
2021-04-22,GOOGL,"111,95","113,76","111,35","113,09","24146000,0"
2021-04-22,ITUB4.SA,"19,59","19,82","19,47","19,69","26642880,0"
2021-04-22,MGLU3.SA,"191,9","198,26","191,54","196,99","2419248,0"
2021-04-22,MSFT,"248,2","252,65","246,73","251,14","25606200,0"
2021-04-22,PETR4.SA,"7,43","7,58","7,41","7,56","46600100,0"
2021-04-23,AAPL,"131,08","131,86","128,97","128,97","78657500,0"
2021-04-23,GOOGL,"114,31","114,62","112,39","112,67","29066000,0"
2021-04-23,ITUB4.SA,"19,69","19,95","19,59","19,63","18892390,0"
2021-04-23,MGLU3.SA,"197,17","197,17","191,72","192,9","2765300,0"
2021-04-23,MSFT,"252,04","252,39","248,3","248,89","21462600,0"
2021-04-23,PETR4.SA,"7,42","7,5","7,36","7,48","60341000,0"
2021-04-26,AAPL,"131,47","131,8","130,33","131,57","66905100,0"
2021-04-26,GOOGL,"114,81","115,53","114,18","114,54","32038000,0"
2021-04-26,ITUB4.SA,"19,67","19,91","19,51","19,79","22486200,0"
2021-04-26,MGLU3.SA,"196,99","197,89","195,08","196,08","2098750,0"
2021-04-26,MSFT,"252,43","253,29","251,1","252,54","19763300,0"
2021-04-26,PETR4.SA,"7,45","7,53","7,39","7,47","33281000,0"
2021-04-27,AAPL,"131,14","132,14","130,87","131,75","66015800,0"
2021-04-27,GOOGL,"113,87","115,23","113,63","115,19","44386000,0"
2021-04-27,ITUB4.SA,"19,37","19,84","19,32","19,64","32684960,0"
2021-04-27,MGLU3.SA,"190,09","196,44","189,91","195,99","1702181,0"
2021-04-27,MSFT,"252,84","254,01","251,05","252,46","31014200,0"
2021-04-27,PETR4.SA,"7,23","7,57","7,23","7,46","76684900,0"
2021-04-28,AAPL,"130,35","131,76","129,87","131,07","107760100,0"
2021-04-28,GOOGL,"117,25","120,84","116,96","118,91","81106000,0"
2021-04-28,ITUB4.SA,"20,21","20,28","19,66","19,72","41264960,0"
2021-04-28,MGLU3.SA,"187,37","191,45","186,73","190,0","3051233,0"
2021-04-28,MSFT,"245,68","247,6","244,13","247,15","46903100,0"
2021-04-28,PETR4.SA,"7,5","7,54","7,32","7,33","66374200,0"
2021-04-29,AAPL,"130,26","133,76","129,25","133,17","151101000,0"
2021-04-29,GOOGL,"118,92","119,49","117,98","118,75","41234000,0"
2021-04-29,ITUB4.SA,"19,58","20,31","19,54","20,19","36862210,0"
2021-04-29,MGLU3.SA,"183,83","187,55","180,65","187,19","3677295,0"
2021-04-29,MSFT,"243,71","247,17","240,32","246,55","40589000,0"
2021-04-29,PETR4.SA,"7,4","7,61","7,33","7,55","49775900,0"
2021-04-30,AAPL,"128,29","130,33","127,9","128,6","109839500,0"
2021-04-30,GOOGL,"116,97","118,38","116,63","117,7","44856000,0"
2021-04-30,ITUB4.SA,"19,73","19,77","19,31","19,48","46793120,0"
2021-04-30,MGLU3.SA,"181,74","185,01","180,29","182,38","3146163,0"
2021-04-30,MSFT,"243,39","244,26","240,9","241,03","30945100,0"
2021-04-30,PETR4.SA,"7,4","7,49","7,29","7,33","61039200,0"
2021-05-03,AAPL,"129,34","130,83","128,65","128,85","75135100,0"
2021-05-03,GOOGL,"116,46","118,37","116,08","117,54","28242000,0"
2021-05-03,ITUB4.SA,"20,0","20,21","19,77","19,86","45609740,0"
2021-05-03,MGLU3.SA,"183,1","183,74","180,56","182,47","1903202,0"
2021-05-03,MSFT,"243,08","245,48","242,36","244,56","19626600,0"
2021-05-03,PETR4.SA,"7,34","7,46","7,3","7,45","49039900,0"
2021-05-04,AAPL,"124,76","128,31","123,64","128,02","137564700,0"
2021-05-04,GOOGL,"114,65","115,56","112,16","114,99","44818000,0"
2021-05-04,ITUB4.SA,"19,15","20,33","19,11","20,15","86902310,0"
2021-05-04,MGLU3.SA,"179,2","183,56","178,2","183,1","2080382,0"
2021-05-04,MSFT,"239,15","242,45","237,19","242,22","32756100,0"
2021-05-04,PETR4.SA,"7,17","7,4","7,17","7,37","44765000,0"
2021-05-05,AAPL,"125,01","127,3","124,88","126,08","84000900,0"
2021-05-05,GOOGL,"115,05","116,05","114,73","115,74","26636000,0"
2021-05-05,ITUB4.SA,"19,69","19,82","19,01","19,29","55200640,0"
2021-05-05,MGLU3.SA,"180,56","182,29","178,57","180,11","1607508,0"
2021-05-05,MSFT,"237,88","240,8","237,25","240,38","21901300,0"
2021-05-05,PETR4.SA,"7,46","7,5","7,24","7,26","75611900,0"
2021-05-06,AAPL,"126,61","126,62","124,06","124,8","78128300,0"
2021-05-06,GOOGL,"116,17","116,17","113,97","114,63","25190000,0"
2021-05-06,ITUB4.SA,"19,57","19,8","19,42","19,62","26229720,0"
2021-05-06,MGLU3.SA,"176,57","181,02","175,12","180,11","2893416,0"
2021-05-06,MSFT,"241,02","241,15","236,16","237,86","26491100,0"
2021-05-06,PETR4.SA,"7,36","7,47","7,33","7,43","54091600,0"
2021-05-07,AAPL,"127,28","128,31","126,57","127,91","78973300,0"
2021-05-07,GOOGL,"116,9","117,86","116,61","117,49","28898000,0"
2021-05-07,ITUB4.SA,"19,81","19,86","19,53","19,65","29374180,0"
2021-05-07,MGLU3.SA,"180,47","180,56","175,39","177,66","2521758,0"
2021-05-07,MSFT,"243,66","245,43","242,41","243,36","27032900,0"
2021-05-07,PETR4.SA,"7,63","7,66","7,35","7,4","74118200,0"
2021-05-10,AAPL,"124,0","126,63","123,96","126,5","88071200,0"
2021-05-10,GOOGL,"113,9","115,86","113,55","115,71","30914000,0"
2021-05-10,ITUB4.SA,"20,1","20,25","19,73","19,84","31587490,0"
2021-05-10,MGLU3.SA,"174,21","181,29","172,85","180,47","2372377,0"
2021-05-10,MSFT,"238,56","242,95","238,5","242,12","29299900,0"
2021-05-10,PETR4.SA,"7,74","7,82","7,7","7,77","73804500,0"
2021-05-11,AAPL,"123,08","123,43","120,01","120,72","126142800,0"
2021-05-11,GOOGL,"112,83","113,33","111,03","111,48","34186000,0"
2021-05-11,ITUB4.SA,"20,06","20,19","19,87","19,89","27799640,0"
2021-05-11,MGLU3.SA,"175,3","175,94","169,31","172,4","2851933,0"
2021-05-11,MSFT,"237,64","238,0","234,11","236,02","33641600,0"
2021-05-11,PETR4.SA,"7,88","7,88","7,62","7,65","73729900,0"
2021-05-12,AAPL,"120,01","121,84","119,5","120,62","112172300,0"
2021-05-12,GOOGL,"109,36","111,73","109,03","110,65","46376000,0"
2021-05-12,ITUB4.SA,"19,77","19,93","19,63","19,86","25338280,0"
2021-05-12,MGLU3.SA,"168,68","173,76","167,86","172,4","2341457,0"
2021-05-12,MSFT,"230,67","235,86","229,77","233,73","36684400,0"
2021-05-12,PETR4.SA,"7,76","7,99","7,73","7,81","89980700,0"
2021-05-13,AAPL,"122,16","123,31","121,47","121,78","105861300,0"
2021-05-13,GOOGL,"110,79","111,3","109,68","110,64","33204000,0"
2021-05-13,ITUB4.SA,"20,34","20,48","19,77","19,79","46954820,0"
2021-05-13,MGLU3.SA,"173,58","174,67","169,95","170,67","2119245,0"
2021-05-13,MSFT,"234,56","237,04","233,0","233,37","29624300,0"
2021-05-13,PETR4.SA,"7,83","7,86","7,65","7,75","77282100,0"
2021-05-14,AAPL,"124,58","125,01","123,02","123,41","81918000,0"
2021-05-14,GOOGL,"113,24","113,55","111,83","112,25","31996000,0"
2021-05-14,ITUB4.SA,"20,79","20,92","20,32","20,55","49100810,0"
2021-05-14,MGLU3.SA,"173,76","179,11","172,12","177,84","2889952,0"
2021-05-14,MSFT,"239,5","240,49","236,93","237,02","23901100,0"
2021-05-14,PETR4.SA,"8,24","8,26","8,0","8,08","196135500,0"
2021-05-17,AAPL,"123,43","124,08","122,35","123,97","74244600,0"
2021-05-17,GOOGL,"113,76","113,81","112,1","112,5","21598000,0"
2021-05-17,ITUB4.SA,"20,78","20,81","20,34","20,7","40898660,0"
2021-05-17,MGLU3.SA,"171,13","174,39","169,95","173,49","1685107,0"
2021-05-17,MSFT,"236,63","237,99","235,03","237,95","24970200,0"
2021-05-17,PETR4.SA,"8,35","8,35","8,2","8,24","83512600,0"
2021-05-18,AAPL,"122,04","124,13","121,97","123,71","63342900,0"
2021-05-18,GOOGL,"112,45","114,7","112,44","114,43","22204000,0"
2021-05-18,ITUB4.SA,"20,73","20,97","20,56","20,65","29083780,0"
2021-05-18,MGLU3.SA,"172,12","176,12","170,31","170,85","1936763,0"
2021-05-18,MSFT,"234,6","237,82","234,43","237,68","20168000,0"
2021-05-18,PETR4.SA,"8,25","8,39","8,23","8,36","63510600,0"
2021-05-19,AAPL,"121,89","122,11","120,1","120,39","92612000,0"
2021-05-19,GOOGL,"112,9","113,07","110,61","110,76","23684000,0"
2021-05-19,ITUB4.SA,"20,88","20,96","20,22","20,45","29107650,0"
2021-05-19,MGLU3.SA,"169,49","173,49","168,22","170,22","1804370,0"
2021-05-19,MSFT,"235,19","235,29","230,81","231,5","25739800,0"
2021-05-19,PETR4.SA,"8,19","8,25","8,08","8,1","84700500,0"
2021-05-20,AAPL,"124,45","124,85","122,29","122,41","76857100,0"
2021-05-20,GOOGL,"114,66","114,91","113,5","113,87","32352000,0"
2021-05-20,ITUB4.SA,"21,0","21,31","20,83","20,93","35322540,0"
2021-05-20,MGLU3.SA,"170,04","171,31","168,77","169,49","1187300,0"
2021-05-20,MSFT,"238,44","239,86","235,9","236,0","21800700,0"
2021-05-20,PETR4.SA,"8,12","8,23","8,05","8,19","71371100,0"
2021-05-21,AAPL,"122,61","125,12","122,39","124,95","79295400,0"
2021-05-21,GOOGL,"114,02","115,25","113,78","115,18","40632000,0"
2021-05-21,ITUB4.SA,"21,1","21,14","20,75","21,03","30711670,0"
2021-05-21,MGLU3.SA,"168,13","170,4","165,59","170,13","2448212,0"
2021-05-21,MSFT,"237,17","240,23","236,75","239,49","21863100,0"
2021-05-21,PETR4.SA,"8,13","8,24","8,12","8,17","82884500,0"
2021-05-24,AAPL,"124,24","125,06","123,11","123,18","63092900,0"
2021-05-24,GOOGL,"117,35","117,57","114,91","115,05","31832000,0"
2021-05-24,ITUB4.SA,"21,04","21,22","20,93","21,16","27601090,0"
2021-05-24,MGLU3.SA,"181,47","182,01","167,95","168,31","4701550,0"
2021-05-24,MSFT,"242,6","242,96","239,43","239,7","21411500,0"
2021-05-24,PETR4.SA,"8,26","8,31","8,14","8,23","63029600,0"
2021-05-25,AAPL,"124,05","125,43","123,48","124,95","72009500,0"
2021-05-25,GOOGL,"117,44","118,49","117,05","117,89","22440000,0"
2021-05-25,ITUB4.SA,"20,83","21,1","20,67","21,06","37014010,0"
2021-05-25,MGLU3.SA,"181,65","187,46","181,65","183,28","3614012,0"
2021-05-25,MSFT,"243,5","244,5","242,63","243,55","17704300,0"
2021-05-25,PETR4.SA,"8,09","8,34","8,07","8,29","63672000,0"
2021-05-26,AAPL,"124,0","124,52","123,58","124,1","56575900,0"
2021-05-26,GOOGL,"118,31","118,74","117,62","117,62","21572000,0"
2021-05-26,ITUB4.SA,"21,11","21,23","20,88","20,88","23099670,0"
2021-05-26,MGLU3.SA,"178,48","185,01","178,29","184,74","2089769,0"
2021-05-26,MSFT,"243,28","244,68","242,57","243,22","17771600,0"
2021-05-26,PETR4.SA,"8,17","8,2","8,03","8,11","46646900,0"
2021-05-27,AAPL,"122,46","124,77","122,27","123,6","94625600,0"
2021-05-27,GOOGL,"117,43","118,74","117,11","118,74","35224000,0"
2021-05-27,ITUB4.SA,"20,93","21,18","20,73","21,11","65846440,0"
2021-05-27,MGLU3.SA,"177,75","180,02","176,66","179,11","2442962,0"
2021-05-27,MSFT,"241,17","243,27","241,12","242,97","24426200,0"
2021-05-27,PETR4.SA,"8,11","8,22","8,07","8,17","48877800,0"
2021-05-28,AAPL,"121,81","122,97","121,75","122,75","71311100,0"
2021-05-28,GOOGL,"117,14","118,1","116,94","118,01","21482000,0"
2021-05-28,ITUB4.SA,"21,28","21,36","20,83","20,87","29115460,0"
2021-05-28,MGLU3.SA,"183,74","185,28","178,02","178,75","2078863,0"
2021-05-28,MSFT,"241,53","243,85","241,41","242,81","18270200,0"
2021-05-28,PETR4.SA,"8,45","8,46","8,19","8,2","129526400,0"
2021-05-31,ITUB4.SA,"21,21","21,49","21,11","21,31","17052090,0"
2021-05-31,MGLU3.SA,"182,92","185,1","181,29","183,83","1339878,0"
2021-05-31,PETR4.SA,"8,41","8,52","8,39","8,44","46298900,0"
2021-06-01,AAPL,"121,48","122,53","121,15","122,27","67637100,0"
2021-06-01,GOOGL,"118,35","118,57","117,01","118,01","23354000,0"
2021-06-01,ITUB4.SA,"21,99","21,99","21,41","21,44","47481720,0"
2021-06-01,MGLU3.SA,"184,65","187,37","183,38","183,83","1924136,0"
2021-06-01,MSFT,"239,33","243,09","238,9","243,03","23213300,0"
2021-06-01,PETR4.SA,"8,55","8,67","8,46","8,58","90744900,0"
2021-06-02,AAPL,"122,25","122,42","121,26","121,48","59278900,0"
2021-06-02,GOOGL,"117,82","118,97","116,92","118,75","21158000,0"
2021-06-02,ITUB4.SA,"22,72","22,84","22,01","22,02","62312800,0"
2021-06-02,MGLU3.SA,"186,01","192,9","183,74","185,19","2929094,0"
2021-06-02,MSFT,"239,23","241,13","237,82","240,03","19406700,0"
2021-06-02,PETR4.SA,"8,73","8,79","8,54","8,56","103985100,0"
2021-06-03,AAPL,"120,76","122,04","120,36","121,88","76229200,0"
2021-06-03,GOOGL,"116,68","117,15","115,78","116,59","18696000,0"
2021-06-03,MSFT,"237,69","238,3","235,07","237,22","25307700,0"
2021-06-04,AAPL,"123,06","123,32","121,06","121,28","75169300,0"
2021-06-04,GOOGL,"118,97","119,24","117,42","117,76","24458000,0"
2021-06-04,ITUB4.SA,"23,19","23,26","22,59","22,68","40515310,0"
2021-06-04,MGLU3.SA,"189,18","191,0","186,1","187,0","1914289,0"
2021-06-04,MSFT,"242,6","243,44","239,43","239,67","25281100,0"
2021-06-04,PETR4.SA,"8,93","8,96","8,74","8,79","102757300,0"
2021-06-07,AAPL,"123,07","123,48","122,02","123,33","71057600,0"
2021-06-07,GOOGL,"119,4","119,51","118,34","118,76","24120000,0"
2021-06-07,ITUB4.SA,"23,74","23,84","22,9","23,19","65543500,0"
2021-06-07,MGLU3.SA,"188,73","190,45","186,64","190,0","1453561,0"
2021-06-07,MSFT,"245,53","245,8","241,66","241,82","23079200,0"
2021-06-07,PETR4.SA,"8,86","8,94","8,77","8,93","74548900,0"
2021-06-08,AAPL,"123,89","125,57","123,37","123,75","74403800,0"
2021-06-08,GOOGL,"119,21","120,25","119,03","119,88","24240000,0"
2021-06-08,ITUB4.SA,"23,57","23,82","23,18","23,58","79384030,0"
2021-06-08,MGLU3.SA,"191,0","194,45","189,18","191,36","3750328,0"
2021-06-08,MSFT,"244,33","247,65","244,27","246,83","22455000,0"
2021-06-08,PETR4.SA,"8,98","9,02","8,76","8,82","88398600,0"
2021-06-09,AAPL,"124,27","124,88","123,67","124,35","56877900,0"
2021-06-09,GOOGL,"119,68","119,92","119,13","119,85","17942000,0"
2021-06-09,ITUB4.SA,"23,9","24,57","23,29","23,47","98590030,0"
2021-06-09,MGLU3.SA,"183,92","191,36","183,47","191,0","2869809,0"
2021-06-09,MSFT,"245,31","247,19","244,95","245,53","17937600,0"
2021-06-09,PETR4.SA,"8,98","9,11","8,93","8,99","60724200,0"
2021-06-10,AAPL,"123,27","125,31","123,11","124,16","71186400,0"
2021-06-10,GOOGL,"121,03","121,07","119,47","119,63","25904000,0"
2021-06-10,ITUB4.SA,"23,81","24,34","23,65","24,14","54934880,0"
2021-06-10,MGLU3.SA,"184,01","185,01","180,84","184,56","1673036,0"
2021-06-10,MSFT,"248,84","249,06","245,39","245,99","24563600,0"
2021-06-10,PETR4.SA,"8,98","9,09","8,95","9,03","35871000,0"
2021-06-11,AAPL,"124,49","124,57","123,26","123,68","53522400,0"
2021-06-11,GOOGL,"120,79","121,36","120,23","121,27","21958000,0"
2021-06-11,ITUB4.SA,"23,53","23,82","23,25","23,74","25439150,0"
2021-06-11,MGLU3.SA,"184,92","185,83","181,38","184,01","1211303,0"
2021-06-11,MSFT,"249,47","250,05","248,23","249,57","18999700,0"
2021-06-11,PETR4.SA,"8,95","9,03","8,85","9,02","54894400,0"
2021-06-14,AAPL,"127,55","127,6","124,21","124,95","96906500,0"
2021-06-14,GOOGL,"121,72","121,72","120,18","120,89","22098000,0"
2021-06-14,ITUB4.SA,"23,45","23,75","23,25","23,67","26122030,0"
2021-06-14,MGLU3.SA,"186,82","188,09","184,92","185,46","1773739,0"
2021-06-14,MSFT,"251,41","251,47","248,42","249,48","19150500,0"
2021-06-14,PETR4.SA,"9,0","9,19","8,96","9,05","64286600,0"
2021-06-15,AAPL,"126,72","127,66","126,48","127,02","62746300,0"
2021-06-15,GOOGL,"120,7","122,04","120,33","121,72","21562000,0"
2021-06-15,ITUB4.SA,"23,45","23,59","23,2","23,54","19374410,0"
2021-06-15,MGLU3.SA,"189,55","192,18","185,83","186,55","2423033,0"
2021-06-15,MSFT,"249,93","251,5","249,27","251,29","18038900,0"
2021-06-15,PETR4.SA,"9,09","9,1","8,97","9,07","42597100,0"
2021-06-16,AAPL,"127,22","127,95","125,57","127,44","91815000,0"
2021-06-16,GOOGL,"120,05","121,16","118,76","120,85","26472000,0"
2021-06-16,ITUB4.SA,"23,92","24,15","23,32","23,48","73654350,0"
2021-06-16,MGLU3.SA,"184,28","190,54","182,01","190,09","3119680,0"
2021-06-16,MSFT,"248,98","252,08","246,12","250,93","27220000,0"
2021-06-16,PETR4.SA,"9,13","9,17","9,01","9,11","77432900,0"
2021-06-17,AAPL,"128,83","129,57","126,73","126,88","96721700,0"
2021-06-17,GOOGL,"121,02","121,79","119,78","119,98","25842000,0"
2021-06-17,ITUB4.SA,"23,64","24,67","23,61","24,18","54494110,0"
2021-06-17,MGLU3.SA,"193,36","193,9","182,2","184,19","3275605,0"
2021-06-17,MSFT,"252,38","253,21","247,65","247,71","27565500,0"
2021-06-17,PETR4.SA,"8,81","9,14","8,74","9,08","95264600,0"
2021-06-18,AAPL,"127,53","128,55","127,31","127,77","108953300,0"
2021-06-18,GOOGL,"119,39","120,88","119,3","120,64","46116000,0"
2021-06-18,ITUB4.SA,"23,21","23,69","23,05","23,53","45243770,0"
2021-06-18,MGLU3.SA,"191,18","195,17","190,73","193,36","3062320,0"
2021-06-18,MSFT,"250,96","253,74","250,31","251,16","37202200,0"
2021-06-18,PETR4.SA,"8,87","8,9","8,66","8,77","115250700,0"
2021-06-21,AAPL,"129,32","129,43","126,3","127,37","79663300,0"
2021-06-21,GOOGL,"121,09","121,27","119,18","119,78","27414000,0"
2021-06-21,ITUB4.SA,"23,32","23,52","23,03","23,15","30101390,0"
2021-06-21,MGLU3.SA,"192,99","193,45","189,45","192,09","1172492,0"
2021-06-21,MSFT,"254,06","254,92","249,5","251,34","26696100,0"
2021-06-21,PETR4.SA,"9,07","9,08","8,89","8,89","50709600,0"
2021-06-22,AAPL,"130,97","131,06","128,66","129,16","74783600,0"
2021-06-22,GOOGL,"121,6","121,67","120,34","121,02","22390000,0"
2021-06-22,ITUB4.SA,"23,01","23,32","22,86","23,16","44718850,0"
2021-06-22,MGLU3.SA,"190,27","193,63","187,46","193,54","1753318,0"
2021-06-22,MSFT,"256,84","257,12","253,84","254,15","24694100,0"
2021-06-22,PETR4.SA,"9,11","9,17","8,98","9,08","41602700,0"
2021-06-23,AAPL,"130,69","131,3","130,23","130,76","60214200,0"
2021-06-23,GOOGL,"121,4","122,36","121,11","121,37","19148000,0"
2021-06-23,ITUB4.SA,"22,85","23,44","22,74","23,03","31413910,0"
2021-06-23,MGLU3.SA,"186,73","192,54","186,1","190,09","1766501,0"
2021-06-23,MSFT,"256,61","258,12","255,8","257,31","19518700,0"
2021-06-23,PETR4.SA,"9,18","9,24","9,08","9,16","57278500,0"
2021-06-24,AAPL,"130,41","131,61","129,94","131,43","68711000,0"
2021-06-24,GOOGL,"121,77","122,32","121,57","121,97","21362000,0"
2021-06-24,ITUB4.SA,"22,86","23,14","22,62","23,11","26155250,0"
2021-06-24,MGLU3.SA,"196,44","197,17","187,82","188,73","3372031,0"
2021-06-24,MSFT,"257,99","259,11","256,81","257,47","21446900,0"
2021-06-24,PETR4.SA,"9,29","9,29","9,15","9,24","51447000,0"
2021-06-25,AAPL,"130,12","130,88","129,82","130,46","70783700,0"
2021-06-25,GOOGL,"121,78","121,9","120,84","121,27","34594000,0"
2021-06-25,ITUB4.SA,"22,13","23,09","21,99","22,98","42820690,0"
2021-06-25,MGLU3.SA,"194,08","198,98","191,09","197,53","3196680,0"
2021-06-25,MSFT,"256,37","258,53","256,12","257,54","25611100,0"
2021-06-25,PETR4.SA,"9,11","9,33","9,07","9,3","84950900,0"
2021-06-28,AAPL,"131,75","132,21","130,35","130,41","62111300,0"
2021-06-28,GOOGL,"121,81","122,05","120,68","121,95","28526000,0"
2021-06-28,ITUB4.SA,"21,88","22,2","21,59","22,16","39636190,0"
2021-06-28,MGLU3.SA,"195,35","198,17","191,63","194,08","2232832,0"
2021-06-28,MSFT,"259,95","260,12","257,23","257,5","19590000,0"
2021-06-28,PETR4.SA,"9,1","9,17","8,98","9,14","40341200,0"
2021-06-29,AAPL,"133,26","133,42","131,33","131,77","64556100,0"
2021-06-29,GOOGL,"121,54","122,29","120,97","121,94","23108000,0"
2021-06-29,ITUB4.SA,"21,66","21,87","21,43","21,74","33613250,0"
2021-06-29,MGLU3.SA,"196,62","196,8","191,0","195,35","1261435,0"
2021-06-29,MSFT,"262,54","262,78","259,23","260,09","19937800,0"
2021-06-29,PETR4.SA,"9,14","9,14","9,0","9,11","43215200,0"
2021-06-30,AAPL,"133,88","134,32","132,81","133,11","63261400,0"
2021-06-30,GOOGL,"121,36","121,53","120,63","121,27","24474000,0"
2021-06-30,ITUB4.SA,"21,41","21,75","21,39","21,55","24761220,0"
2021-06-30,MGLU3.SA,"191,9","195,99","190,63","195,35","2704904,0"
2021-06-30,MSFT,"262,06","262,5","260,8","261,86","21656500,0"
2021-06-30,PETR4.SA,"9,22","9,26","9,06","9,09","71367600,0"
2021-07-01,AAPL,"134,18","134,24","132,71","133,53","52485800,0"
2021-07-01,GOOGL,"121,71","121,86","120,81","121,0","18110000,0"
2021-07-01,ITUB4.SA,"21,34","21,55","21,08","21,41","22305910,0"
2021-07-01,MGLU3.SA,"187,73","192,99","185,28","192,54","1941873,0"
2021-07-01,MSFT,"262,74","262,97","260,8","260,81","16725300,0"
2021-07-01,PETR4.SA,"9,1","9,36","9,06","9,31","65084000,0"
2021-07-02,AAPL,"136,81","136,85","134,65","134,8","78852600,0"
2021-07-02,GOOGL,"124,51","124,66","122,33","122,42","25982000,0"
2021-07-02,ITUB4.SA,"21,57","21,64","21,26","21,48","27747610,0"
2021-07-02,MGLU3.SA,"196,35","196,8","188,37","188,73","2592344,0"
2021-07-02,MSFT,"268,59","268,93","263,61","263,92","26458000,0"
2021-07-02,PETR4.SA,"9,14","9,2","9,0","9,18","37336700,0"
2021-07-05,ITUB4.SA,"21,28","21,46","21,24","21,36","13397010,0"
2021-07-05,MGLU3.SA,"193,99","195,99","191,72","195,08","931880,0"
2021-07-05,PETR4.SA,"9,03","9,13","8,88","9,08","56028600,0"
2021-07-06,AAPL,"138,83","139,93","136,92","136,92","108181800,0"
2021-07-06,GOOGL,"125,44","125,67","123,84","124,9","26404000,0"
2021-07-06,ITUB4.SA,"21,24","21,37","21,01","21,19","26808430,0"
2021-07-06,MGLU3.SA,"191,32","194,59","190,23","191,95","2120603,0"
2021-07-06,MSFT,"268,6","270,25","265,35","268,96","31565600,0"
2021-07-06,PETR4.SA,"8,67","9,02","8,67","8,99","97839700,0"
2021-07-07,AAPL,"141,32","141,63","139,45","140,31","104911600,0"
2021-07-07,GOOGL,"125,72","126,53","125,4","126,4","24060000,0"
2021-07-07,ITUB4.SA,"21,34","21,52","20,95","21,26","43110210,0"
2021-07-07,MGLU3.SA,"199,85","201,12","193,22","193,41","3295683,0"
2021-07-07,MSFT,"270,79","271,53","268,1","270,28","23260000,0"
2021-07-07,PETR4.SA,"8,78","8,82","8,58","8,82","73793500,0"
2021-07-08,AAPL,"140,02","140,82","137,51","138,4","105575500,0"
2021-07-08,GOOGL,"124,3","124,85","123,28","123,29","23790000,0"
2021-07-08,ITUB4.SA,"21,06","21,33","20,82","20,95","53971940,0"
2021-07-08,MGLU3.SA,"199,04","200,4","195,04","196,86","1937297,0"
2021-07-08,MSFT,"268,37","269,63","265,9","267,86","24618600,0"
2021-07-08,PETR4.SA,"8,61","8,67","8,54","8,58","80574200,0"
2021-07-09,AAPL,"141,85","142,37","139,44","139,54","99890800,0"
2021-07-09,GOOGL,"124,77","124,98","123,81","124,28","18632000,0"
2021-07-09,MSFT,"268,87","268,98","266,33","266,72","23916700,0"
2021-07-12,AAPL,"141,25","143,03","140,76","142,92","76299700,0"
2021-07-12,GOOGL,"126,22","126,31","124,86","125,43","17668000,0"
2021-07-12,ITUB4.SA,"21,34","21,57","21,08","21,13","29649950,0"
2021-07-12,MGLU3.SA,"200,67","203,39","199,31","200,31","2181780,0"
2021-07-12,MSFT,"268,27","270,64","267,55","270,05","18931700,0"
2021-07-12,PETR4.SA,"8,68","8,7","8,54","8,64","53001200,0"
2021-07-13,AAPL,"142,36","144,14","140,4","140,79","100827100,0"
2021-07-13,GOOGL,"126,58","127,29","125,92","126,28","19240000,0"
2021-07-13,ITUB4.SA,"21,47","21,59","20,96","21,21","34649230,0"
2021-07-13,MGLU3.SA,"204,21","204,67","197,67","199,49","2453504,0"
2021-07-13,MSFT,"271,81","273,62","268,34","268,46","26120100,0"
2021-07-13,PETR4.SA,"8,74","8,76","8,57","8,63","41594300,0"
2021-07-14,AAPL,"145,8","146,21","144,36","144,77","127050800,0"
2021-07-14,GOOGL,"127,47","128,56","127,15","127,2","23742000,0"
2021-07-14,ITUB4.SA,"21,5","22,18","21,44","21,71","46851750,0"
2021-07-14,MGLU3.SA,"208,21","208,21","204,39","205,21","3182963,0"
2021-07-14,MSFT,"273,29","274,4","271,39","273,13","23113700,0"
2021-07-14,PETR4.SA,"8,67","8,83","8,62","8,8","51654600,0"
2021-07-15,AAPL,"145,14","146,63","143,78","145,88","106820300,0"
2021-07-15,GOOGL,"126,25","127,93","125,78","127,88","24218000,0"
2021-07-15,ITUB4.SA,"21,24","21,62","21,12","21,46","24908400,0"
2021-07-15,MGLU3.SA,"215,38","223,1","215,29","217,01","6460632,0"
2021-07-15,MSFT,"271,86","273,29","270,7","272,8","22604200,0"
2021-07-15,PETR4.SA,"8,48","8,65","8,43","8,61","67982600,0"
2021-07-16,AAPL,"143,1","146,39","142,6","145,12","93251400,0"
2021-07-16,GOOGL,"126,21","127,05","125,4","126,9","20424000,0"
2021-07-16,ITUB4.SA,"20,9","21,41","20,86","21,4","20984810,0"
2021-07-16,MGLU3.SA,"217,01","221,01","216,2","216,29","2773810,0"
2021-07-16,MSFT,"271,59","274,83","270,34","272,86","26186800,0"
2021-07-16,PETR4.SA,"8,36","8,57","8,32","8,53","69024100,0"
2021-07-19,AAPL,"139,25","140,83","138,48","140,52","121434600,0"
2021-07-19,GOOGL,"123,84","125,45","122,77","125,34","27968000,0"
2021-07-19,ITUB4.SA,"20,77","20,91","20,57","20,63","37916450,0"
2021-07-19,MGLU3.SA,"209,93","216,83","208,48","214,74","2087919,0"
2021-07-19,MSFT,"267,97","271,22","265,49","269,83","32935600,0"
2021-07-19,PETR4.SA,"8,22","8,28","8,1","8,13","80087700,0"
2021-07-20,AAPL,"142,86","143,79","139,74","140,23","96350000,0"
2021-07-20,GOOGL,"125,46","126,29","123,61","124,78","26312000,0"
2021-07-20,ITUB4.SA,"21,05","21,18","20,57","20,68","28976420,0"
2021-07-20,MGLU3.SA,"212,2","212,29","206,12","210,66","1947326,0"
2021-07-20,MSFT,"270,2","271,8","267,24","268,96","26259700,0"
2021-07-20,PETR4.SA,"8,33","8,44","8,11","8,2","63408800,0"
2021-07-21,AAPL,"142,13","142,84","141,38","142,26","74993500,0"
2021-07-21,GOOGL,"126,79","126,84","125,27","125,38","20746000,0"
2021-07-21,ITUB4.SA,"21,13","21,32","21,01","21,03","14746050,0"
2021-07-21,MGLU3.SA,"212,11","213,56","208,57","211,29","1315213,0"
2021-07-21,MSFT,"272,22","272,33","268,24","269,8","24364300,0"
2021-07-21,PETR4.SA,"8,44","8,53","8,33","8,39","51116600,0"
2021-07-22,AAPL,"143,5","144,87","142,53","142,66","77338200,0"
2021-07-22,GOOGL,"127,66","127,72","126,74","127,08","14302000,0"
2021-07-22,ITUB4.SA,"20,92","21,22","20,81","21,15","18957510,0"
2021-07-22,MGLU3.SA,"211,11","213,56","209,3","212,38","1859838,0"
2021-07-22,MSFT,"276,8","277,07","274,17","274,58","23384100,0"
2021-07-22,PETR4.SA,"8,42","8,52","8,36","8,46","37736500,0"
2021-07-23,AAPL,"145,22","145,38","143,62","144,23","71447400,0"
2021-07-23,GOOGL,"132,22","132,6","129,03","129,65","41506000,0"
2021-07-23,ITUB4.SA,"20,86","21,08","20,7","21,0","18433580,0"
2021-07-23,MGLU3.SA,"205,21","208,21","201,67","207,03","3562500,0"
2021-07-23,MSFT,"280,22","280,53","277,15","277,99","22768100,0"
2021-07-23,PETR4.SA,"8,37","8,51","8,36","8,49","34025500,0"
2021-07-26,AAPL,"145,64","146,46","144,38","144,94","72434100,0"
2021-07-26,GOOGL,"133,24","133,44","131,51","132,53","30572000,0"
2021-07-26,ITUB4.SA,"21,23","21,38","20,9","20,9","26584470,0"
2021-07-26,MGLU3.SA,"200,13","206,66","199,94","206,39","1895718,0"
2021-07-26,MSFT,"279,62","280,24","277,28","279,57","23176100,0"
2021-07-26,PETR4.SA,"8,6","8,6","8,37","8,37","46802600,0"
2021-07-27,AAPL,"143,47","145,85","142,28","145,77","104818600,0"
2021-07-27,GOOGL,"131,11","133,6","129,33","133,45","54710000,0"
2021-07-27,ITUB4.SA,"21,44","21,58","21,08","21,21","40078940,0"
2021-07-27,MGLU3.SA,"194,77","201,21","191,59","200,49","2877913,0"
2021-07-27,MSFT,"277,19","280,13","273,72","279,98","33604100,0"
2021-07-27,PETR4.SA,"8,5","8,58","8,42","8,56","51901800,0"
2021-07-28,AAPL,"141,72","143,66","139,33","141,55","118931200,0"
2021-07-28,GOOGL,"135,28","137,47","134,47","135,5","95130000,0"
2021-07-28,ITUB4.SA,"22,13","22,44","21,64","21,67","76629190,0"
2021-07-28,MGLU3.SA,"195,49","197,76","192,68","196,04","1896306,0"
2021-07-28,MSFT,"276,88","280,68","274,57","279,56","33566900,0"
2021-07-28,PETR4.SA,"8,68","8,74","8,52","8,59","46727100,0"
2021-07-29,AAPL,"142,36","143,25","141,33","141,44","56699500,0"
2021-07-29,GOOGL,"134,97","135,85","134,73","135,34","31716000,0"
2021-07-29,ITUB4.SA,"22,02","22,27","21,78","22,2","25522420,0"
2021-07-29,MGLU3.SA,"197,22","201,12","194,31","195,95","1961460,0"
2021-07-29,MSFT,"277,15","279,2","276,74","276,9","18168300,0"
2021-07-29,PETR4.SA,"8,71","8,74","8,61","8,71","43916600,0"
2021-07-30,AAPL,"142,58","143,04","140,87","141,13","70440600,0"
2021-07-30,GOOGL,"133,92","134,5","133,45","134,23","25576000,0"
2021-07-30,ITUB4.SA,"21,78","22,35","21,61","21,85","46742630,0"
2021-07-30,MGLU3.SA,"187,05","197,04","186,6","194,68","3256756,0"
2021-07-30,MSFT,"275,61","277,3","274,64","275,86","20944800,0"
2021-07-30,PETR4.SA,"8,43","8,72","8,4","8,64","74150400,0"
2021-08-02,AAPL,"142,25","143,65","141,98","143,07","62880000,0"
2021-08-02,GOOGL,"134,05","134,53","133,0","134,31","21634000,0"
2021-08-02,ITUB4.SA,"21,91","22,66","21,91","22,15","41157930,0"
2021-08-02,MGLU3.SA,"187,32","191,32","186,69","189,86","2552582,0"
2021-08-02,MSFT,"275,52","277,41","274,48","277,01","16267400,0"
2021-08-02,PETR4.SA,"8,27","8,58","8,26","8,52","70528800,0"
2021-08-03,AAPL,"144,05","144,71","141,91","142,53","64786600,0"
2021-08-03,GOOGL,"134,82","134,92","132,52","134,33","20762000,0"
2021-08-03,ITUB4.SA,"22,13","22,6","21,69","22,58","60540700,0"
2021-08-03,MGLU3.SA,"185,51","187,5","179,06","187,05","2029693,0"
2021-08-03,MSFT,"277,75","277,86","274,73","276,1","17879000,0"
2021-08-03,PETR4.SA,"8,41","8,41","8,08","8,25","71850400,0"
2021-08-04,AAPL,"143,65","144,47","142,99","143,96","56368300,0"
2021-08-04,GOOGL,"134,32","134,84","133,69","134,54","19676000,0"
2021-08-04,ITUB4.SA,"21,51","22,1","21,45","21,99","55582010,0"
2021-08-04,MGLU3.SA,"181,24","184,51","179,06","184,23","2943035,0"
2021-08-04,MSFT,"277,16","278,2","275,36","276,88","16191300,0"
2021-08-04,PETR4.SA,"8,23","8,38","8,13","8,31","87970600,0"
2021-08-05,AAPL,"143,75","144,52","142,88","143,67","46397700,0"
2021-08-05,GOOGL,"135,44","135,54","134,04","134,87","17870000,0"
2021-08-05,ITUB4.SA,"21,58","21,99","21,36","21,72","54339010,0"
2021-08-05,MGLU3.SA,"185,78","188,41","181,51","182,69","3798162,0"
2021-08-05,MSFT,"280,07","280,18","276,76","277,52","13900200,0"
2021-08-05,PETR4.SA,"8,88","9,08","8,79","9,0","223915900,0"
2021-08-06,AAPL,"143,07","144,02","142,57","143,27","54126800,0"
2021-08-06,GOOGL,"134,93","135,66","134,4","135,23","20488000,0"
2021-08-06,ITUB4.SA,"22,18","22,32","21,54","21,66","36621200,0"
2021-08-06,MGLU3.SA,"187,78","189,59","182,87","186,41","2184004,0"
2021-08-06,MSFT,"280,01","280,05","278,23","279,09","16589300,0"
2021-08-06,PETR4.SA,"8,89","8,94","8,77","8,93","51106100,0"
2021-08-09,AAPL,"143,02","143,62","142,46","143,13","48908700,0"
2021-08-09,GOOGL,"136,1","136,37","134,53","135,13","17760000,0"
2021-08-09,ITUB4.SA,"22,44","22,6","22,13","22,13","37313430,0"
2021-08-09,MGLU3.SA,"186,05","189,59","185,51","186,78","1520019,0"
2021-08-09,MSFT,"278,92","282,03","278,42","280,29","16117600,0"
2021-08-09,PETR4.SA,"8,83","8,83","8,67","8,75","75381900,0"
2021-08-10,AAPL,"142,54","144,6","142,24","143,36","69023100,0"
2021-08-10,GOOGL,"135,99","136,95","135,55","136,52","19414000,0"
2021-08-10,ITUB4.SA,"22,01","22,42","21,99","22,41","34897830,0"
2021-08-10,MGLU3.SA,"185,23","188,5","182,78","186,41","2092420,0"
2021-08-10,MSFT,"277,09","279,81","275,89","279,37","18616600,0"
2021-08-10,PETR4.SA,"8,86","9,01","8,84","8,86","84380900,0"
2021-08-11,AAPL,"142,79","143,64","142,47","142,98","48493500,0"
2021-08-11,GOOGL,"135,47","136,86","135,46","136,36","15352000,0"
2021-08-11,ITUB4.SA,"22,26","22,5","21,68","21,86","38324660,0"
2021-08-11,MGLU3.SA,"189,86","190,32","182,96","185,32","1987932,0"
2021-08-11,MSFT,"277,58","279,24","276,53","277,84","13955900,0"
2021-08-11,PETR4.SA,"8,98","9,08","8,76","8,82","97863500,0"
2021-08-12,AAPL,"145,76","145,92","142,77","143,12","72282600,0"
2021-08-12,GOOGL,"136,38","136,48","134,62","135,16","16506000,0"
2021-08-12,ITUB4.SA,"21,84","22,36","21,84","22,18","30043860,0"
2021-08-12,MGLU3.SA,"190,41","193,04","186,5","188,32","2655071,0"
2021-08-12,MSFT,"280,35","280,51","276,99","277,28","14561300,0"
2021-08-12,PETR4.SA,"9,11","9,14","8,93","8,98","95319300,0"
2021-08-13,AAPL,"145,97","146,3","145,15","145,84","59375000,0"
2021-08-13,GOOGL,"136,91","137,03","136,22","136,43","15948000,0"
2021-08-13,ITUB4.SA,"22,14","22,25","21,66","21,88","33223520,0"
2021-08-13,MGLU3.SA,"184,05","192,23","180,51","191,59","4724911,0"
2021-08-13,MSFT,"283,29","283,34","279,86","280,03","18249000,0"
2021-08-13,PETR4.SA,"9,19","9,27","9,09","9,1","85201800,0"
2021-08-16,AAPL,"147,94","148,01","143,39","145,42","103296000,0"
2021-08-16,GOOGL,"137,48","137,54","134,49","136,71","22384000,0"
2021-08-16,ITUB4.SA,"21,89","22,49","21,84","22,13","39312020,0"
2021-08-16,MGLU3.SA,"176,34","185,23","176,15","183,69","3494246,0"
2021-08-16,MSFT,"284,98","285,2","280,55","283,62","22507600,0"
2021-08-16,PETR4.SA,"8,97","9,16","8,84","9,14","101262100,0"
2021-08-17,AAPL,"147,03","148,49","145,96","147,07","92229700,0"
2021-08-17,GOOGL,"135,85","137,44","135,27","136,93","21716000,0"
2021-08-17,ITUB4.SA,"21,82","22,07","21,46","21,87","42789010,0"
2021-08-17,MGLU3.SA,"175,34","178,51","169,89","175,06","3223259,0"
2021-08-17,MSFT,"283,51","283,85","281,58","282,85","20075300,0"
2021-08-17,PETR4.SA,"8,97","9,17","8,78","8,91","93623700,0"
2021-08-18,AAPL,"143,28","147,55","143,08","146,65","86326000,0"
2021-08-18,GOOGL,"134,64","136,29","134,51","135,69","19258000,0"
2021-08-18,ITUB4.SA,"21,86","22,46","21,66","21,74","52224480,0"
2021-08-18,MGLU3.SA,"171,07","177,06","169,16","176,34","3564275,0"
2021-08-18,MSFT,"281,78","285,74","281,33","283,05","21813000,0"
2021-08-18,PETR4.SA,"8,89","9,06","8,84","8,97","86103100,0"
2021-08-19,AAPL,"143,62","144,89","141,46","141,98","86960300,0"
2021-08-19,GOOGL,"134,87","135,54","133,45","133,63","21782000,0"
2021-08-19,ITUB4.SA,"21,58","22,25","21,4","21,58","43769660,0"
2021-08-19,MGLU3.SA,"172,07","173,25","164,44","168,71","3516142,0"
2021-08-19,MSFT,"287,63","288,31","279,75","279,8","29850500,0"
2021-08-19,PETR4.SA,"8,84","8,92","8,67","8,71","80808200,0"
2021-08-20,AAPL,"145,07","145,38","143,69","144,34","60549600,0"
2021-08-20,GOOGL,"136,61","136,73","134,44","135,19","31194000,0"
2021-08-20,ITUB4.SA,"21,5","21,6","21,07","21,36","38172750,0"
2021-08-20,MGLU3.SA,"171,25","172,52","167,07","169,8","2551812,0"
2021-08-20,MSFT,"294,99","296,42","288,88","290,49","40817600,0"
2021-08-20,PETR4.SA,"8,83","8,84","8,68","8,76","88445600,0"
2021-08-23,AAPL,"146,56","147,03","144,78","145,19","60131800,0"
2021-08-23,GOOGL,"139,21","140,03","136,79","137,15","28454000,0"
2021-08-23,ITUB4.SA,"21,73","21,82","21,49","21,55","23682670,0"
2021-08-23,MGLU3.SA,"164,62","172,98","164,08","172,7","3154684,0"
2021-08-23,MSFT,"295,27","296,0","292,56","293,91","22830200,0"
2021-08-23,PETR4.SA,"8,97","9,06","8,88","8,94","70161500,0"
2021-08-24,AAPL,"146,47","147,69","146,01","146,31","48606400,0"
2021-08-24,GOOGL,"140,42","141,23","139,5","139,77","19268000,0"
2021-08-24,ITUB4.SA,"22,33","22,38","21,82","21,83","33170170,0"
2021-08-24,MGLU3.SA,"174,7","175,61","164,8","166,53","7524649,0"
2021-08-24,MSFT,"293,3","296,24","292,7","295,63","18175800,0"
2021-08-24,PETR4.SA,"9,15","9,17","9,04","9,06","49831400,0"
2021-08-25,AAPL,"145,24","147,16","144,69","146,66","58991300,0"
2021-08-25,GOOGL,"141,23","141,34","140,53","140,78","15848000,0"
2021-08-25,ITUB4.SA,"22,36","22,41","22,02","22,19","19276730,0"
2021-08-25,MGLU3.SA,"177,52","177,61","172,79","173,61","3287793,0"
2021-08-25,MSFT,"292,71","295,21","291,17","294,93","20006100,0"
2021-08-25,PETR4.SA,"9,2","9,23","9,09","9,17","46031200,0"
2021-08-26,AAPL,"144,44","145,98","144,41","145,23","48597200,0"
2021-08-26,GOOGL,"140,6","141,57","140,51","140,9","20610000,0"
2021-08-26,ITUB4.SA,"21,82","22,33","21,77","22,3","38630680,0"
2021-08-26,MGLU3.SA,"170,71","178,88","169,71","176,79","3733575,0"
2021-08-26,MSFT,"289,88","293,12","289,75","291,72","17666100,0"
2021-08-26,PETR4.SA,"9,12","9,25","9,11","9,15","41061300,0"
2021-08-27,AAPL,"145,48","145,62","143,74","144,38","55802400,0"
2021-08-27,GOOGL,"143,15","143,65","140,65","140,81","28780000,0"
2021-08-27,ITUB4.SA,"22,2","22,27","21,72","21,95","24498320,0"
2021-08-27,MGLU3.SA,"172,79","173,88","170,34","171,8","2443475,0"
2021-08-27,MSFT,"290,49","291,61","287,69","289,79","22605700,0"
2021-08-27,PETR4.SA,"9,45","9,45","9,18","9,19","76465300,0"
2021-08-30,AAPL,"149,9","150,26","145,49","145,87","90956700,0"
2021-08-30,GOOGL,"143,73","145,1","143,3","143,54","24434000,0"
2021-08-30,ITUB4.SA,"22,04","22,23","21,89","22,15","20682090,0"
2021-08-30,MGLU3.SA,"171,43","173,43","167,89","171,98","2397940,0"
2021-08-30,MSFT,"294,24","294,85","291,79","291,85","16348100,0"
2021-08-30,PETR4.SA,"9,39","9,53","9,38","9,42","61054000,0"
2021-08-31,AAPL,"148,64","149,59","148,11","149,45","86453100,0"
2021-08-31,GOOGL,"143,83","144,31","143,42","144,28","22448000,0"
2021-08-31,ITUB4.SA,"22,33","22,57","22,03","22,1","47968250,0"
2021-08-31,MGLU3.SA,"165,62","173,07","164,71","170,25","3283388,0"
2021-08-31,MSFT,"292,59","295,13","292,22","295,05","26285300,0"
2021-08-31,PETR4.SA,"9,02","9,37","8,96","9,36","110574300,0"
2021-09-01,AAPL,"149,3","151,72","149,14","149,62","80313700,0"
2021-09-01,GOOGL,"144,35","145,38","144,02","144,14","21936000,0"
2021-09-01,ITUB4.SA,"22,43","22,84","22,38","22,43","31662950,0"
2021-09-01,MGLU3.SA,"169,62","171,25","165,98","166,71","2374344,0"
2021-09-01,MSFT,"292,54","295,79","292,21","293,55","18983800,0"
2021-09-01,PETR4.SA,"8,97","9,07","8,74","9,07","69430400,0"
2021-09-02,AAPL,"150,42","151,47","149,2","150,63","71115500,0"
2021-09-02,GOOGL,"142,43","144,65","142,33","144,35","32342000,0"
2021-09-02,ITUB4.SA,"21,62","22,31","21,5","22,3","35802470,0"
2021-09-02,MGLU3.SA,"163,53","169,43","162,17","169,43","2792317,0"
2021-09-02,MSFT,"291,88","294,02","290,94","292,9","16285600,0"
2021-09-02,PETR4.SA,"8,83","9,08","8,78","8,96","56052000,0"
2021-09-03,AAPL,"151,06","151,38","149,87","150,53","57808700,0"
2021-09-03,GOOGL,"142,88","143,3","141,55","142,23","19850000,0"
2021-09-03,ITUB4.SA,"21,49","21,78","21,13","21,75","54584970,0"
2021-09-03,MGLU3.SA,"171,61","171,61","162,53","164,35","4958520,0"
2021-09-03,MSFT,"291,87","293,28","291,02","291,72","14747900,0"
2021-09-03,PETR4.SA,"8,74","8,89","8,66","8,84","58182700,0"
2021-09-06,ITUB4.SA,"21,77","21,85","21,39","21,42","29941890,0"
2021-09-06,MGLU3.SA,"176,88","177,06","170,34","171,25","1961952,0"
2021-09-06,PETR4.SA,"8,78","8,86","8,68","8,7","26770700,0"
2021-09-07,AAPL,"153,4","153,95","151,14","151,71","82278300,0"
2021-09-07,GOOGL,"143,42","143,7","142,76","142,98","20124000,0"
2021-09-07,MSFT,"290,94","291,82","289,02","291,74","17180400,0"
2021-09-08,AAPL,"151,85","153,74","150,74","153,68","74420200,0"
2021-09-08,GOOGL,"142,83","143,54","142,15","143,24","18344000,0"
2021-09-08,ITUB4.SA,"20,74","21,73","20,63","21,69","52754240,0"
2021-09-08,MGLU3.SA,"170,61","175,52","169,34","174,79","3886591,0"
2021-09-08,MSFT,"290,97","291,36","288,31","290,55","15046800,0"
2021-09-08,PETR4.SA,"8,29","8,74","8,23","8,72","80378400,0"
2021-09-09,AAPL,"150,83","152,83","150,71","152,22","57305700,0"
2021-09-09,GOOGL,"142,69","143,45","142,32","142,98","15314000,0"
2021-09-09,ITUB4.SA,"21,01","21,31","20,48","20,91","61265050,0"
2021-09-09,MGLU3.SA,"171,16","176,34","163,08","171,61","3760122,0"
2021-09-09,MSFT,"288,1","292,84","287,86","291,56","19927000,0"
2021-09-09,PETR4.SA,"8,46","8,59","8,01","8,32","156617100,0"
2021-09-10,AAPL,"145,84","152,21","145,57","151,74","140893200,0"
2021-09-10,GOOGL,"140,04","143,86","139,9","143,35","36840000,0"
2021-09-10,ITUB4.SA,"20,8","21,41","20,64","21,3","39621450,0"
2021-09-10,MGLU3.SA,"156,0","173,61","156,0","173,07","7843063,0"
2021-09-10,MSFT,"286,61","290,69","286,29","289,23","19633400,0"
2021-09-10,PETR4.SA,"8,41","8,67","8,4","8,63","78379900,0"
2021-09-13,AAPL,"146,41","148,24","145,62","147,46","102404300,0"
2021-09-13,GOOGL,"141,48","142,1","140,41","141,1","22094000,0"
2021-09-13,ITUB4.SA,"21,06","21,24","20,9","21,18","34180190,0"
2021-09-13,MGLU3.SA,"158,36","163,8","158,27","159,72","3818871,0"
2021-09-13,MSFT,"287,85","289,35","285,03","288,39","23652900,0"
2021-09-13,PETR4.SA,"8,7","8,76","8,51","8,56","63317900,0"
2021-09-14,AAPL,"145,01","147,89","143,82","147,19","109296300,0"
2021-09-14,GOOGL,"141,69","142,51","140,9","142,14","19674000,0"
2021-09-14,ITUB4.SA,"20,93","21,2","20,87","21,01","26599100,0"
2021-09-14,MGLU3.SA,"154,63","161,44","153,0","159,26","5257561,0"
2021-09-14,MSFT,"290,56","292,11","288,92","290,34","21853400,0"
2021-09-14,PETR4.SA,"8,59","8,71","8,53","8,61","65497300,0"
2021-09-15,AAPL,"145,9","146,3","143,29","145,44","83281300,0"
2021-09-15,GOOGL,"143,57","143,59","140,5","141,92","27408000,0"
2021-09-15,ITUB4.SA,"20,59","20,99","20,59","20,97","29037250,0"
2021-09-15,MGLU3.SA,"150,91","155,54","149,73","155,09","3300270,0"
2021-09-15,MSFT,"295,44","295,92","292,53","293,92","28356300,0"
2021-09-15,PETR4.SA,"8,74","8,78","8,58","8,63","67274100,0"
2021-09-16,AAPL,"145,66","145,84","144,12","145,32","68034100,0"
2021-09-16,GOOGL,"142,75","143,44","141,55","143,09","26190000,0"
2021-09-16,ITUB4.SA,"20,58","20,69","20,33","20,45","51067500,0"
2021-09-16,MGLU3.SA,"148,64","150,91","146,28","149,37","3355427,0"
2021-09-16,MSFT,"295,82","295,91","291,5","294,41","19550800,0"
2021-09-16,PETR4.SA,"8,66","8,71","8,46","8,65","65567700,0"
2021-09-17,AAPL,"142,99","145,69","142,7","145,69","129868800,0"
2021-09-17,GOOGL,"139,96","142,59","139,63","142,18","53384000,0"
2021-09-17,ITUB4.SA,"20,09","20,58","20,09","20,56","47981890,0"
2021-09-17,MGLU3.SA,"150,46","152,27","144,01","148,1","4708296,0"
2021-09-17,MSFT,"290,64","295,13","290,31","294,81","41372500,0"
2021-09-17,PETR4.SA,"8,27","8,63","8,22","8,62","131694100,0"
2021-09-20,AAPL,"139,93","141,79","138,3","140,78","123478900,0"
2021-09-20,GOOGL,"137,89","138,17","135,51","137,34","46518000,0"
2021-09-20,ITUB4.SA,"19,63","19,95","19,39","19,71","48413420,0"
2021-09-20,MGLU3.SA,"145,74","149,0","143,37","147,46","2884360,0"
2021-09-20,MSFT,"285,24","289,52","280,61","287,21","38278700,0"
2021-09-20,PETR4.SA,"8,18","8,18","7,89","7,99","80260600,0"
2021-09-21,AAPL,"140,41","141,56","139,78","140,9","75834000,0"
2021-09-21,GOOGL,"138,2","139,18","137,45","138,92","25332000,0"
2021-09-21,ITUB4.SA,"19,58","19,89","19,54","19,72","36929860,0"
2021-09-21,MGLU3.SA,"148,82","150,82","143,65","146,73","3191345,0"
2021-09-21,MSFT,"285,72","288,38","285,02","286,59","22364100,0"
2021-09-21,PETR4.SA,"8,36","8,39","8,14","8,32","64570200,0"
2021-09-22,AAPL,"142,78","143,35","140,68","141,41","76404300,0"
2021-09-22,GOOGL,"139,45","140,05","137,73","138,47","25056000,0"
2021-09-22,ITUB4.SA,"20,04","20,21","19,71","19,73","42590350,0"
2021-09-22,MGLU3.SA,"148,37","151,82","146,73","150,73","2547161,0"
2021-09-22,MSFT,"289,39","290,98","285,44","287,6","26626300,0"
2021-09-22,PETR4.SA,"8,58","8,7","8,47","8,47","70231800,0"
2021-09-23,AAPL,"143,74","143,99","142,58","143,57","64838200,0"
2021-09-23,GOOGL,"140,37","140,85","139,56","140,15","20952000,0"
2021-09-23,ITUB4.SA,"20,73","20,9","20,08","20,17","55285560,0"
2021-09-23,MGLU3.SA,"144,1","150,0","143,56","148,91","3343485,0"
2021-09-23,MSFT,"290,34","291,64","288,37","289,65","18604600,0"
2021-09-23,PETR4.SA,"8,91","8,94","8,6","8,61","84480600,0"
2021-09-24,AAPL,"143,83","144,37","142,5","142,6","53477900,0"
2021-09-24,GOOGL,"141,37","141,48","139,4","139,7","22984000,0"
2021-09-24,ITUB4.SA,"20,44","20,71","20,41","20,58","45533180,0"
2021-09-24,MGLU3.SA,"141,92","142,83","139,47","142,38","3123871,0"
2021-09-24,MSFT,"290,13","290,57","287,79","289,05","14999000,0"
2021-09-24,PETR4.SA,"8,93","8,98","8,78","8,81","44821500,0"
2021-09-27,AAPL,"142,31","142,89","140,8","142,41","74150700,0"
2021-09-27,GOOGL,"140,23","141,09","139,23","139,97","21882000,0"
2021-09-27,ITUB4.SA,"20,97","21,18","20,24","20,53","64275750,0"
2021-09-27,MGLU3.SA,"136,29","142,74","135,47","140,92","3532478,0"
2021-09-27,MSFT,"285,11","287,34","283,92","287,02","23571700,0"
2021-09-27,PETR4.SA,"9,01","9,11","8,79","9,01","89178700,0"
2021-09-28,AAPL,"138,93","141,71","138,71","140,24","108972300,0"
2021-09-28,GOOGL,"135,02","138,27","134,55","137,83","45772000,0"
2021-09-28,ITUB4.SA,"20,5","21,38","20,48","20,88","67349370,0"
2021-09-28,MGLU3.SA,"128,76","135,84","127,3","134,48","5907422,0"
2021-09-28,MSFT,"274,79","281,83","274,05","280,88","43186200,0"
2021-09-28,PETR4.SA,"8,95","9,25","8,87","9,02","117874300,0"
2021-09-29,AAPL,"139,83","141,41","139,04","139,47","74602000,0"
2021-09-29,GOOGL,"133,55","136,33","133,07","136,16","30848000,0"
2021-09-29,ITUB4.SA,"20,87","20,92","20,5","20,69","57708090,0"
2021-09-29,MGLU3.SA,"126,58","131,75","125,94","129,85","4464113,0"
2021-09-29,MSFT,"275,26","277,94","274,3","276,32","26353700,0"
2021-09-29,PETR4.SA,"9,09","9,13","8,9","9,03","58731700,0"
2021-09-30,AAPL,"138,52","141,34","138,31","140,64","89056700,0"
2021-09-30,GOOGL,"132,88","134,73","132,76","133,46","37996000,0"
2021-09-30,ITUB4.SA,"20,89","21,1","20,72","21,0","45977470,0"
2021-09-30,MGLU3.SA,"130,21","133,57","126,39","126,94","5915002,0"
2021-09-30,MSFT,"273,24","278,97","272,95","276,91","32343600,0"
2021-09-30,PETR4.SA,"9,04","9,15","9,02","9,13","65744000,0"
2021-10-01,AAPL,"139,65","139,91","136,19","138,92","94639600,0"
2021-10-01,GOOGL,"135,73","136,09","133,27","133,65","35360000,0"
2021-10-01,ITUB4.SA,"21,43","21,58","20,91","21,04","47093420,0"
2021-10-01,MGLU3.SA,"132,12","133,57","127,76","130,75","3466587,0"
2021-10-01,MSFT,"280,2","281,05","272,63","273,43","30086300,0"
2021-10-01,PETR4.SA,"9,29","9,29","8,98","9,0","60983200,0"
2021-10-04,AAPL,"136,21","139,22","135,36","138,78","98322000,0"
2021-10-04,GOOGL,"132,86","135,15","130,27","135,15","51202000,0"
2021-10-04,ITUB4.SA,"17,58","17,92","17,22","17,88","64836860,0"
2021-10-04,MGLU3.SA,"124,49","129,66","122,85","129,39","5779979,0"
2021-10-04,MSFT,"274,39","278,89","271,62","278,55","31350700,0"
2021-10-04,PETR4.SA,"9,55","9,56","9,2","9,21","106937000,0"
2021-10-05,AAPL,"138,14","139,25","136,43","136,56","80861100,0"
2021-10-05,GOOGL,"135,21","136,41","133,24","133,24","32404000,0"
2021-10-05,ITUB4.SA,"18,01","18,33","17,58","17,77","54122860,0"
2021-10-05,MGLU3.SA,"124,22","128,3","122,94","125,31","4412858,0"
2021-10-05,MSFT,"279,87","281,46","275,31","275,31","24993000,0"
2021-10-05,PETR4.SA,"9,76","9,78","9,59","9,62","100469100,0"
2021-10-06,AAPL,"139,01","139,16","135,46","136,54","83221100,0"
2021-10-06,GOOGL,"136,74","136,93","133,75","133,95","24364000,0"
2021-10-06,ITUB4.SA,"18,07","18,15","17,6","17,73","42955550,0"
2021-10-06,MGLU3.SA,"131,3","132,57","119,4","122,49","7841587,0"
2021-10-06,MSFT,"284,09","284,59","276,72","276,98","28002600,0"
2021-10-06,PETR4.SA,"9,5","9,68","9,45","9,61","84599400,0"
2021-10-07,AAPL,"140,28","141,19","139,72","140,05","61732700,0"
2021-10-07,GOOGL,"138,4","139,21","137,82","138,06","25110000,0"
2021-10-07,ITUB4.SA,"17,68","18,24","17,63","18,15","42270800,0"
2021-10-07,MGLU3.SA,"127,39","134,75","127,12","132,57","4230964,0"
2021-10-07,MSFT,"285,77","287,51","284,87","286,09","20430500,0"
2021-10-07,PETR4.SA,"9,49","9,62","9,37","9,52","60551100,0"
2021-10-08,AAPL,"139,9","141,15","139,56","141,0","58773200,0"
2021-10-08,GOOGL,"138,95","139,49","138,39","138,74","26526000,0"
2021-10-08,ITUB4.SA,"17,81","18,31","17,79","17,81","53500150,0"
2021-10-08,MGLU3.SA,"135,93","139,38","129,48","129,48","5863191,0"
2021-10-08,MSFT,"285,77","287,51","284,72","287,1","17685700,0"
2021-10-08,PETR4.SA,"9,66","9,82","9,53","9,62","84170500,0"
2021-10-11,AAPL,"139,81","141,77","138,83","139,28","64452200,0"
2021-10-11,GOOGL,"138,09","139,87","138,03","138,46","17954000,0"
2021-10-11,ITUB4.SA,"17,5","17,92","17,5","17,76","47040840,0"
2021-10-11,MGLU3.SA,"130,57","136,75","130,3","136,56","3220800,0"
2021-10-11,MSFT,"285,17","288,8","283,74","283,9","19298600,0"
2021-10-11,PETR4.SA,"9,73","9,9","9,67","9,79","76466700,0"
2021-10-12,AAPL,"138,53","140,24","138,07","140,22","73035900,0"
2021-10-12,GOOGL,"135,64","138,68","134,95","138,65","36332000,0"
2021-10-12,MSFT,"283,86","286,34","283,35","286,25","17974100,0"
2021-10-13,AAPL,"137,95","138,43","136,27","138,27","78762700,0"
2021-10-13,GOOGL,"136,76","137,18","135,71","136,58","19654000,0"
2021-10-13,ITUB4.SA,"17,52","17,66","17,18","17,55","46466420,0"
2021-10-13,MGLU3.SA,"131,66","133,02","129,75","130,93","3198102,0"
2021-10-13,MSFT,"287,19","288,13","284,45","285,83","23416300,0"
2021-10-13,PETR4.SA,"9,83","9,85","9,65","9,68","55605400,0"
2021-10-14,AAPL,"140,74","140,85","138,53","139,12","69907100,0"
2021-10-14,GOOGL,"140,31","140,49","138,0","138,64","31894000,0"
2021-10-14,ITUB4.SA,"17,44","17,78","17,22","17,65","40575590,0"
2021-10-14,MGLU3.SA,"128,66","132,84","128,03","132,57","2783165,0"
2021-10-14,MSFT,"293,43","293,93","288,66","290,0","27262900,0"
2021-10-14,PETR4.SA,"9,85","10,03","9,79","9,91","76172700,0"
2021-10-15,AAPL,"141,79","141,85","140,49","140,75","67940300,0"
2021-10-15,GOOGL,"140,53","140,87","139,92","140,77","30274000,0"
2021-10-15,ITUB4.SA,"17,89","17,97","17,39","17,5","57770460,0"
2021-10-15,MGLU3.SA,"132,21","133,02","128,03","129,03","2471669,0"
2021-10-15,MSFT,"294,84","295,08","291,27","293,03","25384800,0"
2021-10-15,PETR4.SA,"9,82","9,9","9,79","9,89","72479900,0"
2021-10-18,AAPL,"143,47","143,75","140,15","140,43","85589200,0"
2021-10-18,GOOGL,"141,93","141,94","140,23","140,24","20396000,0"
2021-10-18,ITUB4.SA,"18,01","18,1","17,6","17,76","31632480,0"
2021-10-18,MGLU3.SA,"129,66","131,12","127,3","130,66","4167906,0"
2021-10-18,MSFT,"297,83","298,72","293,37","294,22","22729300,0"
2021-10-18,PETR4.SA,"9,77","9,83","9,62","9,76","68971300,0"
2021-10-19,AAPL,"145,63","146,03","143,47","143,92","76378900,0"
2021-10-19,GOOGL,"142,38","142,81","141,75","142,53","20164000,0"
2021-10-19,ITUB4.SA,"17,58","17,91","17,46","17,84","46328370,0"
2021-10-19,MGLU3.SA,"124,67","129,66","123,4","128,12","3861926,0"
2021-10-19,MSFT,"298,74","299,78","297,76","298,86","17682100,0"
2021-10-19,PETR4.SA,"9,29","9,73","9,24","9,7","111484000,0"
2021-10-20,AAPL,"146,12","146,6","145,01","145,57","58418800,0"
2021-10-20,GOOGL,"140,92","142,69","140,53","142,48","23288000,0"
2021-10-20,ITUB4.SA,"18,05","18,1","17,56","17,73","41540510,0"
2021-10-20,MGLU3.SA,"120,49","126,12","119,22","125,67","6520771,0"
2021-10-20,MSFT,"297,95","300,17","296,69","299,69","16537100,0"
2021-10-20,PETR4.SA,"9,46","9,56","9,27","9,38","56063300,0"
2021-10-21,AAPL,"146,34","146,49","144,76","145,68","61421000,0"
2021-10-21,GOOGL,"141,04","141,31","139,66","140,92","26292000,0"
2021-10-21,ITUB4.SA,"17,68","18,17","17,42","17,61","77771760,0"
2021-10-21,MGLU3.SA,"112,68","119,86","111,5","117,04","7381917,0"
2021-10-21,MSFT,"301,19","301,45","296,93","297,71","16918100,0"
2021-10-21,PETR4.SA,"9,11","9,35","8,93","9,24","101567700,0"
2021-10-22,AAPL,"145,56","147,02","145,51","146,54","58883400,0"
2021-10-22,GOOGL,"136,75","139,74","135,24","138,32","50588000,0"
2021-10-22,ITUB4.SA,"17,0","17,53","16,55","17,42","102791040,0"
2021-10-22,MGLU3.SA,"112,77","117,59","107,69","112,14","7422502,0"
2021-10-22,MSFT,"299,64","301,51","298,32","300,84","17449300,0"
2021-10-22,PETR4.SA,"9,02","9,21","8,55","8,99","138384700,0"
2021-10-25,AAPL,"145,51","146,23","144,52","145,55","50720600,0"
2021-10-25,GOOGL,"136,63","137,18","134,62","136,73","34412000,0"
2021-10-25,ITUB4.SA,"17,34","17,55","17,1","17,1","43705420,0"
2021-10-25,MGLU3.SA,"112,05","116,5","111,41","113,41","3735424,0"
2021-10-25,MSFT,"298,64","299,87","297,03","299,84","17554500,0"
2021-10-25,PETR4.SA,"9,64","9,73","9,17","9,21","135830600,0"
2021-10-26,AAPL,"146,18","147,67","145,88","146,19","60893400,0"
2021-10-26,GOOGL,"138,48","139,25","137,48","138,43","49236000,0"
2021-10-26,ITUB4.SA,"17,15","17,33","16,96","17,11","31620380,0"
2021-10-26,MGLU3.SA,"108,78","112,14","106,51","111,59","3969375,0"
2021-10-26,MSFT,"300,56","302,78","299,1","301,43","28107300,0"
2021-10-26,PETR4.SA,"9,54","9,7","9,49","9,56","57865600,0"
2021-10-27,AAPL,"145,72","146,58","145,37","146,22","56094900,0"
2021-10-27,GOOGL,"145,35","147,76","138,57","138,57","85782000,0"
2021-10-27,ITUB4.SA,"17,28","17,65","17,18","17,25","32468150,0"
2021-10-27,MGLU3.SA,"105,33","112,87","104,78","109,6","4456533,0"
2021-10-27,MSFT,"313,22","316,06","306,27","306,27","52588700,0"
2021-10-27,PETR4.SA,"9,52","9,64","9,45","9,57","57579200,0"
2021-10-28,AAPL,"149,36","149,95","146,57","146,67","100077900,0"
2021-10-28,GOOGL,"144,98","146,28","143,76","146,26","36206000,0"
2021-10-28,ITUB4.SA,"17,24","17,32","16,89","17,1","40482860,0"
2021-10-28,MGLU3.SA,"101,24","106,78","100,52","104,33","4532197,0"
2021-10-28,MSFT,"314,36","314,87","311,47","314,35","26297900,0"
2021-10-28,PETR4.SA,"9,61","9,71","9,37","9,47","89578000,0"
2021-10-29,AAPL,"146,65","146,79","143,33","144,12","124953200,0"
2021-10-29,GOOGL,"147,16","147,36","143,79","144,21","43320000,0"
2021-10-29,ITUB4.SA,"16,84","17,44","16,83","17,29","38770490,0"
2021-10-29,MGLU3.SA,"98,16","103,15","97,43","102,06","4444495,0"
2021-10-29,MSFT,"321,41","321,78","313,93","314,15","34766000,0"
2021-10-29,PETR4.SA,"9,01","9,69","8,95","9,67","157340000,0"
2021-11-01,AAPL,"145,83","146,55","144,69","145,86","74588300,0"
2021-11-01,GOOGL,"142,64","147,16","142,37","147,16","46924000,0"
2021-11-01,ITUB4.SA,"17,51","17,62","17,1","17,14","39017880,0"
2021-11-01,MGLU3.SA,"102,6","103,79","98,61","98,7","3347398,0"
2021-11-01,MSFT,"319,23","321,28","316,32","321,16","27073200,0"
2021-11-01,PETR4.SA,"9,29","9,4","9,08","9,19","102157200,0"
2021-11-02,AAPL,"146,87","148,38","145,52","145,53","69122000,0"
2021-11-02,GOOGL,"144,57","145,73","143,48","143,72","33482000,0"
2021-11-02,MSFT,"322,87","323,18","319,84","320,14","26487100,0"
2021-11-03,AAPL,"148,3","148,77","146,67","147,23","54511500,0"
2021-11-03,GOOGL,"145,72","145,79","143,73","145,03","27494000,0"
2021-11-03,ITUB4.SA,"17,68","17,98","17,36","17,36","68212540,0"
2021-11-03,MGLU3.SA,"104,88","105,96","99,79","101,61","5095606,0"
2021-11-03,MSFT,"323,72","324,59","320,47","323,62","21500100,0"
2021-11-03,PETR4.SA,"8,91","9,24","8,89","9,19","83475800,0"
2021-11-04,AAPL,"147,79","149,22","147,47","148,39","60394600,0"
2021-11-04,GOOGL,"147,38","148,84","145,44","146,25","38412000,0"
2021-11-04,ITUB4.SA,"16,74","17,88","16,64","17,7","78816320,0"
2021-11-04,MGLU3.SA,"100,61","107,33","99,25","104,42","3647113,0"
2021-11-04,MSFT,"326,08","326,18","319,37","322,64","23992200,0"
2021-11-04,PETR4.SA,"8,63","9,04","8,58","8,97","92603400,0"
2021-11-05,AAPL,"148,32","149,22","147,12","148,91","65463900,0"
2021-11-05,GOOGL,"147,96","149,43","147,31","148,28","38354000,0"
2021-11-05,ITUB4.SA,"16,54","17,02","16,29","16,99","122784860,0"
2021-11-05,MGLU3.SA,"112,96","114,59","101,33","101,88","7082716,0"
2021-11-05,MSFT,"325,71","328,36","324,12","328,09","22570100,0"
2021-11-05,PETR4.SA,"8,58","8,81","8,55","8,72","86264000,0"
2021-11-08,AAPL,"147,49","148,6","147,22","148,44","55020900,0"
2021-11-08,GOOGL,"148,14","149,72","147,55","148,93","23052000,0"
2021-11-08,ITUB4.SA,"16,45","16,76","16,36","16,48","36525940,0"
2021-11-08,MGLU3.SA,"108,33","114,95","107,78","111,78","5044480,0"
2021-11-08,MSFT,"326,62","327,26","324,14","326,92","20897000,0"
2021-11-08,PETR4.SA,"8,67","8,85","8,53","8,56","59704100,0"
2021-11-09,AAPL,"147,85","148,46","147,12","147,26","56787900,0"
2021-11-09,GOOGL,"148,03","148,94","146,37","148,34","19530000,0"
2021-11-09,ITUB4.SA,"16,29","16,76","16,18","16,53","47803910,0"
2021-11-09,MGLU3.SA,"119,22","125,31","109,42","109,42","7191769,0"
2021-11-09,MSFT,"325,61","328,29","324,23","326,73","21307400,0"
2021-11-09,PETR4.SA,"8,84","8,94","8,69","8,69","73021700,0"
2021-11-10,AAPL,"145,02","147,19","144,95","147,08","65187100,0"
2021-11-10,GOOGL,"145,02","147,19","143,68","146,62","29970000,0"
2021-11-10,ITUB4.SA,"16,7","17,01","16,21","16,29","52711230,0"
2021-11-10,MGLU3.SA,"118,22","122,94","116,41","119,86","6498554,0"
2021-11-10,MSFT,"320,62","324,33","319,76","324,27","25500900,0"
2021-11-10,PETR4.SA,"8,77","8,94","8,68","8,83","68176300,0"
2021-11-11,AAPL,"144,97","146,5","144,79","146,04","41000000,0"
2021-11-11,GOOGL,"144,9","146,66","144,73","145,62","16518000,0"
2021-11-11,ITUB4.SA,"16,66","16,97","16,5","16,94","43634140,0"
2021-11-11,MGLU3.SA,"123,94","129,48","119,13","120,77","7030734,0"
2021-11-11,MSFT,"322,2","323,49","320,33","321,05","16849800,0"
2021-11-11,PETR4.SA,"8,78","8,92","8,71","8,92","60848900,0"
2021-11-12,AAPL,"147,05","147,45","144,59","145,52","63804000,0"
2021-11-12,GOOGL,"147,79","147,96","144,54","145,74","22360000,0"
2021-11-12,ITUB4.SA,"16,63","16,92","16,45","16,65","40437100,0"
2021-11-12,MGLU3.SA,"101,24","116,04","101,24","114,86","15259183,0"
2021-11-12,MSFT,"326,35","326,85","323,51","323,64","23831000,0"
2021-11-12,PETR4.SA,"8,96","9,01","8,63","8,73","85962500,0"
2021-11-15,AAPL,"147,06","148,9","146,5","147,42","59222800,0"
2021-11-15,GOOGL,"147,57","148,66","146,7","148,01","23508000,0"
2021-11-15,MSFT,"325,72","327,48","323,75","327,15","16723000,0"
2021-11-16,AAPL,"148,04","148,52","146,41","147,0","59256200,0"
2021-11-16,GOOGL,"146,99","147,88","146,43","147,27","18904000,0"
2021-11-16,ITUB4.SA,"16,45","16,92","16,31","16,68","27198050,0"
2021-11-16,MGLU3.SA,"88,44","103,51","88,44","101,61","15078261,0"
2021-11-16,MSFT,"329,06","330,18","325,18","325,35","20886800,0"
2021-11-16,PETR4.SA,"9,05","9,14","8,84","9,05","60978200,0"
2021-11-17,AAPL,"150,48","151,96","148,03","148,04","88807000,0"
2021-11-17,GOOGL,"147,16","147,67","146,36","147,15","19594000,0"
2021-11-17,ITUB4.SA,"16,52","16,76","16,38","16,58","32825650,0"
2021-11-17,MGLU3.SA,"84,17","92,07","83,45","89,98","14111975,0"
2021-11-17,MSFT,"329,28","332,26","328,19","329,11","19053400,0"
2021-11-17,PETR4.SA,"8,82","9,1","8,79","9,09","82106800,0"
2021-11-18,AAPL,"154,78","155,56","150,05","150,7","137827700,0"
2021-11-18,GOOGL,"148,95","149,68","147,0","147,36","35608000,0"
2021-11-18,ITUB4.SA,"16,24","16,61","16,04","16,49","36571150,0"
2021-11-18,MGLU3.SA,"81,63","87,17","81,63","84,99","8195208,0"
2021-11-18,MSFT,"331,37","332,51","327,34","328,37","22463500,0"
2021-11-18,PETR4.SA,"8,81","8,88","8,64","8,86","63993000,0"
2021-11-19,AAPL,"157,4","157,86","153,46","154,56","117305600,0"
2021-11-19,GOOGL,"148,04","150,07","148,01","149,08","33682000,0"
2021-11-19,ITUB4.SA,"16,11","16,25","15,97","16,19","31798470,0"
2021-11-19,MGLU3.SA,"84,17","89,62","81,18","82,17","10025966,0"
2021-11-19,MSFT,"333,16","335,09","332,27","332,7","21963400,0"
2021-11-19,PETR4.SA,"8,66","8,72","8,55","8,66","85893800,0"
2021-11-22,AAPL,"157,86","162,45","157,84","158,51","117467900,0"
2021-11-22,GOOGL,"145,43","148,94","145,28","148,44","30594000,0"
2021-11-22,ITUB4.SA,"16,15","16,45","16,01","16,1","30748850,0"
2021-11-22,MGLU3.SA,"80,27","87,9","80,0","85,35","7272992,0"
2021-11-22,MSFT,"329,97","339,53","329,7","334,62","31031100,0"
2021-11-22,PETR4.SA,"8,75","9,0","8,72","8,73","59195200,0"
2021-11-23,AAPL,"158,25","158,63","155,94","157,96","96041900,0"
2021-11-23,GOOGL,"144,91","145,79","143,26","145,28","27218000,0"
2021-11-23,ITUB4.SA,"16,42","16,42","16,03","16,28","42492010,0"
2021-11-23,MGLU3.SA,"78,09","82,17","76,91","81,72","9084131,0"
2021-11-23,MSFT,"327,88","329,6","323,88","327,27","30427600,0"
2021-11-23,PETR4.SA,"9,22","9,31","8,79","8,83","108382300,0"
2021-11-24,AAPL,"158,77","158,96","156,51","157,6","69463600,0"
2021-11-24,GOOGL,"145,25","145,38","143,51","144,61","18040000,0"
2021-11-24,ITUB4.SA,"16,86","16,95","16,2","16,25","50744650,0"
2021-11-24,MGLU3.SA,"80,09","81,81","76,73","77,18","8450724,0"
2021-11-24,MSFT,"328,11","328,35","324,22","326,52","21661300,0"
2021-11-24,PETR4.SA,"9,41","9,44","9,13","9,22","64263300,0"
2021-11-25,ITUB4.SA,"17,01","17,19","16,86","16,9","19544470,0"
2021-11-25,MGLU3.SA,"79,0","82,08","78,18","80,27","6283965,0"
2021-11-25,PETR4.SA,"9,83","9,88","9,48","9,64","104052200,0"
2021-11-26,AAPL,"153,74","157,31","153,3","156,44","76959800,0"
2021-11-26,GOOGL,"141,34","143,7","141,0","143,49","30470000,0"
2021-11-26,ITUB4.SA,"16,69","16,8","16,45","16,65","35512400,0"
2021-11-26,MGLU3.SA,"73,19","77,82","72,91","77,0","6785268,0"
2021-11-26,MSFT,"320,12","328,13","318,6","324,65","24217200,0"
2021-11-26,PETR4.SA,"9,45","9,68","9,31","9,42","108871800,0"
2021-11-29,AAPL,"157,1","158,03","155,68","156,25","88748200,0"
2021-11-29,GOOGL,"144,66","145,43","143,04","143,14","32596000,0"
2021-11-29,ITUB4.SA,"16,58","16,97","16,53","16,88","37085400,0"
2021-11-29,MGLU3.SA,"73,0","76,91","72,46","74,37","9113351,0"
2021-11-29,MSFT,"326,86","329,19","325,03","325,22","28563500,0"
2021-11-29,PETR4.SA,"9,78","9,89","9,56","9,74","84672200,0"
2021-11-30,AAPL,"162,06","162,28","156,79","156,85","174048100,0"
2021-11-30,GOOGL,"141,05","145,13","140,76","144,14","42068000,0"
2021-11-30,ITUB4.SA,"16,37","16,64","16,13","16,59","67146970,0"
2021-11-30,MGLU3.SA,"70,82","73,64","69,01","72,55","10025121,0"
2021-11-30,MSFT,"321,0","327,98","319,45","325,59","42885600,0"
2021-11-30,PETR4.SA,"9,77","9,83","9,58","9,72","129384600,0"
2021-12-01,AAPL,"161,54","166,96","161,31","164,2","152052500,0"
2021-12-01,GOOGL,"140,21","145,08","140,07","143,14","34020000,0"
2021-12-01,ITUB4.SA,"16,27","16,78","16,25","16,52","26234230,0"
2021-12-01,MGLU3.SA,"62,47","73,55","62,47","73,09","14993242,0"
2021-12-01,MSFT,"320,5","329,44","319,83","325,41","33337600,0"
2021-12-01,PETR4.SA,"9,82","10,18","9,78","9,9","135078600,0"
2021-12-02,AAPL,"160,55","160,98","154,71","155,63","136739200,0"
2021-12-02,GOOGL,"142,11","143,01","139,38","140,41","29194000,0"
2021-12-02,ITUB4.SA,"16,88","16,96","16,36","16,43","34489400,0"
2021-12-02,MGLU3.SA,"61,38","65,29","58,57","63,11","18588277,0"
2021-12-02,MSFT,"319,93","323,81","318,29","320,72","30766000,0"
2021-12-02,PETR4.SA,"10,57","10,62","9,77","10,06","191410300,0"
2021-12-03,AAPL,"158,67","161,73","156,59","160,81","118023100,0"
2021-12-03,GOOGL,"141,15","143,54","139,46","142,82","41230000,0"
2021-12-03,ITUB4.SA,"16,83","17,28","16,71","16,82","39054950,0"
2021-12-03,MGLU3.SA,"64,01","66,1","61,02","61,56","15152984,0"
2021-12-03,MSFT,"313,64","323,05","308,8","322,36","41779300,0"
2021-12-03,PETR4.SA,"10,72","10,79","10,52","10,62","105133000,0"
2021-12-06,AAPL,"162,08","164,59","161,06","161,07","107497000,0"
2021-12-06,GOOGL,"142,3","142,99","139,31","142,19","30618000,0"
2021-12-06,ITUB4.SA,"17,02","17,4","16,84","16,91","40975660,0"
2021-12-06,MGLU3.SA,"66,28","67,56","64,47","64,92","9046475,0"
2021-12-06,MSFT,"316,73","317,95","309,97","314,55","30032600,0"
2021-12-06,PETR4.SA,"10,77","10,91","10,69","10,73","66142300,0"
2021-12-07,AAPL,"167,83","168,22","165,04","165,77","120405400,0"
2021-12-07,GOOGL,"146,39","146,65","144,36","144,73","32240000,0"
2021-12-07,ITUB4.SA,"16,81","17,31","16,69","17,29","33767250,0"
2021-12-07,MGLU3.SA,"69,19","70,1","66,92","68,01","9115446,0"
2021-12-07,MSFT,"325,2","326,06","320,52","322,02","31021900,0"
2021-12-07,PETR4.SA,"10,94","11,02","10,74","10,91","98989300,0"
2021-12-08,AAPL,"171,65","172,51","167,35","168,76","116998900,0"
2021-12-08,GOOGL,"147,3","147,51","145,53","146,72","24270000,0"
2021-12-08,ITUB4.SA,"16,65","16,94","16,44","16,91","41727730,0"
2021-12-08,MGLU3.SA,"61,84","68,74","60,2","68,65","27330537,0"
2021-12-08,MSFT,"325,25","325,77","321,2","325,58","24761000,0"
2021-12-08,PETR4.SA,"10,94","11,21","10,89","10,94","71167700,0"
2021-12-09,AAPL,"171,14","173,29","170,51","171,48","108923700,0"
2021-12-09,GOOGL,"146,76","148,21","146,24","146,71","23270000,0"
2021-12-09,ITUB4.SA,"16,2","16,69","16,07","16,68","30760290,0"
2021-12-09,MGLU3.SA,"57,02","61,38","56,39","61,38","27566007,0"
2021-12-09,MSFT,"323,44","326,73","322,48","324,71","22214200,0"
2021-12-09,PETR4.SA,"10,92","10,99","10,73","10,85","67668200,0"
2021-12-10,AAPL,"175,93","176,11","171,27","171,78","115402700,0"
2021-12-10,GOOGL,"147,12","148,09","145,83","147,81","24458000,0"
2021-12-10,ITUB4.SA,"16,23","16,42","16,01","16,31","22765380,0"
2021-12-10,MGLU3.SA,"57,84","59,11","54,57","58,38","22364533,0"
2021-12-10,MSFT,"332,6","333,05","325,08","325,26","38095700,0"
2021-12-10,PETR4.SA,"11,05","11,22","10,99","11,0","38517500,0"
2021-12-13,AAPL,"172,3","178,56","172,09","177,57","153237000,0"
2021-12-13,GOOGL,"144,96","147,09","144,65","146,9","27070000,0"
2021-12-13,ITUB4.SA,"15,79","16,42","15,79","16,25","53385310,0"
2021-12-13,MGLU3.SA,"54,93","61,02","54,93","57,93","27322209,0"
2021-12-13,MSFT,"329,55","333,82","329,24","330,8","28899400,0"
2021-12-13,PETR4.SA,"10,98","11,2","10,92","11,06","45448700,0"
2021-12-14,AAPL,"170,91","174,26","168,84","171,82","139380400,0"
2021-12-14,GOOGL,"143,05","143,62","140,37","143,11","38446000,0"
2021-12-14,ITUB4.SA,"15,95","16,23","15,87","15,93","34625250,0"
2021-12-14,MGLU3.SA,"52,12","56,3","52,03","55,84","15256349,0"
2021-12-14,MSFT,"318,81","324,93","314,71","323,55","44438700,0"
2021-12-14,PETR4.SA,"10,85","11,13","10,81","11,04","56833800,0"
2021-12-15,AAPL,"175,79","175,98","168,93","171,68","131063300,0"
2021-12-15,GOOGL,"145,57","145,85","140,83","142,55","36370000,0"
2021-12-15,ITUB4.SA,"15,9","16,09","15,65","16,04","34892990,0"
2021-12-15,MGLU3.SA,"56,02","56,66","51,03","51,85","16358246,0"
2021-12-15,MSFT,"324,94","325,47","315,09","319,08","35381100,0"
2021-12-15,PETR4.SA,"10,92","10,92","10,66","10,85","55085100,0"
2021-12-16,AAPL,"168,88","177,59","167,4","175,77","150185800,0"
2021-12-16,GOOGL,"143,58","146,8","142,75","146,29","33650000,0"
2021-12-16,ITUB4.SA,"16,06","16,08","15,79","16,03","27673690,0"
2021-12-16,MGLU3.SA,"58,11","59,11","55,66","57,02","16024779,0"
2021-12-16,MSFT,"315,47","326,99","313,65","325,97","35034800,0"
2021-12-16,PETR4.SA,"11,07","11,17","11,0","11,04","56545700,0"
2021-12-17,AAPL,"167,79","170,07","166,36","166,6","195432700,0"
2021-12-17,GOOGL,"140,88","142,98","140,46","141,65","50416000,0"
2021-12-17,ITUB4.SA,"15,71","16,0","15,61","15,84","38808000,0"
2021-12-17,MGLU3.SA,"60,47","61,11","55,03","56,21","15670976,0"
2021-12-17,MSFT,"314,41","315,49","308,05","311,57","47750300,0"
2021-12-17,PETR4.SA,"10,81","11,05","10,73","10,93","93593700,0"
2021-12-20,AAPL,"166,42","167,24","164,18","164,98","107499100,0"
2021-12-20,GOOGL,"140,76","140,93","138,49","139,17","27192000,0"
2021-12-20,ITUB4.SA,"15,46","15,73","15,31","15,73","24576640,0"
2021-12-20,MGLU3.SA,"57,48","61,02","56,66","58,29","9924054,0"
2021-12-20,MSFT,"310,63","313,43","308,36","310,76","28326500,0"
2021-12-20,PETR4.SA,"10,5","10,64","10,32","10,6","106282500,0"
2021-12-21,AAPL,"169,6","169,81","165,81","168,2","91185900,0"
2021-12-21,GOOGL,"142,62","143,01","139,66","141,21","28756000,0"
2021-12-21,ITUB4.SA,"15,49","15,6","15,4","15,51","27380980,0"
2021-12-21,MGLU3.SA,"58,29","60,02","56,48","58,29","11982006,0"
2021-12-21,MSFT,"317,79","318,22","310,52","313,91","24740600,0"
2021-12-21,PETR4.SA,"10,51","10,71","10,48","10,64","40454500,0"
2021-12-22,AAPL,"172,2","172,41","168,78","169,65","92135300,0"
2021-12-22,GOOGL,"145,54","145,63","142,21","142,21","26322000,0"
2021-12-22,ITUB4.SA,"15,54","15,6","15,35","15,54","19900430,0"
2021-12-22,MGLU3.SA,"55,93","60,02","55,75","58,29","9122823,0"
2021-12-22,MSFT,"323,53","323,93","316,3","318,78","24831500,0"
2021-12-22,PETR4.SA,"10,5","10,59","10,43","10,59","33734500,0"
2021-12-23,AAPL,"172,83","173,38","171,84","172,4","68356600,0"
2021-12-23,GOOGL,"146,04","147,36","145,58","145,63","26384000,0"
2021-12-23,ITUB4.SA,"15,62","15,79","15,5","15,62","24614700,0"
2021-12-23,MGLU3.SA,"56,3","57,57","54,39","56,48","10382088,0"
2021-12-23,MSFT,"324,98","326,63","323,08","323,1","19617800,0"
2021-12-23,PETR4.SA,"10,56","10,59","10,49","10,56","28713600,0"
2021-12-27,AAPL,"176,8","176,88","173,6","173,62","74919600,0"
2021-12-27,GOOGL,"147,02","147,46","146,29","146,38","15976000,0"
2021-12-27,ITUB4.SA,"15,79","15,89","15,6","15,73","15428380,0"
2021-12-27,MGLU3.SA,"61,56","61,56","56,57","56,57","13287362,0"
2021-12-27,MSFT,"332,51","332,54","325,7","325,73","19947000,0"
2021-12-27,PETR4.SA,"10,72","10,73","10,49","10,56","44227900,0"
2021-12-28,AAPL,"175,78","177,78","175,03","176,63","79144300,0"
2021-12-28,GOOGL,"145,81","147,41","145,18","147,35","18200000,0"
2021-12-28,ITUB4.SA,"15,73","15,89","15,67","15,84","16823620,0"
2021-12-28,MGLU3.SA,"62,02","63,2","60,29","61,65","17702316,0"
2021-12-28,MSFT,"331,35","333,84","330,45","333,19","15661500,0"
2021-12-28,PETR4.SA,"10,73","10,91","10,7","10,81","30688100,0"
2021-12-29,AAPL,"175,86","177,09","174,65","175,82","62348900,0"
2021-12-29,GOOGL,"145,78","146,54","144,78","145,77","17788000,0"
2021-12-29,ITUB4.SA,"15,6","15,8","15,54","15,76","14141710,0"
2021-12-29,MGLU3.SA,"61,38","62,65","60,84","62,11","8472727,0"
2021-12-29,MSFT,"332,03","334,31","329,83","331,4","15042000,0"
2021-12-29,PETR4.SA,"10,64","10,77","10,59","10,7","35508400,0"
2021-12-30,AAPL,"174,71","177,03","174,6","175,95","59773000,0"
2021-12-30,GOOGL,"145,33","146,42","145,12","145,82","15688000,0"
2021-12-30,ITUB4.SA,"15,34","15,7","15,34","15,7","43997030,0"
2021-12-30,MGLU3.SA,"65,56","67,28","61,47","61,74","19279899,0"
2021-12-30,MSFT,"329,48","333,17","328,99","331,99","15994500,0"
2021-12-30,PETR4.SA,"10,6","10,7","10,58","10,64","43229100,0"
2021-12-31,AAPL,"174,09","175,72","173,79","174,6","64062300,0"
2021-12-31,GOOGL,"143,99","145,82","143,99","145,18","18136000,0"
2021-12-31,MSFT,"326,56","329,51","326,11","328,69","18000800,0"
2022-01-03,AAPL,"178,44","179,3","174,23","174,35","104487900,0"
2022-01-03,GOOGL,"144,13","144,98","142,86","144,19","28646000,0"
2022-01-03,ITUB4.SA,"15,76","15,98","15,45","15,51","36138190,0"
2022-01-03,MGLU3.SA,"61,02","67,28","60,56","67,28","15549916,0"
2022-01-03,MSFT,"325,04","328,19","320,21","325,62","28865100,0"
2022-01-03,PETR4.SA,"10,84","10,89","10,63","10,64","52704700,0"
2022-01-04,AAPL,"176,18","179,35","175,61","179,05","99310400,0"
2022-01-04,GOOGL,"143,54","145,61","142,86","144,53","28400000,0"
2022-01-04,ITUB4.SA,"16,21","16,25","15,7","15,84","48343460,0"
2022-01-04,MGLU3.SA,"60,02","63,02","58,57","61,56","10128636,0"
2022-01-04,MSFT,"319,46","325,48","316,66","325,12","32674300,0"
2022-01-04,PETR4.SA,"10,88","10,96","10,78","10,87","51739200,0"
2022-01-05,AAPL,"171,49","176,64","171,22","176,09","94537600,0"
2022-01-05,GOOGL,"136,95","143,64","136,87","143,56","54618000,0"
2022-01-05,ITUB4.SA,"15,9","16,28","15,78","16,19","34807190,0"
2022-01-05,MGLU3.SA,"58,29","61,11","57,84","59,2","9907579,0"
2022-01-05,MSFT,"307,2","316,61","306,81","316,41","40054300,0"
2022-01-05,PETR4.SA,"10,46","10,91","10,41","10,88","78459800,0"
2022-01-06,AAPL,"168,63","171,86","168,28","169,32","96904000,0"
2022-01-06,GOOGL,"136,93","139,11","135,74","136,18","37348000,0"
2022-01-06,ITUB4.SA,"16,22","16,3","15,77","15,86","39441490,0"
2022-01-06,MGLU3.SA,"56,75","59,29","55,66","58,66","10315224,0"
2022-01-06,MSFT,"304,77","309,45","302,45","304,06","39646100,0"
2022-01-06,PETR4.SA,"10,46","10,68","10,38","10,54","61163100,0"
2022-01-07,AAPL,"168,8","170,73","167,68","169,5","86709100,0"
2022-01-07,GOOGL,"136,2","137,62","134,96","137,32","29760000,0"
2022-01-07,ITUB4.SA,"16,58","16,6","16,03","16,19","47174930,0"
2022-01-07,MGLU3.SA,"56,48","60,2","55,48","56,93","14186420,0"
2022-01-07,MSFT,"304,93","307,32","301,09","305,04","32720000,0"
2022-01-07,PETR4.SA,"10,5","10,54","10,37","10,48","47507600,0"
2022-01-10,AAPL,"168,82","169,12","164,87","165,77","106765600,0"
2022-01-10,GOOGL,"137,84","137,99","132,37","134,27","44408000,0"
2022-01-10,ITUB4.SA,"16,74","16,77","16,35","16,54","45753290,0"
2022-01-10,MGLU3.SA,"52,12","55,84","52,12","55,75","12229407,0"
2022-01-10,MSFT,"305,15","305,59","295,85","300,51","44289500,0"
2022-01-10,PETR4.SA,"10,44","10,53","10,33","10,43","37455200,0"
2022-01-11,AAPL,"171,65","171,75","167,47","168,94","76138300,0"
2022-01-11,GOOGL,"138,9","139,38","135,88","137,18","28730000,0"
2022-01-11,ITUB4.SA,"17,11","17,11","16,63","16,7","61516180,0"
2022-01-11,MGLU3.SA,"53,3","54,57","51,94","52,21","15284949,0"
2022-01-11,MSFT,"305,84","307,42","300,9","304,29","29386800,0"
2022-01-11,PETR4.SA,"10,75","10,84","10,38","10,47","73623800,0"
2022-01-12,AAPL,"172,09","173,71","171,39","172,67","74805200,0"
2022-01-12,GOOGL,"140,59","141,76","139,86","140,31","26108000,0"
2022-01-12,ITUB4.SA,"17,04","17,22","16,8","17,04","45855700,0"
2022-01-12,MGLU3.SA,"57,3","57,84","52,48","53,57","13614842,0"
2022-01-12,MSFT,"309,04","314,03","307,88","310,4","34372200,0"
2022-01-12,PETR4.SA,"11,08","11,15","10,79","10,79","81378200,0"
2022-01-13,AAPL,"168,82","173,16","168,42","172,34","84505800,0"
2022-01-13,GOOGL,"137,76","142,0","137,58","140,7","31436000,0"
2022-01-13,ITUB4.SA,"17,35","17,46","16,89","16,92","47756060,0"
2022-01-13,MGLU3.SA,"55,3","57,02","53,57","56,75","13811074,0"
2022-01-13,MSFT,"295,96","311,57","295,18","311,17","45366000,0"
2022-01-13,PETR4.SA,"11,3","11,42","11,0","11,01","76717500,0"
2022-01-14,AAPL,"169,68","170,37","167,74","167,98","80440800,0"
2022-01-14,GOOGL,"138,65","139,9","136,18","136,26","29662000,0"
2022-01-14,ITUB4.SA,"17,22","17,48","17,15","17,27","32915410,0"
2022-01-14,MGLU3.SA,"57,48","58,29","55,21","55,48","11124014,0"
2022-01-14,MSFT,"301,2","301,8","294,94","295,42","39846400,0"
2022-01-14,PETR4.SA,"11,72","11,78","11,27","11,29","96458800,0"
2022-01-17,ITUB4.SA,"17,22","17,4","16,96","17,19","19367920,0"
2022-01-17,MGLU3.SA,"55,57","57,93","55,57","56,93","6607458,0"
2022-01-17,PETR4.SA,"11,74","11,86","11,65","11,7","35675900,0"
2022-01-18,AAPL,"166,47","169,16","166,09","168,15","90956700,0"
2022-01-18,GOOGL,"135,19","136,31","134,63","135,36","34872000,0"
2022-01-18,ITUB4.SA,"17,32","17,56","17,05","17,14","47950540,0"
2022-01-18,MGLU3.SA,"53,48","56,57","53,48","55,21","12510582,0"
2022-01-18,MSFT,"293,87","300,81","292,99","295,25","42333200,0"
2022-01-18,PETR4.SA,"11,79","11,92","11,54","11,76","78198800,0"
2022-01-19,AAPL,"162,97","167,73","162,69","166,67","94815000,0"
2022-01-19,GOOGL,"134,31","137,14","134,21","135,71","28648000,0"
2022-01-19,ITUB4.SA,"17,21","17,65","17,15","17,46","34017830,0"
2022-01-19,MGLU3.SA,"57,3","59,93","54,57","54,57","21150311,0"
2022-01-19,MSFT,"294,53","304,8","293,92","297,4","45933900,0"
2022-01-19,PETR4.SA,"11,74","12,01","11,72","11,89","77480200,0"
2022-01-20,AAPL,"161,29","166,35","160,96","163,71","91420500,0"
2022-01-20,GOOGL,"132,51","136,81","132,17","135,44","29908000,0"
2022-01-20,ITUB4.SA,"17,07","17,35","16,99","17,25","28535870,0"
2022-01-20,MGLU3.SA,"60,38","61,84","57,66","57,75","15051800,0"
2022-01-20,MSFT,"292,85","302,61","292,4","300,1","35380700,0"
2022-01-20,PETR4.SA,"11,82","11,93","11,6","11,74","85353100,0"
2022-01-21,AAPL,"159,23","163,07","159,12","161,2","122848900,0"
2022-01-21,GOOGL,"129,57","134,06","129,31","131,8","55652000,0"
2022-01-21,ITUB4.SA,"17,07","17,33","16,94","16,99","41433370,0"
2022-01-21,MGLU3.SA,"62,65","64,29","58,66","59,38","16159278,0"
2022-01-21,MSFT,"287,44","295,29","287,03","293,91","57984400,0"
2022-01-21,PETR4.SA,"11,84","11,88","11,75","11,77","61345400,0"
2022-01-24,AAPL,"158,45","159,12","151,67","156,88","162294600,0"
2022-01-24,GOOGL,"130,02","130,42","123,76","125,23","76622000,0"
2022-01-24,ITUB4.SA,"17,05","17,26","16,76","17,11","43612910,0"
2022-01-24,MGLU3.SA,"58,02","63,56","58,02","62,56","14230512,0"
2022-01-24,MSFT,"287,77","288,49","268,04","283,72","85731500,0"
2022-01-24,PETR4.SA,"11,91","12,02","11,57","11,81","79117100,0"
2022-01-25,AAPL,"156,65","159,57","153,94","155,86","115798400,0"
2022-01-25,GOOGL,"126,18","128,63","125,75","127,97","46960000,0"
2022-01-25,ITUB4.SA,"17,67","17,7","16,85","16,9","43286760,0"
2022-01-25,MGLU3.SA,"61,02","61,38","56,3","57,75","18398129,0"
2022-01-25,MSFT,"280,12","286,43","276,9","283,06","72848600,0"
2022-01-25,PETR4.SA,"12,3","12,39","11,77","11,82","98358500,0"
2022-01-26,AAPL,"156,56","161,17","154,73","160,3","108275300,0"
2022-01-26,GOOGL,"128,46","132,21","126,38","130,34","49130000,0"
2022-01-26,ITUB4.SA,"17,86","17,95","17,45","17,83","61470530,0"
2022-01-26,MGLU3.SA,"61,29","64,29","59,93","63,11","14496580,0"
2022-01-26,MSFT,"288,1","299,55","284,53","299,05","90428900,0"
2022-01-26,PETR4.SA,"12,62","12,77","12,41","12,41","98679900,0"
2022-01-27,AAPL,"156,1","160,63","155,18","159,27","121954600,0"
2022-01-27,GOOGL,"128,24","131,86","128,16","130,52","31950000,0"
2022-01-27,ITUB4.SA,"17,95","18,26","17,73","17,95","45699170,0"
2022-01-27,MGLU3.SA,"65,56","66,1","62,47","62,74","17297569,0"
2022-01-27,MSFT,"291,14","298,38","289,29","293,88","53481300,0"
2022-01-27,PETR4.SA,"12,63","12,91","12,36","12,77","90631000,0"
2022-01-28,AAPL,"166,99","167,01","159,61","162,46","179935700,0"
2022-01-28,GOOGL,"132,56","132,56","127,72","128,89","34362000,0"
2022-01-28,ITUB4.SA,"18,17","18,18","17,68","17,7","32389170,0"
2022-01-28,MGLU3.SA,"60,93","65,65","60,11","65,47","19853508,0"
2022-01-28,MSFT,"299,32","299,53","285,91","291,52","49743700,0"
2022-01-28,PETR4.SA,"12,13","12,8","12,01","12,6","117400500,0"
2022-01-31,AAPL,"171,35","171,57","166,19","166,83","115541600,0"
2022-01-31,GOOGL,"134,5","134,67","131,42","133,36","39986000,0"
2022-01-31,ITUB4.SA,"18,56","18,69","17,97","18,08","48669280,0"
2022-01-31,MGLU3.SA,"63,56","64,56","60,56","61,74","15968670,0"
2022-01-31,MSFT,"301,96","303,32","297,48","299,99","46444500,0"
2022-01-31,PETR4.SA,"12,06","12,3","11,95","12,11","62450300,0"
2022-02-01,AAPL,"171,19","171,41","168,93","170,6","86213900,0"
2022-02-01,GOOGL,"136,82","136,97","133,57","136,77","68644000,0"
2022-02-01,ITUB4.SA,"18,69","18,84","18,46","18,55","31649420,0"
2022-02-01,MGLU3.SA,"63,65","66,56","62,47","63,56","16505105,0"
2022-02-01,MSFT,"299,8","301,62","296,28","301,4","40950400,0"
2022-02-01,PETR4.SA,"12,3","12,42","11,91","12,06","57315200,0"
2022-02-02,AAPL,"172,39","172,43","169,93","171,33","84914300,0"
2022-02-02,GOOGL,"147,12","150,64","144,65","150,35","123200000,0"
2022-02-02,ITUB4.SA,"18,4","18,71","18,27","18,68","37956710,0"
2022-02-02,MGLU3.SA,"59,11","65,83","58,48","64,38","22254721,0"
2022-02-02,MSFT,"304,37","305,98","299,92","300,65","36636000,0"
2022-02-02,PETR4.SA,"12,12","12,48","12,06","12,45","36271700,0"
2022-02-03,AAPL,"169,51","172,79","168,75","171,06","89418100,0"
2022-02-03,GOOGL,"142,24","148,78","141,81","144,84","71518000,0"
2022-02-03,ITUB4.SA,"18,61","18,72","18,12","18,48","45885180,0"
2022-02-03,MGLU3.SA,"59,29","62,2","57,57","59,93","17656813,0"
2022-02-03,MSFT,"292,51","302,2","291,26","300,51","43730000,0"
2022-02-03,PETR4.SA,"11,95","12,27","11,79","12,06","51087800,0"
2022-02-04,AAPL,"169,23","170,91","167,55","168,53","82465400,0"
2022-02-04,GOOGL,"142,44","144,01","139,68","142,59","57998000,0"
2022-02-04,ITUB4.SA,"18,67","18,89","18,48","18,51","38053290,0"
2022-02-04,MGLU3.SA,"57,48","59,93","56,3","59,47","12369316,0"
2022-02-04,MSFT,"297,06","299,84","291,27","291,5","35096500,0"
2022-02-04,PETR4.SA,"12,16","12,39","11,88","12,08","59346800,0"
2022-02-07,AAPL,"168,51","170,76","167,81","169,69","77251200,0"
2022-02-07,GOOGL,"138,37","143,39","138,07","143,39","54974000,0"
2022-02-07,ITUB4.SA,"18,57","18,74","18,5","18,66","25404830,0"
2022-02-07,MGLU3.SA,"57,3","59,93","56,57","57,48","11347658,0"
2022-02-07,MSFT,"292,22","298,91","291,2","297,29","28533300,0"
2022-02-07,PETR4.SA,"11,98","12,22","11,98","12,13","48868100,0"
2022-02-08,AAPL,"171,62","172,13","168,28","168,58","74829200,0"
2022-02-08,GOOGL,"138,57","139,17","136,2","138,2","54284000,0"
2022-02-08,ITUB4.SA,"18,77","18,86","18,35","18,54","41067290,0"
2022-02-08,MGLU3.SA,"59,38","59,38","56,66","57,3","9324818,0"
2022-02-08,MSFT,"295,72","296,69","291,25","292,51","32421200,0"
2022-02-08,PETR4.SA,"11,86","11,91","11,65","11,89","62590000,0"
2022-02-09,AAPL,"173,05","173,41","171,69","172,82","71285000,0"
2022-02-09,GOOGL,"140,75","141,67","139,35","140,12","40144000,0"
2022-02-09,ITUB4.SA,"18,02","18,63","18,02","18,3","97982940,0"
2022-02-09,MGLU3.SA,"59,93","62,2","57,93","59,84","11615598,0"
2022-02-09,MSFT,"302,18","302,88","298,47","300,88","31284700,0"
2022-02-09,PETR4.SA,"11,91","12,19","11,8","11,83","50960500,0"
2022-02-10,AAPL,"168,96","172,26","168,4","170,94","90865900,0"
2022-02-10,GOOGL,"137,79","140,64","137,13","138,87","39330000,0"
2022-02-10,ITUB4.SA,"18,37","18,56","17,94","18,0","66343310,0"
2022-02-10,MGLU3.SA,"63,02","63,38","58,38","60,56","16777984,0"
2022-02-10,MSFT,"293,61","300,15","291,98","295,22","45386200,0"
2022-02-10,PETR4.SA,"12,09","12,26","11,91","12,04","49534600,0"
2022-02-11,AAPL,"165,55","169,9","164,96","169,17","98670700,0"
2022-02-11,GOOGL,"133,48","138,33","132,6","137,77","39958000,0"
2022-02-11,ITUB4.SA,"19,45","19,8","19,19","19,32","176736890,0"
2022-02-11,MGLU3.SA,"57,66","63,74","57,2","63,38","20839146,0"
2022-02-11,MSFT,"286,48","295,46","285,68","294,39","39175600,0"
2022-02-11,PETR4.SA,"12,58","12,64","12,16","12,21","88013400,0"
2022-02-14,AAPL,"165,78","166,47","163,5","164,3","86185500,0"
2022-02-14,GOOGL,"134,72","135,49","132,46","132,46","34302000,0"
2022-02-14,ITUB4.SA,"19,41","19,57","19,26","19,51","41789440,0"
2022-02-14,MGLU3.SA,"58,84","60,11","57,39","57,66","12541320,0"
2022-02-14,MSFT,"286,44","288,15","282,9","285,25","36359500,0"
2022-02-14,PETR4.SA,"12,3","12,65","12,23","12,62","55687000,0"
2022-02-15,AAPL,"169,62","169,78","167,13","167,83","62527400,0"
2022-02-15,GOOGL,"135,79","137,29","135,01","136,75","26680000,0"
2022-02-15,ITUB4.SA,"19,59","19,73","19,43","19,65","32365080,0"
2022-02-15,MGLU3.SA,"62,11","62,11","60,02","60,02","10149463,0"
2022-02-15,MSFT,"291,75","292,07","288,4","291,31","27058300,0"
2022-02-15,PETR4.SA,"12,11","12,18","11,89","12,17","65689000,0"
2022-02-16,AAPL,"169,38","170,16","166,93","168,7","61177400,0"
2022-02-16,GOOGL,"136,92","137,26","134,12","135,83","25022000,0"
2022-02-16,ITUB4.SA,"19,39","19,7","19,34","19,64","43114610,0"
2022-02-16,MGLU3.SA,"61,93","63,38","61,02","62,02","10727680,0"
2022-02-16,MSFT,"291,41","292,75","285,75","290,31","29982100,0"
2022-02-16,PETR4.SA,"12,27","12,56","12,21","12,24","65811600,0"
2022-02-17,AAPL,"165,78","168,76","165,38","167,89","69589300,0"
2022-02-17,GOOGL,"131,75","136,3","131,69","135,43","38950000,0"
2022-02-17,ITUB4.SA,"19,12","19,42","19,04","19,36","37081660,0"
2022-02-17,MGLU3.SA,"60,2","62,93","59,84","61,84","10410806,0"
2022-02-17,MSFT,"282,88","288,78","282,17","288,36","32461600,0"
2022-02-17,PETR4.SA,"12,23","12,41","12,13","12,24","43255200,0"
2022-02-18,AAPL,"164,23","167,41","163,14","166,7","82772700,0"
2022-02-18,GOOGL,"129,63","133,27","129,42","132,67","45620000,0"
2022-02-18,ITUB4.SA,"19,19","19,47","19,11","19,23","29053090,0"
2022-02-18,MGLU3.SA,"57,75","61,93","57,75","61,02","12939546,0"
2022-02-18,MSFT,"280,15","285,92","278,58","285,14","34264000,0"
2022-02-18,PETR4.SA,"12,3","12,33","12,03","12,14","60304700,0"
2022-02-21,ITUB4.SA,"18,72","19,27","18,5","19,23","24661450,0"
2022-02-21,MGLU3.SA,"54,66","58,57","54,66","58,29","9255077,0"
2022-02-21,PETR4.SA,"12,62","12,67","12,3","12,32","51263800,0"
2022-02-22,AAPL,"161,31","163,63","159,17","161,95","91162800,0"
2022-02-22,GOOGL,"129,04","131,39","127,46","129,06","44990000,0"
2022-02-22,ITUB4.SA,"18,89","19,18","18,7","18,89","33319000,0"
2022-02-22,MGLU3.SA,"55,12","57,3","54,57","56,02","14001425,0"
2022-02-22,MSFT,"279,95","283,67","276,82","277,3","41736100,0"
2022-02-22,PETR4.SA,"12,58","12,93","12,38","12,76","80206700,0"
2022-02-23,AAPL,"157,13","163,1","156,82","162,5","90009200,0"
2022-02-23,GOOGL,"126,83","131,26","126,77","130,86","32786000,0"
2022-02-23,ITUB4.SA,"18,63","19,13","18,58","18,91","24763200,0"
2022-02-23,MGLU3.SA,"53,66","58,93","53,66","55,75","15764420,0"
2022-02-23,MSFT,"272,7","283,82","272,54","282,34","37811200,0"
2022-02-23,PETR4.SA,"12,76","12,9","12,6","12,74","86530100,0"
2022-02-24,AAPL,"159,75","159,86","149,21","149,78","141147500,0"
2022-02-24,GOOGL,"131,9","132,21","124,21","124,21","54456000,0"
2022-02-24,ITUB4.SA,"18,31","18,44","17,86","18,16","48436520,0"
2022-02-24,MGLU3.SA,"55,57","55,93","48,4","50,39","17715691,0"
2022-02-24,MSFT,"286,63","287,19","264,19","265,15","56989700,0"
2022-02-24,PETR4.SA,"12,45","13,15","12,18","12,97","139674100,0"
2022-02-25,AAPL,"161,83","162,09","157,92","160,83","91974200,0"
2022-02-25,GOOGL,"133,66","134,47","130,97","132,76","36406000,0"
2022-02-25,ITUB4.SA,"18,69","18,71","18,2","18,25","42786810,0"
2022-02-25,MGLU3.SA,"54,57","56,93","53,21","56,21","14294286,0"
2022-02-25,MSFT,"289,28","289,59","283,77","287,17","32546700,0"
2022-02-25,PETR4.SA,"12,67","12,67","12,26","12,47","86189100,0"
2022-02-28,AAPL,"162,09","162,38","159,45","160,07","95056600,0"
2022-02-28,GOOGL,"134,25","134,94","131,8","132,26","38864000,0"
2022-02-28,MSFT,"290,72","291,06","285,09","286,36","34627500,0"
2022-03-01,AAPL,"160,21","163,54","159,0","161,68","83474400,0"
2022-03-01,GOOGL,"133,26","135,44","132,42","134,07","26496000,0"
2022-03-01,MSFT,"286,98","291,87","284,26","288,4","31217800,0"
2022-03-02,AAPL,"163,5","164,29","159,96","161,37","79724800,0"
2022-03-02,GOOGL,"133,77","134,46","132,28","133,83","23520000,0"
2022-03-02,ITUB4.SA,"18,38","18,66","18,29","18,48","35717770,0"
2022-03-02,MGLU3.SA,"57,3","57,57","53,94","54,03","10850793,0"
2022-03-02,MSFT,"292,08","293,33","285,77","287,38","31873000,0"
2022-03-02,PETR4.SA,"12,92","13,15","12,82","13,14","58071800,0"
2022-03-03,AAPL,"163,18","165,81","162,51","165,38","76678400,0"
2022-03-03,GOOGL,"133,1","135,63","132,23","135,2","24604000,0"
2022-03-03,ITUB4.SA,"18,39","18,98","18,13","18,38","48997190,0"
2022-03-03,MGLU3.SA,"57,3","58,84","55,84","57,48","10938890,0"
2022-03-03,MSFT,"287,93","294,94","286,11","294,71","27314500,0"
2022-03-03,PETR4.SA,"12,76","13,02","12,73","12,98","69237400,0"
2022-03-04,AAPL,"160,18","162,51","159,13","161,47","83737200,0"
2022-03-04,GOOGL,"131,12","133,05","129,56","132,14","30430000,0"
2022-03-04,ITUB4.SA,"18,11","18,45","17,83","18,41","33368830,0"
2022-03-04,MGLU3.SA,"57,11","58,2","55,48","57,11","9378061,0"
2022-03-04,MSFT,"282,03","287,68","279,42","286,34","32356500,0"
2022-03-04,PETR4.SA,"12,76","12,93","12,61","12,7","55418000,0"
2022-03-07,AAPL,"156,38","161,99","156,12","160,36","96418800,0"
2022-03-07,GOOGL,"125,63","130,95","125,54","130,7","45112000,0"
2022-03-07,ITUB4.SA,"17,72","17,95","17,64","17,82","58147650,0"
2022-03-07,MGLU3.SA,"53,12","57,57","52,66","56,48","9305573,0"
2022-03-07,MSFT,"271,38","281,87","271,01","280,74","43157200,0"
2022-03-07,PETR4.SA,"11,85","12,9","11,79","12,86","110954100,0"
2022-03-08,AAPL,"154,55","159,89","152,94","155,91","131148300,0"
2022-03-08,GOOGL,"126,35","130,47","124,93","125,5","40428000,0"
2022-03-08,ITUB4.SA,"17,55","17,96","17,47","17,79","47830750,0"
2022-03-08,MGLU3.SA,"54,93","56,75","52,21","54,93","15750243,0"
2022-03-08,MSFT,"268,4","276,29","262,71","270,3","48159500,0"
2022-03-08,PETR4.SA,"12,1","12,29","11,75","11,93","111633500,0"
2022-03-09,AAPL,"159,96","160,41","156,49","158,52","91454900,0"
2022-03-09,GOOGL,"132,62","132,94","129,13","130,47","37026000,0"
2022-03-09,ITUB4.SA,"18,43","18,58","17,74","17,78","56756480,0"
2022-03-09,MGLU3.SA,"56,57","59,2","56,02","56,57","14843326,0"
2022-03-09,MSFT,"280,71","281,78","273,2","275,79","35204500,0"
2022-03-09,PETR4.SA,"12,14","12,23","11,83","12,15","87779300,0"
2022-03-10,AAPL,"155,61","157,45","153,12","157,26","105342000,0"
2022-03-10,GOOGL,"131,64","132,48","130,13","130,48","27102000,0"
2022-03-10,ITUB4.SA,"18,44","18,44","17,97","18,16","32575840,0"
2022-03-10,MGLU3.SA,"54,12","55,93","52,85","55,84","15160735,0"
2022-03-10,MSFT,"277,88","278,86","273,0","275,38","30628000,0"
2022-03-10,PETR4.SA,"12,56","12,9","12,12","12,15","136437700,0"
2022-03-11,AAPL,"151,89","156,36","151,67","156,01","96970100,0"
2022-03-11,GOOGL,"129,1","133,0","128,86","132,69","31526000,0"
2022-03-11,ITUB4.SA,"18,24","18,79","18,19","18,52","47232240,0"
2022-03-11,MGLU3.SA,"51,67","57,2","51,67","54,75","17528355,0"
2022-03-11,MSFT,"272,51","281,69","271,88","280,18","27209300,0"
2022-03-11,PETR4.SA,"12,11","12,81","11,95","12,64","92153700,0"
2022-03-14,AAPL,"147,86","151,29","147,35","148,67","108732100,0"
2022-03-14,GOOGL,"125,2","129,63","124,53","129,47","38812000,0"
2022-03-14,ITUB4.SA,"18,49","18,75","18,36","18,37","35211110,0"
2022-03-14,MGLU3.SA,"48,4","53,48","48,12","53,21","14100107,0"
2022-03-14,MSFT,"268,97","277,69","268,37","272,77","30660700,0"
2022-03-14,PETR4.SA,"11,88","12,26","11,75","12,09","52274100,0"
2022-03-15,AAPL,"152,24","152,72","147,62","148,13","92964300,0"
2022-03-15,GOOGL,"128,43","129,08","124,97","126,22","30920000,0"
2022-03-15,ITUB4.SA,"18,43","18,68","18,13","18,44","40505630,0"
2022-03-15,MGLU3.SA,"44,22","45,58","42,22","43,58","26938780,0"
2022-03-15,MSFT,"279,4","280,05","271,2","272,78","34245100,0"
2022-03-15,PETR4.SA,"11,59","11,76","11,36","11,61","66272000,0"
2022-03-16,AAPL,"156,66","157,06","151,63","154,17","102300200,0"
2022-03-16,GOOGL,"132,49","132,54","127,97","129,95","35576000,0"
2022-03-16,ITUB4.SA,"18,79","18,84","18,46","18,61","44408760,0"
2022-03-16,MGLU3.SA,"46,58","47,22","44,58","45,85","17431576,0"
2022-03-16,MSFT,"286,44","286,62","275,55","281,3","37826300,0"
2022-03-16,PETR4.SA,"11,49","11,76","11,32","11,74","72034900,0"
2022-03-17,AAPL,"157,67","158,05","154,74","155,7","75615400,0"
2022-03-17,GOOGL,"133,04","133,28","131,4","132,36","28264000,0"
2022-03-17,ITUB4.SA,"19,2","19,23","18,69","18,83","47677850,0"
2022-03-17,MGLU3.SA,"50,3","50,39","45,49","46,58","16948940,0"
2022-03-17,MSFT,"287,25","287,63","281,56","285,37","30816600,0"
2022-03-17,PETR4.SA,"11,19","11,7","11,0","11,65","178319300,0"
2022-03-18,AAPL,"160,97","161,46","156,83","157,56","123511700,0"
2022-03-18,GOOGL,"135,31","135,43","131,47","132,63","44566000,0"
2022-03-18,ITUB4.SA,"19,34","19,53","19,14","19,16","71270430,0"
2022-03-18,MGLU3.SA,"52,85","53,3","48,85","49,21","14070674,0"
2022-03-18,MSFT,"292,32","292,87","284,82","287,39","43390600,0"
2022-03-18,PETR4.SA,"11,41","11,49","11,13","11,22","93097100,0"
2022-03-21,AAPL,"162,35","163,3","160,02","160,51","95811400,0"
2022-03-21,GOOGL,"135,29","136,23","133,29","135,35","26832000,0"
2022-03-21,ITUB4.SA,"19,82","19,89","19,35","19,41","39558860,0"
2022-03-21,MGLU3.SA,"51,94","54,12","51,3","53,03","13340103,0"
2022-03-21,MSFT,"291,08","292,03","286,94","290,82","28351200,0"
2022-03-21,PETR4.SA,"11,84","11,96","11,42","11,52","67700800,0"
2022-03-22,AAPL,"165,72","166,31","161,88","162,47","81532000,0"
2022-03-22,GOOGL,"139,03","140,21","135,29","135,29","35496000,0"
2022-03-22,ITUB4.SA,"20,09","20,21","19,9","19,97","40525430,0"
2022-03-22,MGLU3.SA,"52,76","54,3","51,85","52,66","12905793,0"
2022-03-22,MSFT,"295,85","296,76","290,7","291,7","27599700,0"
2022-03-22,PETR4.SA,"11,79","11,97","11,69","11,92","56128600,0"
2022-03-23,AAPL,"167,09","169,47","164,57","164,91","98062700,0"
2022-03-23,GOOGL,"137,45","138,76","137,01","137,88","25154000,0"
2022-03-23,ITUB4.SA,"20,0","20,29","19,95","20,11","29702970,0"
2022-03-23,MGLU3.SA,"54,48","54,84","51,67","52,57","17724640,0"
2022-03-23,MSFT,"291,4","295,04","289,68","292,39","25715400,0"
2022-03-23,PETR4.SA,"11,95","12,1","11,81","11,9","52956100,0"
2022-03-24,AAPL,"170,88","170,94","167,09","167,92","90131400,0"
2022-03-24,GOOGL,"140,73","140,77","136,93","138,37","26396000,0"
2022-03-24,ITUB4.SA,"20,13","20,36","19,99","20,07","52267930,0"
2022-03-24,MGLU3.SA,"59,93","60,56","54,21","54,93","19837182,0"
2022-03-24,MSFT,"295,89","295,99","290,26","291,06","24484500,0"
2022-03-24,PETR4.SA,"12,08","12,15","11,8","11,95","49402800,0"
2022-03-25,AAPL,"171,51","172,06","169,58","170,69","80546200,0"
2022-03-25,GOOGL,"140,83","141,19","138,9","141,07","24126000,0"
2022-03-25,ITUB4.SA,"20,17","20,21","19,92","20,21","35284370,0"
2022-03-25,MGLU3.SA,"59,38","61,74","57,57","60,2","14964889,0"
2022-03-25,MSFT,"295,48","297,25","291,21","296,99","22566500,0"
2022-03-25,PETR4.SA,"12,04","12,13","11,9","11,98","51780100,0"
2022-03-28,AAPL,"172,38","172,51","168,84","169,01","90371900,0"
2022-03-28,GOOGL,"140,61","141,16","138,98","140,06","35050000,0"
2022-03-28,ITUB4.SA,"20,15","20,34","19,91","20,22","23700270,0"
2022-03-28,MGLU3.SA,"58,75","60,56","58,02","59,47","8765973,0"
2022-03-28,MSFT,"302,31","302,41","296,11","296,11","29578200,0"
2022-03-28,PETR4.SA,"11,78","11,96","11,55","11,95","68610500,0"
2022-03-29,AAPL,"175,68","175,73","173,1","173,45","100589400,0"
2022-03-29,GOOGL,"141,66","142,94","141,19","141,8","34318000,0"
2022-03-29,ITUB4.SA,"20,39","20,62","20,11","20,34","32853260,0"
2022-03-29,MGLU3.SA,"63,56","64,65","60,65","60,65","17928153,0"
2022-03-29,MSFT,"306,89","307,29","300,7","305,43","30393400,0"
2022-03-29,PETR4.SA,"12,04","12,21","11,9","11,98","93809000,0"
2022-03-30,AAPL,"174,51","176,31","173,46","175,27","92633200,0"
2022-03-30,GOOGL,"141,09","141,87","140,76","141,61","19884000,0"
2022-03-30,ITUB4.SA,"20,43","20,53","20,21","20,44","36282840,0"
2022-03-30,MGLU3.SA,"62,38","64,74","61,11","63,65","12713015,0"
2022-03-30,MSFT,"305,38","307,42","303,17","305,29","28163600,0"
2022-03-30,PETR4.SA,"12,3","12,3","12,07","12,11","69648400,0"
2022-03-31,AAPL,"171,41","174,76","171,2","174,58","103049300,0"
2022-03-31,GOOGL,"138,24","141,26","138,2","141,21","37524000,0"
2022-03-31,ITUB4.SA,"20,18","20,56","20,04","20,47","44990990,0"
2022-03-31,MGLU3.SA,"61,93","63,47","61,38","62,93","10712637,0"
2022-03-31,MSFT,"299,98","306,63","299,58","305,42","33422100,0"
2022-03-31,PETR4.SA,"12,47","12,51","12,11","12,14","94269500,0"
2022-04-01,AAPL,"171,11","171,67","168,79","170,84","78751300,0"
2022-04-01,GOOGL,"139,31","139,63","137,48","138,67","25942000,0"
2022-04-01,ITUB4.SA,"20,23","20,48","20,08","20,35","44169950,0"
2022-04-01,MGLU3.SA,"66,74","67,01","62,47","62,83","15175832,0"
2022-04-01,MSFT,"301,06","301,76","297,29","301,02","27110500,0"
2022-04-01,PETR4.SA,"12,3","12,6","12,27","12,51","72545400,0"
2022-04-04,AAPL,"175,17","175,22","171,24","171,37","76468400,0"
2022-04-04,GOOGL,"142,12","142,86","139,47","139,52","25942000,0"
2022-04-04,ITUB4.SA,"20,05","20,21","19,85","20,17","27640470,0"
2022-04-04,MGLU3.SA,"65,29","66,83","63,83","66,74","10618114,0"
2022-04-04,MSFT,"306,46","306,6","301,35","301,72","24289600,0"
2022-04-04,PETR4.SA,"12,19","12,26","12,02","12,26","56053000,0"
2022-04-05,AAPL,"171,85","175,03","171,22","174,24","73401800,0"
2022-04-05,GOOGL,"139,75","142,14","139,55","142,02","21418000,0"
2022-04-05,ITUB4.SA,"19,65","20,03","19,56","20,01","40431710,0"
2022-04-05,MGLU3.SA,"62,74","67,01","62,29","65,1","11760499,0"
2022-04-05,MSFT,"302,48","306,37","301,5","304,81","23156700,0"
2022-04-05,PETR4.SA,"12,07","12,32","12,07","12,17","45847200,0"
2022-04-06,AAPL,"168,68","170,44","167,01","169,2","89058800,0"
2022-04-06,GOOGL,"135,73","138,53","134,71","137,92","32468000,0"
2022-04-06,ITUB4.SA,"19,64","19,77","19,44","19,52","37083530,0"
2022-04-06,MGLU3.SA,"60,11","62,02","58,57","61,84","12724893,0"
2022-04-06,MSFT,"291,41","298,71","288,7","296,95","40110400,0"
2022-04-06,PETR4.SA,"12,06","12,22","11,94","12,15","56947100,0"
2022-04-07,AAPL,"168,98","170,18","166,73","168,02","77594700,0"
2022-04-07,GOOGL,"135,08","136,35","133,43","135,2","26234000,0"
2022-04-07,ITUB4.SA,"19,62","19,66","19,4","19,48","25953400,0"
2022-04-07,MGLU3.SA,"59,57","62,11","58,75","59,84","13832553,0"
2022-04-07,MSFT,"293,23","295,45","288,35","288,65","31411200,0"
2022-04-07,PETR4.SA,"12,69","12,7","12,11","12,17","118469400,0"
2022-04-08,AAPL,"166,97","168,63","166,1","168,63","76575500,0"
2022-04-08,GOOGL,"132,49","134,86","132,17","134,78","25142000,0"
2022-04-08,ITUB4.SA,"19,59","19,76","19,4","19,51","28786890,0"
2022-04-08,MGLU3.SA,"55,66","57,75","55,21","57,66","15296100,0"
2022-04-08,MSFT,"288,95","292,99","288,28","292,33","24361900,0"
2022-04-08,PETR4.SA,"12,75","12,83","12,62","12,7","60772700,0"
2022-04-11,AAPL,"162,71","165,93","162,46","165,61","72246700,0"
2022-04-11,GOOGL,"128,06","131,31","127,9","131,04","36884000,0"
2022-04-11,ITUB4.SA,"19,51","19,64","19,42","19,54","29982810,0"
2022-04-11,MGLU3.SA,"55,21","56,3","53,03","54,03","10734683,0"
2022-04-11,MSFT,"277,56","284,71","277,3","283,91","34569300,0"
2022-04-11,PETR4.SA,"12,65","12,71","12,59","12,64","48125400,0"
2022-04-12,AAPL,"164,58","166,75","163,58","164,94","79265200,0"
2022-04-12,GOOGL,"126,95","130,82","126,03","130,82","32710000,0"
2022-04-12,ITUB4.SA,"19,17","19,76","19,11","19,69","32813770,0"
2022-04-12,MGLU3.SA,"54,21","58,11","54,12","57,39","12349066,0"
2022-04-12,MSFT,"274,44","282,89","272,92","281,43","30966700,0"
2022-04-12,PETR4.SA,"12,62","12,93","12,6","12,82","68522800,0"
2022-04-13,AAPL,"167,27","167,9","163,71","164,32","70618900,0"
2022-04-13,GOOGL,"129,12","129,56","126,98","127,24","27928000,0"
2022-04-13,ITUB4.SA,"19,22","19,5","19,08","19,31","37252930,0"
2022-04-13,MGLU3.SA,"54,75","56,02","53,84","55,21","10865461,0"
2022-04-13,MSFT,"279,85","280,79","273,7","275,09","21907200,0"
2022-04-13,PETR4.SA,"12,89","12,97","12,71","12,81","101438800,0"
2022-04-14,AAPL,"162,26","168,13","162,01","167,49","75329400,0"
2022-04-14,GOOGL,"125,97","129,7","125,85","129,7","31598000,0"
2022-04-14,ITUB4.SA,"19,34","19,45","19,11","19,15","25989040,0"
2022-04-14,MGLU3.SA,"54,57","55,12","53,75","54,48","9344896,0"
2022-04-14,MSFT,"272,27","280,52","271,78","280,31","28221600,0"
2022-04-14,PETR4.SA,"12,75","13,08","12,71","12,89","119382100,0"
2022-04-18,AAPL,"162,04","163,54","160,57","160,91","69023900,0"
2022-04-18,GOOGL,"126,92","127,45","125,43","126,24","20808000,0"
2022-04-18,ITUB4.SA,"19,45","19,51","19,26","19,28","23109460,0"
2022-04-18,MGLU3.SA,"53,48","54,84","52,76","54,39","9247219,0"
2022-04-18,MSFT,"272,94","274,83","270,82","271,38","20778000,0"
2022-04-18,PETR4.SA,"12,53","12,8","12,43","12,71","76350600,0"
2022-04-19,AAPL,"164,33","164,74","160,9","161,99","67723800,0"
2022-04-19,GOOGL,"129,23","129,56","126,24","126,93","26490000,0"
2022-04-19,ITUB4.SA,"19,11","19,55","18,92","19,48","37898080,0"
2022-04-19,MGLU3.SA,"53,94","54,66","52,3","53,12","9155507,0"
2022-04-19,MSFT,"277,6","278,44","270,89","271,84","22297700,0"
2022-04-19,PETR4.SA,"12,91","13,05","12,69","12,71","88494100,0"
2022-04-20,AAPL,"164,16","165,78","163,05","165,66","67929800,0"
2022-04-20,GOOGL,"127,28","130,62","126,74","130,11","31696000,0"
2022-04-20,ITUB4.SA,"19,23","19,29","19,0","19,12","27655430,0"
2022-04-20,MGLU3.SA,"50,94","54,84","50,67","53,94","12273862,0"
2022-04-20,MSFT,"278,63","281,88","277,66","281,58","22906700,0"
2022-04-20,PETR4.SA,"12,97","13,03","12,78","12,91","34694700,0"
2022-04-21,AAPL,"163,37","168,38","162,87","165,81","87227800,0"
2022-04-21,GOOGL,"124,07","129,32","123,78","128,48","36446000,0"
2022-04-21,MSFT,"273,23","285,38","272,5","280,79","29454600,0"
2022-04-22,AAPL,"158,82","164,79","158,54","163,41","84882400,0"
2022-04-22,GOOGL,"118,92","124,65","118,22","124,25","56884000,0"
2022-04-22,ITUB4.SA,"18,86","19,12","18,7","19,03","33760980,0"
2022-04-22,MGLU3.SA,"50,39","50,76","49,21","49,76","8666553,0"
2022-04-22,MSFT,"266,63","275,55","266,0","274,07","29405800,0"
2022-04-22,PETR4.SA,"12,46","12,76","12,36","12,66","74560900,0"
2022-04-25,AAPL,"159,89","160,18","155,55","158,16","96046400,0"
2022-04-25,GOOGL,"122,34","122,54","117,8","118,39","46128000,0"
2022-04-25,ITUB4.SA,"18,79","18,84","18,43","18,73","41050900,0"
2022-04-25,MGLU3.SA,"49,4","50,58","48,76","49,4","11913046,0"
2022-04-25,MSFT,"273,14","273,52","263,46","265,91","35678900,0"
2022-04-25,PETR4.SA,"12,28","12,41","12,05","12,22","66413900,0"
2022-04-26,AAPL,"153,92","159,36","153,84","159,27","95623200,0"
2022-04-26,GOOGL,"117,94","121,78","117,8","121,57","73054000,0"
2022-04-26,ITUB4.SA,"18,15","18,73","18,11","18,56","46444970,0"
2022-04-26,MGLU3.SA,"47,03","49,67","47,03","49,03","9050025,0"
2022-04-26,MSFT,"262,92","270,84","262,71","270,01","46518400,0"
2022-04-26,PETR4.SA,"12,26","12,47","12,19","12,28","48764100,0"
2022-04-27,AAPL,"153,7","156,86","152,53","153,05","88063200,0"
2022-04-27,GOOGL,"113,61","116,54","112,06","113,79","91820000,0"
2022-04-27,ITUB4.SA,"18,0","18,44","17,93","18,36","26882020,0"
2022-04-27,MGLU3.SA,"46,31","49,58","46,13","48,67","11981963,0"
2022-04-27,MSFT,"275,57","283,11","271,62","274,48","63477700,0"
2022-04-27,PETR4.SA,"12,26","12,46","12,21","12,38","41881300,0"
2022-04-28,AAPL,"160,64","161,5","156,01","156,33","130216800,0"
2022-04-28,GOOGL,"117,82","118,94","113,43","115,72","48884000,0"
2022-04-28,ITUB4.SA,"17,85","18,07","17,68","18,01","39971030,0"
2022-04-28,MGLU3.SA,"47,03","47,94","45,22","46,76","10832264,0"
2022-04-28,MSFT,"281,81","283,12","273,86","277,49","33646600,0"
2022-04-28,PETR4.SA,"12,34","12,49","12,34","12,42","43298500,0"
2022-04-29,AAPL,"154,76","163,15","154,36","158,87","131747600,0"
2022-04-29,GOOGL,"113,43","117,22","113,14","116,04","42676000,0"
2022-04-29,ITUB4.SA,"17,54","18,33","17,54","17,97","49470190,0"
2022-04-29,MGLU3.SA,"44,31","48,12","44,31","47,76","12129270,0"
2022-04-29,MSFT,"270,03","282,05","269,03","280,82","37073900,0"
2022-04-29,PETR4.SA,"12,35","12,88","12,35","12,54","76243900,0"
2022-05-02,AAPL,"155,06","155,33","150,46","153,83","123055300,0"
2022-05-02,GOOGL,"115,89","116,05","111,93","112,73","35534000,0"
2022-05-02,ITUB4.SA,"17,46","17,7","17,23","17,55","43238140,0"
2022-05-02,MGLU3.SA,"43,58","45,13","43,04","44,58","8755218,0"
2022-05-02,MSFT,"276,79","277,25","268,76","270,21","35151100,0"
2022-05-02,PETR4.SA,"12,23","12,37","11,96","12,3","72456200,0"
2022-05-03,AAPL,"156,55","157,76","153,45","155,25","88966500,0"
2022-05-03,GOOGL,"116,63","117,74","115,34","115,74","24968000,0"
2022-05-03,ITUB4.SA,"17,55","17,76","17,41","17,5","28834630,0"
2022-05-03,MGLU3.SA,"41,77","43,77","41,5","43,68","10291147,0"
2022-05-03,MSFT,"274,17","276,46","272,58","276,29","25978600,0"
2022-05-03,PETR4.SA,"12,34","12,39","12,16","12,28","52531000,0"
2022-05-04,AAPL,"162,97","163,43","156,34","156,74","108256500,0"
2022-05-04,GOOGL,"121,53","122,12","114,43","116,33","49916000,0"
2022-05-04,ITUB4.SA,"17,53","17,53","17,2","17,47","52180040,0"
2022-05-04,MGLU3.SA,"44,95","45,13","39,68","41,04","15132734,0"
2022-05-04,MSFT,"282,15","283,02","269,26","274,96","33599300,0"
2022-05-04,PETR4.SA,"13,08","13,12","12,4","12,48","109417000,0"
2022-05-05,AAPL,"153,89","161,07","152,11","160,84","130525300,0"
2022-05-05,GOOGL,"115,81","120,32","114,32","119,49","45840000,0"
2022-05-05,ITUB4.SA,"17,12","17,34","16,84","17,34","44461450,0"
2022-05-05,MGLU3.SA,"40,13","43,22","39,77","42,77","17197475,0"
2022-05-05,MSFT,"269,86","278,62","266,93","277,83","43260400,0"
2022-05-05,PETR4.SA,"13,05","13,25","12,65","12,97","99439900,0"
2022-05-06,AAPL,"154,62","156,74","151,57","153,37","116124600,0"
2022-05-06,GOOGL,"115,06","116,87","113,34","114,5","39710000,0"
2022-05-06,ITUB4.SA,"17,49","17,81","17,11","17,12","66495770,0"
2022-05-06,MGLU3.SA,"39,04","40,59","38,59","40,04","15567621,0"
2022-05-06,MSFT,"267,31","271,71","263,94","267,39","37780300,0"
2022-05-06,PETR4.SA,"13,48","13,51","13,01","13,33","129570200,0"
2022-05-09,AAPL,"149,49","153,2","148,93","152,31","131577900,0"
2022-05-09,GOOGL,"111,84","114,39","111,33","112,57","40802000,0"
2022-05-09,ITUB4.SA,"17,24","17,57","16,92","17,45","61961130,0"
2022-05-09,MGLU3.SA,"35,5","38,5","35,5","37,86","16293873,0"
2022-05-09,MSFT,"257,44","265,0","256,21","262,77","47726000,0"
2022-05-09,PETR4.SA,"13,11","13,47","13,07","13,33","92314500,0"
2022-05-10,AAPL,"151,9","154,09","150,34","152,89","115366700,0"
2022-05-10,GOOGL,"113,71","115,56","112,23","114,82","39900000,0"
2022-05-10,ITUB4.SA,"17,15","17,45","17,04","17,34","39156480,0"
2022-05-10,MGLU3.SA,"35,87","37,32","34,5","36,77","16979871,0"
2022-05-10,MSFT,"262,22","266,36","257,91","264,35","39336400,0"
2022-05-10,PETR4.SA,"13,23","13,4","13,13","13,2","60330600,0"
2022-05-11,AAPL,"144,02","152,82","143,35","150,91","142689800,0"
2022-05-11,GOOGL,"112,93","115,67","112,56","112,56","37534000,0"
2022-05-11,ITUB4.SA,"17,73","17,81","17,18","17,19","62378470,0"
2022-05-11,MGLU3.SA,"35,68","37,14","35,14","35,23","15030770,0"
2022-05-11,MSFT,"253,51","264,03","252,3","258,51","48975900,0"
2022-05-11,PETR4.SA,"13,69","13,83","13,33","13,37","108895400,0"
2022-05-12,AAPL,"140,15","143,73","136,45","140,36","182602000,0"
2022-05-12,GOOGL,"112,17","113,61","109,17","110,71","53836000,0"
2022-05-12,ITUB4.SA,"18,01","18,14","17,59","17,59","59955610,0"
2022-05-12,MGLU3.SA,"37,95","38,23","33,96","34,78","20646218,0"
2022-05-12,MSFT,"248,45","252,86","243,27","250,73","51033800,0"
2022-05-12,PETR4.SA,"13,8","13,9","13,56","13,56","114415900,0"
2022-05-13,AAPL,"144,62","145,6","140,69","142,15","113990900,0"
2022-05-13,GOOGL,"115,36","117,17","112,93","113,85","35038000,0"
2022-05-13,ITUB4.SA,"18,22","18,32","18,01","18,15","28855750,0"
2022-05-13,MGLU3.SA,"39,77","40,68","38,32","38,41","14987073,0"
2022-05-13,MSFT,"254,07","255,94","248,45","250,4","34925100,0"
2022-05-13,PETR4.SA,"13,97","14,04","13,82","13,91","67000100,0"
2022-05-16,AAPL,"143,08","145,03","141,74","143,09","86643800,0"
2022-05-16,GOOGL,"113,76","115,48","113,21","114,27","25990000,0"
2022-05-16,ITUB4.SA,"18,41","18,61","18,1","18,27","30038470,0"
2022-05-16,MGLU3.SA,"39,77","39,77","39,77","39,77","0,0"
2022-05-16,MSFT,"254,44","258,64","248,87","252,94","32550900,0"
2022-05-16,PETR4.SA,"14,11","14,22","13,87","13,97","92075300,0"
2022-05-17,AAPL,"146,72","147,24","144,2","146,34","78336300,0"
2022-05-17,GOOGL,"115,78","116,2","114,19","116,14","23054000,0"
2022-05-17,ITUB4.SA,"18,57","18,84","18,53","18,65","30051670,0"
2022-05-17,MGLU3.SA,"35,78","38,05","35,68","37,95","28828715,0"
2022-05-17,MSFT,"259,61","261,08","255,37","258,92","28828800,0"
2022-05-17,PETR4.SA,"13,93","14,33","13,92","14,27","90914700,0"
2022-05-18,AAPL,"138,44","144,87","137,53","144,37","109742900,0"
2022-05-18,GOOGL,"111,23","114,71","110,89","114,31","35126000,0"
2022-05-18,ITUB4.SA,"18,31","18,65","18,26","18,51","41837840,0"
2022-05-18,MGLU3.SA,"33,78","36,59","33,6","35,96","17872696,0"
2022-05-18,MSFT,"247,79","257,08","246,52","256,49","31356000,0"
2022-05-18,PETR4.SA,"13,7","14,09","13,63","13,94","80986200,0"
2022-05-19,AAPL,"135,03","139,27","134,29","137,52","136095600,0"
2022-05-19,GOOGL,"109,73","112,34","109,34","110,77","34144000,0"
2022-05-19,ITUB4.SA,"18,25","18,48","18,15","18,32","24889700,0"
2022-05-19,MGLU3.SA,"33,87","34,96","33,32","33,78","16518287,0"
2022-05-19,MSFT,"246,88","251,3","245,65","247,62","32692300,0"
2022-05-19,PETR4.SA,"13,93","13,98","13,59","13,67","63983100,0"
2022-05-20,AAPL,"135,26","138,32","130,37","136,74","137426100,0"
2022-05-20,GOOGL,"108,26","111,51","105,17","111,28","48962000,0"
2022-05-20,ITUB4.SA,"18,48","18,55","18,27","18,45","41817490,0"
2022-05-20,MGLU3.SA,"33,32","34,6","32,42","34,32","14103903,0"
2022-05-20,MSFT,"246,31","252,14","240,34","250,88","39199300,0"
2022-05-20,PETR4.SA,"14,2","14,2","13,97","14,11","79589900,0"
2022-05-23,AAPL,"140,69","140,84","135,32","135,46","117726300,0"
2022-05-23,GOOGL,"110,82","111,48","108,09","108,93","37184000,0"
2022-05-23,ITUB4.SA,"18,95","19,12","18,59","18,59","42356930,0"
2022-05-23,MGLU3.SA,"33,6","34,32","32,78","33,69","11483996,0"
2022-05-23,MSFT,"254,2","255,03","247,16","249,17","33175400,0"
2022-05-23,PETR4.SA,"14,76","14,81","14,33","14,35","93807400,0"
2022-05-24,AAPL,"137,99","139,57","135,01","138,43","104132700,0"
2022-05-24,GOOGL,"105,34","105,82","101,28","105,14","76780000,0"
2022-05-24,ITUB4.SA,"19,24","19,34","18,78","18,88","43178960,0"
2022-05-24,MGLU3.SA,"33,69","33,69","32,51","32,78","7762534,0"
2022-05-24,MSFT,"253,2","254,87","247,23","251,51","29043900,0"
2022-05-24,PETR4.SA,"14,36","14,58","13,96","14,18","154453100,0"
2022-05-25,AAPL,"138,14","139,39","136,0","136,09","92482700,0"
2022-05-25,GOOGL,"105,17","105,87","103,24","104,36","40258000,0"
2022-05-25,ITUB4.SA,"18,9","19,21","18,87","19,15","31918590,0"
2022-05-25,MGLU3.SA,"33,69","34,5","33,05","33,6","14095521,0"
2022-05-25,MSFT,"256,03","258,03","250,77","251,75","28547900,0"
2022-05-25,PETR4.SA,"14,56","14,67","14,21","14,41","69991900,0"
2022-05-26,AAPL,"141,35","141,9","134,82","135,07","90601500,0"
2022-05-26,GOOGL,"107,15","108,0","104,6","105,05","37948000,0"
2022-05-26,ITUB4.SA,"19,13","19,24","18,91","18,92","38707020,0"
2022-05-26,MGLU3.SA,"36,96","37,41","33,78","33,78","17720192,0"
2022-05-26,MSFT,"259,32","260,5","254,96","255,78","25002100,0"
2022-05-26,PETR4.SA,"14,6","14,8","14,52","14,55","78303600,0"
2022-05-27,AAPL,"147,11","147,15","142,8","142,93","90978500,0"
2022-05-27,GOOGL,"111,65","111,65","108,49","108,83","37914000,0"
2022-05-27,ITUB4.SA,"19,23","19,42","19,02","19,16","26675330,0"
2022-05-27,MGLU3.SA,"36,32","37,59","35,59","37,05","8247265,0"
2022-05-27,MSFT,"266,48","266,58","260,94","261,84","26910800,0"
2022-05-27,PETR4.SA,"13,91","14,61","13,89","14,61","118295600,0"
2022-05-30,ITUB4.SA,"19,06","19,44","19,06","19,31","19747090,0"
2022-05-30,MGLU3.SA,"34,87","37,32","34,32","36,59","7316400,0"
2022-05-30,PETR4.SA,"13,63","14,03","13,23","14,01","98110100,0"
2022-05-31,AAPL,"146,32","148,11","144,36","146,55","103718400,0"
2022-05-31,GOOGL,"113,08","115,05","111,41","112,07","50012000,0"
2022-05-31,ITUB4.SA,"19,23","19,41","19,13","19,26","72828690,0"
2022-05-31,MGLU3.SA,"33,78","35,23","33,6","35,23","10903576,0"
2022-05-31,MSFT,"265,14","267,97","262,28","265,79","37827700,0"
2022-05-31,PETR4.SA,"13,66","13,91","13,55","13,82","83598000,0"
2022-06-01,AAPL,"146,2","149,17","145,18","147,37","74286600,0"
2022-06-01,GOOGL,"113,21","116,4","112,57","114,17","36606000,0"
2022-06-01,ITUB4.SA,"18,97","19,36","18,97","19,34","31344280,0"
2022-06-01,MGLU3.SA,"33,69","34,5","32,87","33,87","10381308,0"
2022-06-01,MSFT,"265,68","270,82","263,36","268,39","25292200,0"
2022-06-01,PETR4.SA,"13,64","13,78","13,56","13,59","46353200,0"
2022-06-02,AAPL,"148,65","148,71","144,38","145,33","72348100,0"
2022-06-02,GOOGL,"116,92","117,2","112,27","113,32","37992000,0"
2022-06-02,ITUB4.SA,"19,05","19,19","18,75","19,14","19728060,0"
2022-06-02,MGLU3.SA,"34,5","36,23","33,87","33,96","15707263,0"
2022-06-02,MSFT,"267,79","267,86","255,13","257,91","44008200,0"
2022-06-02,PETR4.SA,"13,52","13,66","13,43","13,62","50738300,0"
2022-06-03,AAPL,"142,92","145,47","142,02","144,42","88570300,0"
2022-06-03,GOOGL,"113,86","115,63","112,84","115,37","26136000,0"
2022-06-03,ITUB4.SA,"18,87","19,1","18,82","18,94","21987790,0"
2022-06-03,MGLU3.SA,"32,6","34,41","32,51","34,14","14972202,0"
2022-06-03,MSFT,"263,34","266,69","261,77","263,62","28059000,0"
2022-06-03,PETR4.SA,"13,76","13,83","13,42","13,5","60396900,0"
2022-06-06,AAPL,"143,67","146,06","142,45","144,54","71598400,0"
2022-06-06,GOOGL,"116,12","118,64","115,47","116,01","33542000,0"
2022-06-06,ITUB4.SA,"18,81","19,11","18,81","19,02","14660800,0"
2022-06-06,MGLU3.SA,"30,87","33,14","30,69","32,96","15242931,0"
2022-06-06,MSFT,"262,1","267,4","260,61","265,33","22400300,0"
2022-06-06,PETR4.SA,"13,77","13,87","13,59","13,86","39213900,0"
2022-06-07,AAPL,"146,2","146,48","141,66","141,91","67808200,0"
2022-06-07,GOOGL,"116,45","116,99","114,37","114,79","31590000,0"
2022-06-07,ITUB4.SA,"18,81","18,9","18,67","18,74","23103520,0"
2022-06-07,MGLU3.SA,"29,87","30,69","29,6","30,51","16699487,0"
2022-06-07,MSFT,"265,76","266,37","259,36","260,04","22860700,0"
2022-06-07,PETR4.SA,"13,93","14,22","13,71","13,72","80333700,0"
2022-06-08,AAPL,"145,46","147,34","144,97","146,07","53950200,0"
2022-06-08,GOOGL,"116,5","117,86","115,9","116,07","26108000,0"
2022-06-08,ITUB4.SA,"18,44","18,82","18,34","18,72","32121870,0"
2022-06-08,MGLU3.SA,"29,24","30,33","29,06","29,51","16338264,0"
2022-06-08,MSFT,"263,72","266,25","262,94","264,99","17372300,0"
2022-06-08,PETR4.SA,"13,86","14,16","13,78","13,82","65923900,0"
2022-06-09,AAPL,"140,23","145,45","140,12","144,59","69473000,0"
2022-06-09,GOOGL,"114,15","117,59","114,09","115,63","25798000,0"
2022-06-09,ITUB4.SA,"18,13","18,48","18,04","18,44","42154640,0"
2022-06-09,MGLU3.SA,"27,33","29,24","27,33","29,24","23124730,0"
2022-06-09,MSFT,"258,24","265,96","258,08","261,16","26439700,0"
2022-06-09,PETR4.SA,"13,66","13,93","13,62","13,86","53879000,0"
2022-06-10,AAPL,"134,81","138,38","134,74","137,91","91437900,0"
2022-06-10,GOOGL,"110,5","112,6","109,71","111,77","41452000,0"
2022-06-10,ITUB4.SA,"17,73","18,05","17,55","18,05","39028110,0"
2022-06-10,MGLU3.SA,"26,33","27,79","26,15","27,06","17748343,0"
2022-06-10,MSFT,"246,73","254,13","246,28","254,13","31422800,0"
2022-06-10,PETR4.SA,"13,47","13,64","13,21","13,64","63101700,0"
2022-06-13,AAPL,"129,65","132,91","129,22","130,62","122207100,0"
2022-06-13,GOOGL,"105,76","108,14","105,49","106,15","47252000,0"
2022-06-13,ITUB4.SA,"17,52","17,75","17,24","17,66","36898620,0"
2022-06-13,MGLU3.SA,"24,24","25,24","24,15","25,24","18361521,0"
2022-06-13,MSFT,"236,27","242,86","235,55","239,05","46135800,0"
2022-06-13,PETR4.SA,"13,3","13,44","13,03","13,19","64507100,0"
2022-06-14,AAPL,"130,52","131,63","129,26","130,88","84784300,0"
2022-06-14,GOOGL,"106,08","107,28","105,17","105,9","33706000,0"
2022-06-14,ITUB4.SA,"17,4","17,61","17,26","17,52","21978220,0"
2022-06-14,MGLU3.SA,"23,06","24,79","22,97","24,43","17594803,0"
2022-06-14,MSFT,"238,44","239,66","235,54","237,83","28651500,0"
2022-06-14,PETR4.SA,"13,45","13,75","13,29","13,48","68816900,0"
2022-06-15,AAPL,"133,14","135,02","129,93","132,02","91533000,0"
2022-06-15,GOOGL,"109,11","110,76","107,03","107,9","39698000,0"
2022-06-15,ITUB4.SA,"17,47","17,77","17,37","17,6","46833380,0"
2022-06-15,MGLU3.SA,"23,15","24,24","22,43","23,61","24893295,0"
2022-06-15,MSFT,"245,53","248,98","240,32","242,17","33111700,0"
2022-06-15,PETR4.SA,"13,21","13,64","13,11","13,63","72785700,0"
2022-06-16,AAPL,"127,86","130,15","126,86","129,85","108123900,0"
2022-06-16,GOOGL,"105,4","108,0","104,51","106,58","51684000,0"
2022-06-16,MSFT,"238,91","241,3","237,01","239,89","33169200,0"
2022-06-17,AAPL,"129,34","130,83","127,62","127,87","134520300,0"
2022-06-17,GOOGL,"106,5","108,05","104,42","105,4","51376000,0"
2022-06-17,ITUB4.SA,"17,25","17,35","16,86","17,17","50004460,0"
2022-06-17,MGLU3.SA,"21,61","22,34","21,43","22,34","18143212,0"
2022-06-17,MSFT,"241,52","244,3","237,99","238,65","43084800,0"
2022-06-17,PETR4.SA,"12,41","12,93","11,87","12,8","184606500,0"
2022-06-20,ITUB4.SA,"18,0","18,03","17,35","17,35","48938670,0"
2022-06-20,MGLU3.SA,"23,43","23,88","21,07","21,79","21284169,0"
2022-06-20,PETR4.SA,"12,55","12,84","11,77","11,82","92581800,0"
2022-06-21,AAPL,"133,57","134,74","131,07","131,16","81000500,0"
2022-06-21,GOOGL,"110,88","111,82","107,95","108,28","47416000,0"
2022-06-21,ITUB4.SA,"17,81","18,14","17,72","18,07","36482600,0"
2022-06-21,MGLU3.SA,"22,79","23,88","22,43","23,7","14409562,0"
2022-06-21,MSFT,"247,46","248,45","243,34","244,07","29928300,0"
2022-06-21,PETR4.SA,"12,3","12,8","12,13","12,63","85179500,0"
2022-06-22,AAPL,"133,06","135,43","131,65","132,51","73409200,0"
2022-06-22,GOOGL,"110,82","112,67","109,72","109,9","30774000,0"
2022-06-22,ITUB4.SA,"17,68","17,89","17,52","17,86","40502880,0"
2022-06-22,MGLU3.SA,"22,16","23,25","21,43","22,16","14329718,0"
2022-06-22,MSFT,"246,87","250,81","244,18","245,66","25939900,0"
2022-06-22,PETR4.SA,"12,26","12,52","11,99","12,08","57874700,0"
2022-06-23,AAPL,"135,93","136,25","133,34","134,51","72433800,0"
2022-06-23,GOOGL,"111,57","112,07","109,84","111,56","28362000,0"
2022-06-23,ITUB4.SA,"17,27","17,75","17,19","17,7","29807030,0"
2022-06-23,MGLU3.SA,"23,15","24,43","22,16","22,25","21884432,0"
2022-06-23,MSFT,"252,46","252,95","247,36","249,25","25861400,0"
2022-06-23,PETR4.SA,"12,04","12,44","11,87","12,26","69262300,0"
2022-06-24,AAPL,"139,27","139,51","137,41","137,53","89116800,0"
2022-06-24,GOOGL,"117,27","117,38","112,28","112,32","41164000,0"
2022-06-24,ITUB4.SA,"17,25","17,46","17,14","17,43","29197850,0"
2022-06-24,MGLU3.SA,"22,43","24,06","22,16","23,88","15127528,0"
2022-06-24,MSFT,"261,08","261,35","255,25","255,33","33923200,0"
2022-06-24,PETR4.SA,"11,95","12,31","11,9","12,16","53413400,0"
2022-06-27,AAPL,"139,27","141,06","138,59","140,29","70207900,0"
2022-06-27,GOOGL,"115,14","117,87","114,49","117,57","36420000,0"
2022-06-27,ITUB4.SA,"17,35","17,41","17,24","17,31","25523190,0"
2022-06-27,MGLU3.SA,"22,06","23,15","21,79","22,52","11283242,0"
2022-06-27,MSFT,"258,34","261,66","256,77","261,57","24615100,0"
2022-06-27,PETR4.SA,"12,71","12,76","12,11","12,19","90417700,0"
2022-06-28,AAPL,"135,12","141,0","135,0","139,73","67083400,0"
2022-06-28,GOOGL,"111,34","116,61","111,18","115,11","35792000,0"
2022-06-28,ITUB4.SA,"17,16","17,54","16,94","17,46","38236000,0"
2022-06-28,MGLU3.SA,"21,61","22,52","21,25","22,34","13925088,0"
2022-06-28,MSFT,"250,14","260,31","249,98","257,45","27295500,0"
2022-06-28,PETR4.SA,"12,87","13,1","12,73","12,99","51388000,0"
2022-06-29,AAPL,"136,88","138,29","134,36","135,14","66242400,0"
2022-06-29,GOOGL,"111,04","112,49","110,21","110,89","24716000,0"
2022-06-29,ITUB4.SA,"16,98","17,42","16,92","17,27","33761530,0"
2022-06-29,MGLU3.SA,"21,88","22,61","21,52","21,79","12113372,0"
2022-06-29,MSFT,"253,82","255,49","249,43","251,22","20069800,0"
2022-06-29,PETR4.SA,"12,76","13,1","12,65","12,94","52048800,0"
2022-06-30,AAPL,"134,41","136,03","131,51","134,93","98964500,0"
2022-06-30,GOOGL,"108,31","110,23","106,11","109,34","43170000,0"
2022-06-30,ITUB4.SA,"16,68","16,83","16,58","16,79","40157590,0"
2022-06-30,MGLU3.SA,"21,25","21,97","20,98","21,61","24802150,0"
2022-06-30,MSFT,"250,48","253,11","246,64","250,69","31730900,0"
2022-06-30,PETR4.SA,"12,69","12,75","12,45","12,56","49910100,0"
2022-07-01,AAPL,"136,58","136,69","133,37","133,74","71051600,0"
2022-07-01,GOOGL,"108,09","108,6","106,09","107,29","35476000,0"
2022-07-01,ITUB4.SA,"16,82","16,91","16,38","16,43","38318060,0"
2022-07-01,MGLU3.SA,"19,98","21,25","19,98","21,25","12233010,0"
2022-07-01,MSFT,"253,16","253,34","248,31","250,05","22837700,0"
2022-07-01,PETR4.SA,"12,96","13,11","12,51","12,76","64948200,0"
2022-07-04,ITUB4.SA,"16,66","16,79","16,57","16,69","9629510,0"
2022-07-04,MGLU3.SA,"19,34","20,16","19,16","19,79","11053204,0"
2022-07-04,PETR4.SA,"13,24","13,31","12,97","12,97","37324200,0"
2022-07-05,AAPL,"139,17","139,22","134,62","135,44","73353800,0"
2022-07-05,GOOGL,"112,59","112,7","105,1","106,46","39342000,0"
2022-07-05,ITUB4.SA,"16,78","16,78","16,35","16,57","31485850,0"
2022-07-05,MGLU3.SA,"21,61","21,97","18,43","19,07","29052669,0"
2022-07-05,MSFT,"256,35","256,47","248,44","249,82","22941000,0"
2022-07-05,PETR4.SA,"12,74","13,16","12,52","13,13","78428500,0"
2022-07-06,AAPL,"140,5","141,68","138,69","138,96","74064300,0"
2022-07-06,GOOGL,"113,89","114,9","110,81","112,63","37432000,0"
2022-07-06,ITUB4.SA,"16,63","16,84","16,46","16,65","30935190,0"
2022-07-06,MGLU3.SA,"22,7","23,7","21,61","21,61","28132260,0"
2022-07-06,MSFT,"259,62","261,36","255,91","257,23","23824400,0"
2022-07-06,PETR4.SA,"12,57","12,94","12,23","12,8","57617200,0"
2022-07-07,AAPL,"143,88","144,07","140,86","140,87","66253700,0"
2022-07-07,GOOGL,"118,07","118,48","114,15","114,39","40936000,0"
2022-07-07,ITUB4.SA,"16,86","16,97","16,73","16,78","44442750,0"
2022-07-07,MGLU3.SA,"23,25","24,06","22,06","23,25","20979621,0"
2022-07-07,MSFT,"261,76","262,4","258,46","258,56","20859900,0"
2022-07-07,PETR4.SA,"12,94","13,14","12,72","12,72","52147300,0"
2022-07-08,AAPL,"144,55","145,06","142,55","142,8","64547800,0"
2022-07-08,GOOGL,"118,64","118,97","116,2","116,55","38238000,0"
2022-07-08,ITUB4.SA,"16,87","17,13","16,77","17,1","24299660,0"
2022-07-08,MGLU3.SA,"23,79","24,06","22,34","22,97","16268320,0"
2022-07-08,MSFT,"261,04","261,47","256,78","258,24","19658800,0"
2022-07-08,PETR4.SA,"13,09","13,16","12,89","12,96","43097800,0"
2022-07-11,AAPL,"142,42","144,16","141,35","143,21","63141600,0"
2022-07-11,GOOGL,"114,99","117,29","114,64","117,29","31196000,0"
2022-07-11,ITUB4.SA,"16,6","16,72","16,44","16,63","18200050,0"
2022-07-11,MGLU3.SA,"23,88","24,43","22,79","23,15","16718485,0"
2022-07-11,MSFT,"257,97","259,94","255,69","259,08","19455200,0"
2022-07-11,PETR4.SA,"13,02","13,08","12,84","12,87","39577600,0"
2022-07-12,AAPL,"143,39","145,94","142,6","143,3","77588800,0"
2022-07-12,GOOGL,"113,34","116,28","113,01","115,52","29960000,0"
2022-07-12,ITUB4.SA,"16,56","16,72","16,28","16,59","21684960,0"
2022-07-12,MGLU3.SA,"26,6","27,51","23,79","24,06","35153864,0"
2022-07-12,MSFT,"247,39","259,36","245,8","259,3","35868500,0"
2022-07-12,PETR4.SA,"12,83","12,92","12,71","12,86","46462000,0"
2022-07-13,AAPL,"143,03","143,97","139,72","140,57","71185600,0"
2022-07-13,GOOGL,"110,69","113,52","110,54","111,04","43722000,0"
2022-07-13,ITUB4.SA,"16,49","16,74","16,41","16,48","37289230,0"
2022-07-13,MGLU3.SA,"25,7","27,06","25,52","26,06","30747869,0"
2022-07-13,MSFT,"246,47","247,28","241,97","244,0","29497400,0"
2022-07-13,PETR4.SA,"12,84","12,94","12,71","12,78","35497200,0"
2022-07-14,AAPL,"145,96","146,43","140,83","141,64","78140700,0"
2022-07-14,GOOGL,"109,71","110,43","107,73","109,55","37004000,0"
2022-07-14,ITUB4.SA,"16,31","16,42","15,93","16,36","53217120,0"
2022-07-14,MGLU3.SA,"26,42","27,97","24,7","24,88","20163294,0"
2022-07-14,MSFT,"247,79","248,83","239,86","244,37","25102800,0"
2022-07-14,PETR4.SA,"12,49","12,72","12,38","12,72","47151000,0"
2022-07-15,AAPL,"147,63","148,31","145,69","147,25","76259900,0"
2022-07-15,GOOGL,"111,11","112,47","110,24","111,33","46770000,0"
2022-07-15,ITUB4.SA,"16,6","16,71","16,21","16,35","34233540,0"
2022-07-15,MGLU3.SA,"25,24","27,15","24,97","26,97","16542952,0"
2022-07-15,MSFT,"250,37","253,93","248,47","249,39","29774100,0"
2022-07-15,PETR4.SA,"12,71","12,75","12,49","12,59","38610800,0"
2022-07-18,AAPL,"144,58","149,01","144,22","148,19","81420900,0"
2022-07-18,GOOGL,"108,38","113,0","107,72","111,97","43164600,0"
2022-07-18,ITUB4.SA,"16,82","16,93","16,55","16,7","22651640,0"
2022-07-18,MGLU3.SA,"25,15","27,88","24,88","25,79","21025488,0"
2022-07-18,MSFT,"247,96","254,39","247,03","253,32","20975000,0"
2022-07-18,PETR4.SA,"13,0","13,04","12,86","12,9","46782300,0"
2022-07-19,AAPL,"148,45","148,67","144,43","145,42","82982400,0"
2022-07-19,GOOGL,"113,13","113,34","108,91","110,19","36530900,0"
2022-07-19,ITUB4.SA,"17,39","17,5","16,81","16,81","38471510,0"
2022-07-19,MGLU3.SA,"25,33","26,15","23,97","25,52","19928637,0"
2022-07-19,MSFT,"253,11","253,29","247,4","251,21","25012600,0"
2022-07-19,PETR4.SA,"13,26","13,29","12,91","12,97","48562300,0"
2022-07-20,AAPL,"150,45","151,12","147,83","148,57","64823400,0"
2022-07-20,GOOGL,"113,22","114,71","111,81","112,5","35600400,0"
2022-07-20,ITUB4.SA,"17,17","17,42","17,11","17,3","32606530,0"
2022-07-20,MGLU3.SA,"27,88","27,88","25,24","25,33","24053746,0"
2022-07-20,MSFT,"255,78","258,32","252,5","253,47","22788300,0"
2022-07-20,PETR4.SA,"13,26","13,28","13,1","13,21","43520800,0"
2022-07-21,AAPL,"152,72","152,94","149,37","151,89","65086600,0"
2022-07-21,GOOGL,"113,66","113,87","110,45","113,6","32676200,0"
2022-07-21,ITUB4.SA,"17,31","17,4","16,9","17,14","23838210,0"
2022-07-21,MGLU3.SA,"27,33","28,42","26,79","27,88","17737748,0"
2022-07-21,MSFT,"258,29","258,34","250,67","253,36","22404700,0"
2022-07-21,PETR4.SA,"13,19","13,24","12,81","13,17","58843200,0"
2022-07-22,AAPL,"151,49","153,64","150,82","152,76","66675400,0"
2022-07-22,GOOGL,"107,26","111,67","105,87","110,34","48901200,0"
2022-07-22,ITUB4.SA,"17,13","17,45","17,0","17,38","24843060,0"
2022-07-22,MGLU3.SA,"25,97","28,06","25,61","27,69","17259250,0"
2022-07-22,MSFT,"253,92","258,77","252,66","258,68","21881300,0"
2022-07-22,PETR4.SA,"13,33","13,39","13,11","13,2","55676200,0"
2022-07-25,AAPL,"150,36","152,42","149,71","151,41","53623900,0"
2022-07-25,GOOGL,"106,87","109,22","105,67","107,76","34690900,0"
2022-07-25,ITUB4.SA,"17,38","17,49","17,07","17,23","35392280,0"
2022-07-25,MGLU3.SA,"25,33","26,97","25,24","26,24","13879638,0"
2022-07-25,MSFT,"252,43","255,03","250,46","254,54","21056000,0"
2022-07-25,PETR4.SA,"13,95","13,97","13,46","13,46","79106600,0"
2022-07-26,AAPL,"149,04","150,5","148,25","149,69","55138700,0"
2022-07-26,GOOGL,"104,39","106,56","103,45","105,96","47991000,0"
2022-07-26,ITUB4.SA,"17,28","17,6","17,17","17,4","23869010,0"
2022-07-26,MGLU3.SA,"23,7","25,42","23,43","25,42","14951129,0"
2022-07-26,MSFT,"245,67","253,45","243,4","253,43","39348000,0"
2022-07-26,PETR4.SA,"14,09","14,37","13,9","14,18","78360100,0"
2022-07-27,AAPL,"154,14","154,67","149,59","150,0","78620700,0"
2022-07-27,GOOGL,"112,39","113,23","107,37","108,61","59858500,0"
2022-07-27,ITUB4.SA,"17,34","17,52","17,23","17,39","26468750,0"
2022-07-27,MGLU3.SA,"24,52","25,33","23,7","23,88","18797937,0"
2022-07-27,MSFT,"262,09","263,37","252,45","254,7","45994000,0"
2022-07-27,PETR4.SA,"14,25","14,3","13,91","14,22","56097200,0"
2022-07-28,AAPL,"154,69","154,97","151,8","154,33","81378700,0"
2022-07-28,GOOGL,"113,54","113,66","110,8","111,7","32816600,0"
2022-07-28,ITUB4.SA,"17,45","17,47","17,15","17,34","25992890,0"
2022-07-28,MGLU3.SA,"24,7","25,15","23,43","24,7","22236705,0"
2022-07-28,MSFT,"269,57","270,97","261,24","263,08","33459300,0"
2022-07-28,PETR4.SA,"14,67","14,83","14,28","14,36","114996500,0"
2022-07-29,AAPL,"159,76","160,86","156,8","158,51","101786900,0"
2022-07-29,GOOGL,"115,63","116,01","112,39","112,41","37223400,0"
2022-07-29,ITUB4.SA,"17,39","17,66","17,28","17,48","32542180,0"
2022-07-29,MGLU3.SA,"23,43","25,15","23,34","24,88","17913185,0"
2022-07-29,MSFT,"273,79","275,02","269,79","270,83","32152800,0"
2022-07-29,PETR4.SA,"15,52","15,75","14,92","15,27","181480600,0"
2022-08-01,AAPL,"158,78","160,82","158,17","158,29","67829400,0"
2022-08-01,GOOGL,"114,18","116,02","113,66","114,61","26034300,0"
2022-08-01,ITUB4.SA,"17,29","17,57","17,12","17,57","27543230,0"
2022-08-01,MGLU3.SA,"24,7","25,33","23,15","23,43","24867603,0"
2022-08-01,MSFT,"271,13","274,32","269,02","270,95","21539600,0"
2022-08-01,PETR4.SA,"15,3","15,52","15,1","15,45","81365100,0"
2022-08-02,AAPL,"157,3","159,66","156,93","157,39","59907000,0"
2022-08-02,GOOGL,"114,44","115,66","113,04","113,32","20236000,0"
2022-08-02,ITUB4.SA,"17,48","17,57","17,23","17,41","23541320,0"
2022-08-02,MGLU3.SA,"24,61","25,15","23,97","24,43","14202863,0"
2022-08-02,MSFT,"268,02","271,02","265,64","269,17","22754200,0"
2022-08-02,PETR4.SA,"15,37","15,68","15,21","15,35","69147100,0"
2022-08-03,AAPL,"163,32","163,77","158,03","158,12","82507500,0"
2022-08-03,GOOGL,"117,38","117,91","114,79","115,02","28499000,0"
2022-08-03,ITUB4.SA,"17,6","17,64","17,35","17,46","22051150,0"
2022-08-03,MGLU3.SA,"26,6","26,79","24,61","24,7","20406483,0"
2022-08-03,MSFT,"275,48","276,49","269,77","269,91","23518900,0"
2022-08-03,PETR4.SA,"15,38","15,52","15,25","15,45","65544500,0"
2022-08-04,AAPL,"163,01","164,36","161,65","163,2","55474100,0"
2022-08-04,GOOGL,"117,49","118,07","116,19","116,78","21602900,0"
2022-08-04,ITUB4.SA,"18,03","18,1","17,66","17,72","37299680,0"
2022-08-04,MGLU3.SA,"30,33","30,69","27,69","27,69","25916000,0"
2022-08-04,MSFT,"276,63","276,78","273,24","274,83","18098700,0"
2022-08-04,PETR4.SA,"15,55","15,63","15,26","15,49","54387500,0"
2022-08-05,AAPL,"162,78","163,27","160,47","160,67","56697000,0"
2022-08-05,GOOGL,"116,77","117,41","115,31","115,54","19159500,0"
2022-08-05,ITUB4.SA,"18,37","18,52","17,85","18,05","62150880,0"
2022-08-05,MGLU3.SA,"28,69","30,69","27,97","29,78","26056443,0"
2022-08-05,MSFT,"275,91","276,63","271,79","272,24","16774600,0"
2022-08-05,PETR4.SA,"15,85","15,93","15,5","15,52","77882600,0"
2022-08-08,AAPL,"162,31","165,2","161,65","163,78","60276900,0"
2022-08-08,GOOGL,"116,6","119,43","116,18","117,68","19138300,0"
2022-08-08,ITUB4.SA,"18,6","18,63","18,26","18,48","45031910,0"
2022-08-08,MGLU3.SA,"29,69","31,6","29,15","29,33","20638584,0"
2022-08-08,MSFT,"273,39","278,85","272,41","277,02","18739200,0"
2022-08-08,PETR4.SA,"16,65","16,71","15,96","15,97","109484600,0"
2022-08-09,AAPL,"162,36","163,24","160,71","161,47","63135500,0"
2022-08-09,GOOGL,"115,93","116,62","115,02","116,44","19086500,0"
2022-08-09,ITUB4.SA,"19,08","19,36","18,63","19,19","114213660,0"
2022-08-09,MGLU3.SA,"27,97","30,78","27,51","30,33","17347252,0"
2022-08-09,MSFT,"275,32","276,08","270,74","272,72","23405200,0"
2022-08-09,PETR4.SA,"16,92","17,02","16,75","16,82","79051200,0"
2022-08-10,AAPL,"166,61","166,71","164,31","165,07","70170500,0"
2022-08-10,GOOGL,"118,99","120,2","117,7","118,07","30930400,0"
2022-08-10,ITUB4.SA,"19,44","19,53","19,08","19,28","53427000,0"
2022-08-10,MGLU3.SA,"29,87","30,24","28,6","29,24","19017391,0"
2022-08-10,MSFT,"282,01","282,64","279,84","281,04","24687800,0"
2022-08-10,PETR4.SA,"16,86","17,11","16,64","17,11","78369600,0"
2022-08-11,AAPL,"165,87","168,33","165,58","167,42","57149200,0"
2022-08-11,GOOGL,"118,13","120,77","117,85","120,56","24293700,0"
2022-08-11,ITUB4.SA,"19,47","19,73","19,4","19,62","44541640,0"
2022-08-11,MGLU3.SA,"27,6","30,42","27,42","30,24","18786872,0"
2022-08-11,MSFT,"279,92","284,01","279,42","283,65","20065900,0"
2022-08-11,PETR4.SA,"16,47","17,2","16,47","17,02","128896500,0"
2022-08-12,AAPL,"169,43","169,49","166,77","167,18","68039400,0"
2022-08-12,GOOGL,"120,95","120,95","118,75","119,54","19096300,0"
2022-08-12,ITUB4.SA,"19,7","19,74","19,43","19,59","41898120,0"
2022-08-12,MGLU3.SA,"32,51","32,87","26,79","27,33","37603284,0"
2022-08-12,MSFT,"284,69","284,69","279,84","281,34","22619700,0"
2022-08-12,PETR4.SA,"17,7","17,76","16,23","16,24","171288300,0"
2022-08-15,AAPL,"170,5","170,7","168,69","168,85","54091700,0"
2022-08-15,GOOGL,"121,35","121,57","119,89","120,41","19494800,0"
2022-08-15,ITUB4.SA,"19,87","19,98","19,41","19,41","40224030,0"
2022-08-15,MGLU3.SA,"36,68","36,77","31,96","32,05","30327148,0"
2022-08-15,MSFT,"286,21","286,9","282,93","283,8","18085700,0"
2022-08-15,PETR4.SA,"17,7","17,99","17,05","17,23","96759000,0"
2022-08-16,AAPL,"170,34","171,01","168,99","170,09","56377100,0"
2022-08-16,GOOGL,"120,97","121,7","119,92","120,8","19041200,0"
2022-08-16,ITUB4.SA,"20,1","20,15","19,62","19,85","28258230,0"
2022-08-16,MGLU3.SA,"37,68","38,95","35,78","37,14","24052516,0"
2022-08-16,MSFT,"285,47","286,77","283,24","284,77","18102900,0"
2022-08-16,PETR4.SA,"17,86","17,9","17,58","17,7","64218800,0"
2022-08-17,AAPL,"171,84","173,41","169,89","170,09","79542000,0"
2022-08-17,GOOGL,"118,84","120,57","118,67","119,4","22847000,0"
2022-08-17,ITUB4.SA,"20,15","20,25","19,89","19,95","27760480,0"
2022-08-17,MGLU3.SA,"36,5","38,95","36,23","36,59","25394084,0"
2022-08-17,MSFT,"284,72","286,7","282,91","283,17","18253400,0"
2022-08-17,PETR4.SA,"18,28","18,32","17,63","17,66","72924700,0"
2022-08-18,AAPL,"171,44","172,18","170,43","171,05","62290100,0"
2022-08-18,GOOGL,"119,45","120,1","118,01","118,72","17987700,0"
2022-08-18,ITUB4.SA,"20,09","20,28","19,98","20,17","35971870,0"
2022-08-18,MGLU3.SA,"36,59","37,05","34,69","37,05","15472724,0"
2022-08-18,MSFT,"283,59","285,29","282,53","283,61","17186200,0"
2022-08-18,PETR4.SA,"18,65","18,78","18,34","18,47","84552500,0"
2022-08-19,AAPL,"168,85","171,04","168,65","170,34","70346300,0"
2022-08-19,GOOGL,"116,51","118,44","116,06","118,35","21809500,0"
2022-08-19,ITUB4.SA,"19,85","20,05","19,65","19,97","25346310,0"
2022-08-19,MGLU3.SA,"34,32","36,23","33,69","35,59","16260590,0"
2022-08-19,MSFT,"279,66","282,69","279,09","282,35","20570000,0"
2022-08-19,PETR4.SA,"17,71","18,5","17,48","18,37","125178200,0"
2022-08-22,AAPL,"164,97","167,22","164,54","167,05","69026800,0"
2022-08-22,GOOGL,"113,56","114,94","113,17","114,51","21456600,0"
2022-08-22,ITUB4.SA,"19,63","19,7","19,44","19,67","24263580,0"
2022-08-22,MGLU3.SA,"34,69","35,32","32,78","33,41","17268787,0"
2022-08-22,MSFT,"271,45","276,06","270,94","275,69","25061100,0"
2022-08-22,PETR4.SA,"18,09","18,18","17,01","17,71","92400300,0"
2022-08-23,AAPL,"164,63","166,09","164,06","164,48","54147100,0"
2022-08-23,GOOGL,"113,18","114,32","112,75","112,8","15870400,0"
2022-08-23,ITUB4.SA,"19,68","19,79","19,58","19,64","16199040,0"
2022-08-23,MGLU3.SA,"37,68","38,05","35,05","35,14","19963160,0"
2022-08-23,MSFT,"270,17","272,54","269,16","270,17","17527400,0"
2022-08-23,PETR4.SA,"18,66","18,7","18,2","18,21","73215800,0"
2022-08-24,AAPL,"164,93","165,5","163,67","164,72","53841500,0"
2022-08-24,GOOGL,"113,01","114,1","112,2","112,82","17734600,0"
2022-08-24,ITUB4.SA,"19,76","19,86","19,64","19,64","22232100,0"
2022-08-24,MGLU3.SA,"40,86","42,31","37,59","37,59","30109309,0"
2022-08-24,MSFT,"269,54","270,95","268,87","269,17","18137000,0"
2022-08-24,PETR4.SA,"18,77","19,04","18,56","18,72","61067900,0"
2022-08-25,AAPL,"167,39","167,5","165,73","166,16","51218200,0"
2022-08-25,GOOGL,"115,95","116,02","113,43","113,56","16956800,0"
2022-08-25,ITUB4.SA,"20,01","20,02","19,77","19,83","30332280,0"
2022-08-25,MGLU3.SA,"42,49","43,49","41,59","42,31","20562803,0"
2022-08-25,MSFT,"272,53","272,7","268,3","271,04","16583400,0"
2022-08-25,PETR4.SA,"18,57","19,17","18,23","19,03","99511600,0"
2022-08-26,AAPL,"161,08","168,39","161,02","167,92","78961000,0"
2022-08-26,GOOGL,"109,68","114,43","109,53","114,04","37245700,0"
2022-08-26,ITUB4.SA,"19,89","20,23","19,79","20,05","27617040,0"
2022-08-26,MGLU3.SA,"41,59","43,22","40,41","42,95","16295156,0"
2022-08-26,MSFT,"262,01","273,99","261,91","272,75","27549300,0"
2022-08-26,PETR4.SA,"18,77","18,79","18,18","18,57","63545400,0"
2022-08-29,AAPL,"158,87","160,37","157,34","158,65","73314000,0"
2022-08-29,GOOGL,"108,77","110,29","108,15","109,33","21191200,0"
2022-08-29,ITUB4.SA,"19,82","19,96","19,61","19,78","20651730,0"
2022-08-29,MGLU3.SA,"41,04","42,59","40,86","40,95","15017052,0"
2022-08-29,MSFT,"259,22","261,34","257,87","259,82","20338500,0"
2022-08-29,PETR4.SA,"19,24","19,58","18,67","18,72","73339500,0"
2022-08-30,AAPL,"156,44","160,03","155,27","159,61","77906200,0"
2022-08-30,GOOGL,"108,29","109,84","107,16","109,51","27513300,0"
2022-08-30,ITUB4.SA,"19,73","20,05","19,67","19,9","33431310,0"
2022-08-30,MGLU3.SA,"40,95","42,95","39,41","42,13","18793618,0"
2022-08-30,MSFT,"257,01","261,0","254,75","260,62","22767100,0"
2022-08-30,PETR4.SA,"18,1","19,1","18,01","18,97","99361100,0"
2022-08-31,AAPL,"154,78","158,08","154,7","157,82","87991100,0"
2022-08-31,GOOGL,"107,57","110,19","107,49","109,99","28627000,0"
2022-08-31,ITUB4.SA,"19,23","19,87","19,23","19,87","54857110,0"
2022-08-31,MGLU3.SA,"38,77","41,95","38,68","41,5","19459730,0"
2022-08-31,MSFT,"255,54","261,05","255,41","259,37","24791800,0"
2022-08-31,PETR4.SA,"18,54","18,66","17,76","17,9","114235400,0"
2022-09-01,AAPL,"155,51","155,96","152,27","154,21","74229900,0"
2022-09-01,GOOGL,"109,09","109,79","106,72","107,63","28360900,0"
2022-09-01,ITUB4.SA,"19,53","19,55","19,05","19,43","53386630,0"
2022-09-01,MGLU3.SA,"39,68","40,13","37,32","39,04","18283955,0"
2022-09-01,MSFT,"254,5","254,98","249,62","253,0","23263400,0"
2022-09-01,PETR4.SA,"18,89","18,95","18,28","18,62","69184700,0"
2022-09-02,AAPL,"153,39","157,87","152,56","157,27","76957800,0"
2022-09-02,GOOGL,"107,21","110,08","106,62","109,93","24160700,0"
2022-09-02,ITUB4.SA,"19,8","19,96","19,64","19,65","51386390,0"
2022-09-02,MGLU3.SA,"38,68","41,13","38,14","40,95","16465503,0"
2022-09-02,MSFT,"250,26","258,74","248,7","255,77","22855400,0"
2022-09-02,PETR4.SA,"18,65","19,29","18,56","19,22","81792300,0"
2022-09-05,ITUB4.SA,"20,12","20,31","19,84","19,87","27223020,0"
2022-09-05,MGLU3.SA,"39,23","39,86","38,68","39,14","7476911,0"
2022-09-05,PETR4.SA,"18,61","19,04","18,5","18,89","76337600,0"
2022-09-06,AAPL,"152,13","154,65","151,3","154,04","73714800,0"
2022-09-06,GOOGL,"106,17","107,39","105,15","106,66","25068300,0"
2022-09-06,ITUB4.SA,"19,93","20,15","19,8","19,91","58434640,0"
2022-09-06,MGLU3.SA,"36,32","38,68","35,23","38,68","19740777,0"
2022-09-06,MSFT,"247,51","251,99","246,23","250,39","21328200,0"
2022-09-06,PETR4.SA,"17,91","18,19","17,58","18,01","111813500,0"
2022-09-07,AAPL,"153,54","154,24","151,22","152,41","87449600,0"
2022-09-07,GOOGL,"108,8","109,32","106,26","106,42","23167000,0"
2022-09-07,MSFT,"252,24","252,96","247,48","248,93","24126700,0"
2022-09-08,AAPL,"152,06","153,93","150,31","152,24","84923800,0"
2022-09-08,GOOGL,"107,73","108,95","106,52","107,4","24238300,0"
2022-09-08,ITUB4.SA,"19,79","20,13","19,75","20,06","31291040,0"
2022-09-08,MGLU3.SA,"38,95","39,59","36,68","36,87","19235209,0"
2022-09-08,MSFT,"252,66","254,53","249,01","251,67","20319900,0"
2022-09-08,PETR4.SA,"17,75","18,29","17,52","18,03","63159800,0"
2022-09-09,AAPL,"154,92","155,37","152,35","153,05","68028800,0"
2022-09-09,GOOGL,"109,99","110,33","108,37","108,42","23197700,0"
2022-09-09,ITUB4.SA,"19,95","20,16","19,85","19,91","26903470,0"
2022-09-09,MGLU3.SA,"39,77","40,22","39,04","40,13","14426465,0"
2022-09-09,MSFT,"258,47","259,22","254,39","254,59","22084700,0"
2022-09-09,PETR4.SA,"17,74","18,23","17,69","18,13","49871900,0"
2022-09-12,AAPL,"160,89","161,71","156,82","157,11","104956000,0"
2022-09-12,GOOGL,"110,2","110,95","109,27","110,33","22966800,0"
2022-09-12,ITUB4.SA,"20,19","20,37","20,04","20,13","29411140,0"
2022-09-12,MGLU3.SA,"43,49","43,77","40,22","40,32","21693086,0"
2022-09-12,MSFT,"260,61","261,39","259,15","259,76","18747700,0"
2022-09-12,PETR4.SA,"17,57","18,27","17,56","17,94","71374500,0"
2022-09-13,AAPL,"151,45","158,05","150,99","157,42","122656600,0"
2022-09-13,GOOGL,"103,7","107,65","103,47","107,16","38172900,0"
2022-09-13,ITUB4.SA,"19,99","20,26","19,91","20,05","35740540,0"
2022-09-13,MGLU3.SA,"42,68","43,04","40,04","41,68","19602697,0"
2022-09-13,MSFT,"246,28","254,5","245,89","252,97","33353300,0"
2022-09-13,PETR4.SA,"17,1","17,55","17,03","17,27","88327800,0"
2022-09-14,AAPL,"152,9","154,66","151,22","152,38","87965400,0"
2022-09-14,GOOGL,"104,37","104,65","103,04","103,95","26395100,0"
2022-09-14,ITUB4.SA,"19,91","20,05","19,74","19,94","31879760,0"
2022-09-14,MGLU3.SA,"40,59","42,86","40,13","42,4","21801091,0"
2022-09-14,MSFT,"246,5","248,47","244,2","247,78","23913000,0"
2022-09-14,PETR4.SA,"17,37","17,54","17,09","17,16","49039700,0"
2022-09-15,AAPL,"150,0","152,83","149,03","152,25","90481100,0"
2022-09-15,GOOGL,"102,3","104,64","101,74","103,41","34188300,0"
2022-09-15,ITUB4.SA,"19,96","20,22","19,84","19,86","24182180,0"
2022-09-15,MGLU3.SA,"39,41","41,68","38,77","40,95","17557992,0"
2022-09-15,MSFT,"239,82","245,7","238,49","244,11","31530900,0"
2022-09-15,PETR4.SA,"17,33","17,43","17,19","17,26","45553200,0"
2022-09-16,AAPL,"148,36","149,0","146,06","148,86","162278800,0"
2022-09-16,GOOGL,"102,19","102,52","100,34","101,46","42797200,0"
2022-09-16,ITUB4.SA,"19,9","20,04","19,73","19,84","48160200,0"
2022-09-16,MGLU3.SA,"40,5","41,22","37,68","38,59","19066882,0"
2022-09-16,MSFT,"239,19","239,74","236,57","238,72","39791800,0"
2022-09-16,PETR4.SA,"17,18","17,27","16,93","17,22","107303600,0"
2022-09-19,AAPL,"152,08","152,16","146,78","146,99","81474200,0"
2022-09-19,GOOGL,"102,46","102,71","100,94","101,14","23036800,0"
2022-09-19,ITUB4.SA,"20,64","20,73","19,82","19,84","45169520,0"
2022-09-19,MGLU3.SA,"41,41","42,22","39,41","39,5","16606952,0"
2022-09-19,MSFT,"238,98","239,58","235,39","236,97","26826900,0"
2022-09-19,PETR4.SA,"17,45","17,51","16,67","17,02","65559900,0"
2022-09-20,AAPL,"154,46","155,62","150,7","151,02","107689800,0"
2022-09-20,GOOGL,"100,54","101,76","99,92","101,47","26517100,0"
2022-09-20,ITUB4.SA,"21,33","21,37","20,71","20,75","69232900,0"
2022-09-20,MGLU3.SA,"40,5","42,22","40,04","41,13","14634126,0"
2022-09-20,MSFT,"236,95","237,99","234,21","236,58","26660300,0"
2022-09-20,PETR4.SA,"17,35","17,63","17,21","17,53","67798200,0"
2022-09-21,AAPL,"151,33","156,27","151,21","154,89","101696800,0"
2022-09-21,GOOGL,"98,69","102,27","98,68","101,06","31487300,0"
2022-09-21,ITUB4.SA,"21,1","21,39","21,01","21,33","52908350,0"
2022-09-21,MGLU3.SA,"43,13","44,58","39,95","40,59","26956603,0"
2022-09-21,MSFT,"233,53","242,05","233,48","238,73","28625600,0"
2022-09-21,PETR4.SA,"17,39","17,56","17,24","17,5","58812200,0"
2022-09-22,AAPL,"150,37","152,07","148,56","150,01","86652500,0"
2022-09-22,GOOGL,"99,54","100,64","98,2","98,23","34298600,0"
2022-09-22,ITUB4.SA,"21,53","21,63","21,11","21,32","47938550,0"
2022-09-22,MGLU3.SA,"41,77","45,13","41,22","44,13","25976471,0"
2022-09-22,MSFT,"235,52","238,33","232,18","232,48","31061200,0"
2022-09-22,PETR4.SA,"17,82","17,9","17,32","17,57","69764300,0"
2022-09-23,AAPL,"148,09","149,12","146,25","148,84","96029900,0"
2022-09-23,GOOGL,"98,15","99,07","96,89","99,04","31625400,0"
2022-09-23,ITUB4.SA,"21,1","21,29","20,87","21,18","37699420,0"
2022-09-23,MGLU3.SA,"42,04","42,77","40,77","40,86","16282978,0"
2022-09-23,MSFT,"232,53","235,66","229,87","234,11","34176000,0"
2022-09-23,PETR4.SA,"16,71","17,52","16,61","17,48","138630800,0"
2022-09-26,AAPL,"148,43","151,38","147,31","147,33","93339400,0"
2022-09-26,GOOGL,"97,58","99,28","97,22","97,52","27072700,0"
2022-09-26,ITUB4.SA,"20,65","21,01","20,61","20,98","16053510,0"
2022-09-26,MGLU3.SA,"40,68","43,04","40,32","41,59","11361076,0"
2022-09-26,MSFT,"232,07","235,98","231,53","231,68","27694200,0"
2022-09-26,PETR4.SA,"16,35","16,79","16,33","16,59","42934600,0"
2022-09-27,AAPL,"149,4","152,32","147,62","150,37","84442700,0"
2022-09-27,GOOGL,"96,92","99,4","96,29","98,84","30072800,0"
2022-09-27,ITUB4.SA,"20,53","20,63","20,45","20,54","42618070,0"
2022-09-27,MGLU3.SA,"37,95","38,77","37,77","38,05","26579567,0"
2022-09-27,MSFT,"231,05","236,32","229,18","234,54","27018700,0"
2022-09-27,PETR4.SA,"16,56","16,67","16,51","16,55","71087600,0"
2022-09-28,AAPL,"147,51","148,3","142,59","145,35","146691400,0"
2022-09-28,GOOGL,"99,45","100,1","96,53","97,07","32466300,0"
2022-09-28,ITUB4.SA,"20,52","20,88","20,37","20,57","46154570,0"
2022-09-28,MGLU3.SA,"39,32","39,86","37,23","38,14","17590216,0"
2022-09-28,MSFT,"235,61","236,84","229,41","231,44","29029700,0"
2022-09-28,PETR4.SA,"16,33","16,64","15,95","16,56","104670700,0"
2022-09-29,AAPL,"140,27","144,44","138,49","143,83","128138200,0"
2022-09-29,GOOGL,"96,84","98,05","95,39","98,05","31047200,0"
2022-09-29,ITUB4.SA,"20,83","20,96","20,4","20,48","57139500,0"
2022-09-29,MGLU3.SA,"36,77","38,95","36,5","38,5","16911360,0"
2022-09-29,MSFT,"232,12","234,51","229,1","233,47","27484200,0"
2022-09-29,PETR4.SA,"16,36","16,41","15,96","16,18","87536500,0"
2022-09-30,AAPL,"136,05","140,88","135,86","139,08","124925300,0"
2022-09-30,GOOGL,"95,08","98,31","94,99","96,47","32941500,0"
2022-09-30,ITUB4.SA,"20,93","20,98","20,66","20,74","37234010,0"
2022-09-30,MGLU3.SA,"40,68","41,31","36,14","37,14","26510960,0"
2022-09-30,MSFT,"227,62","235,09","227,45","232,89","35694800,0"
2022-09-30,PETR4.SA,"16,63","17,02","16,18","16,31","121637100,0"
2022-10-03,AAPL,"140,24","140,85","135,55","136,06","114311700,0"
2022-10-03,GOOGL,"98,05","98,7","95,94","96,18","27982000,0"
2022-10-03,ITUB4.SA,"22,2","22,22","21,27","21,48","78477410,0"
2022-10-03,MGLU3.SA,"44,58","45,13","41,86","43,13","24212867,0"
2022-10-03,MSFT,"235,28","236,13","229,34","230,07","28880400,0"
2022-10-03,PETR4.SA,"17,96","18,22","17,67","17,81","179694100,0"
2022-10-04,AAPL,"143,83","143,95","142,02","142,78","87830100,0"
2022-10-04,GOOGL,"101,03","101,23","99,78","99,84","28850800,0"
2022-10-04,ITUB4.SA,"22,24","22,54","21,94","22,36","48157120,0"
2022-10-04,MGLU3.SA,"46,22","47,49","45,04","46,22","19717288,0"
2022-10-04,MSFT,"243,24","244,68","239,43","239,53","34888400,0"
2022-10-04,PETR4.SA,"17,51","18,4","17,34","18,36","115917200,0"
2022-10-05,AAPL,"144,12","145,09","140,79","141,83","79471000,0"
2022-10-05,GOOGL,"100,83","101,32","98,21","99,23","22176900,0"
2022-10-05,ITUB4.SA,"22,24","22,45","22,13","22,29","33374220,0"
2022-10-05,MGLU3.SA,"46,49","47,85","45,31","46,4","17622376,0"
2022-10-05,MSFT,"243,55","244,9","238,57","240,41","20347100,0"
2022-10-05,PETR4.SA,"18,16","18,32","17,41","17,53","92893700,0"
2022-10-06,AAPL,"143,17","145,25","142,96","143,54","68402200,0"
2022-10-06,GOOGL,"100,82","102,32","99,99","100,08","22324000,0"
2022-10-06,ITUB4.SA,"21,83","22,34","21,74","22,31","53746330,0"
2022-10-06,MGLU3.SA,"48,76","49,03","46,31","47,03","18748778,0"
2022-10-06,MSFT,"241,2","244,67","240,5","242,31","20239900,0"
2022-10-06,PETR4.SA,"18,78","18,86","18,1","18,42","82671900,0"
2022-10-07,AAPL,"137,91","140,88","137,28","140,32","85925600,0"
2022-10-07,GOOGL,"98,09","99,93","97,71","99,25","27502800,0"
2022-10-07,ITUB4.SA,"21,88","21,88","21,38","21,79","61661270,0"
2022-10-07,MGLU3.SA,"48,22","49,12","47,49","48,49","16276745,0"
2022-10-07,MSFT,"228,93","235,85","227,88","235,44","37769600,0"
2022-10-07,PETR4.SA,"18,77","19,15","18,54","18,74","73500100,0"
2022-10-10,AAPL,"138,24","139,69","136,42","138,24","74899000,0"
2022-10-10,GOOGL,"97,28","98,51","96,43","98,41","18225100,0"
2022-10-10,ITUB4.SA,"21,65","22,04","21,48","22,0","53209640,0"
2022-10-10,MGLU3.SA,"48,31","49,58","47,13","48,49","14298456,0"
2022-10-10,MSFT,"224,05","229,24","221,59","227,77","29743600,0"
2022-10-10,PETR4.SA,"18,56","18,91","18,42","18,78","52222600,0"
2022-10-11,AAPL,"136,82","139,15","136,07","137,73","77033700,0"
2022-10-11,GOOGL,"96,6","98,66","95,74","96,85","26507100,0"
2022-10-11,ITUB4.SA,"21,5","21,75","21,43","21,57","35423300,0"
2022-10-11,MGLU3.SA,"46,94","49,4","46,49","48,31","16701400,0"
2022-10-11,MSFT,"220,3","223,87","219,03","222,46","30474000,0"
2022-10-11,PETR4.SA,"18,42","18,6","18,2","18,35","58332400,0"
2022-10-12,AAPL,"136,19","138,18","136,01","136,97","70433700,0"
2022-10-12,GOOGL,"96,98","98,16","96,16","96,72","21876400,0"
2022-10-12,MSFT,"220,63","222,69","218,88","220,29","21903900,0"
2022-10-13,AAPL,"140,77","141,36","132,28","132,89","113224000,0"
2022-10-13,GOOGL,"98,47","99,19","93,82","94,58","34574500,0"
2022-10-13,ITUB4.SA,"21,37","21,62","21,15","21,27","40900420,0"
2022-10-13,MGLU3.SA,"44,67","47,03","43,68","46,94","19275900,0"
2022-10-13,MSFT,"228,93","230,75","214,16","214,87","42551800,0"
2022-10-13,PETR4.SA,"18,94","19,25","18,09","18,14","91143900,0"
2022-10-14,AAPL,"136,23","142,27","136,04","142,07","88598000,0"
2022-10-14,GOOGL,"95,98","100,09","95,8","99,39","25410700,0"
2022-10-14,ITUB4.SA,"21,38","21,77","21,24","21,45","44169290,0"
2022-10-14,MGLU3.SA,"39,68","45,31","39,32","45,04","27398439,0"
2022-10-14,MSFT,"223,38","231,86","223,16","230,2","30198600,0"
2022-10-14,PETR4.SA,"18,65","19,05","18,58","18,96","62246100,0"
2022-10-17,AAPL,"140,2","140,68","138,09","138,88","85250900,0"
2022-10-17,GOOGL,"99,37","100,33","98,24","98,27","28419200,0"
2022-10-17,ITUB4.SA,"21,55","21,71","21,42","21,6","22421190,0"
2022-10-17,MGLU3.SA,"39,68","42,49","39,5","40,59","19475628,0"
2022-10-17,MSFT,"232,15","233,54","229,81","230,47","28142300,0"
2022-10-17,PETR4.SA,"18,63","19,06","18,33","18,55","100936400,0"
2022-10-18,AAPL,"141,52","144,42","138,42","143,23","99136600,0"
2022-10-18,GOOGL,"100,17","102,85","99,37","102,52","24060700,0"
2022-10-18,ITUB4.SA,"22,08","22,08","21,68","21,86","50821760,0"
2022-10-18,MGLU3.SA,"39,23","41,13","38,23","40,77","19844078,0"
2022-10-18,MSFT,"233,09","238,4","230,03","237,73","26329600,0"
2022-10-18,PETR4.SA,"19,09","19,1","18,51","18,92","82313200,0"
2022-10-19,AAPL,"141,62","142,7","139,3","139,49","61758300,0"
2022-10-19,GOOGL,"99,04","100,42","98,33","99,41","23811100,0"
2022-10-19,ITUB4.SA,"22,09","22,21","21,87","22,06","31206670,0"
2022-10-19,MGLU3.SA,"38,05","39,14","36,96","39,14","19149270,0"
2022-10-19,MSFT,"231,12","234,18","228,98","231,67","19985700,0"
2022-10-19,PETR4.SA,"19,77","19,84","18,99","19,05","113700900,0"
2022-10-20,AAPL,"141,16","143,62","140,43","140,8","64522000,0"
2022-10-20,GOOGL,"99,37","101,71","98,8","99,4","25323200,0"
2022-10-20,ITUB4.SA,"22,43","22,57","22,1","22,24","75340320,0"
2022-10-20,MGLU3.SA,"37,14","38,32","35,41","38,32","22863932,0"
2022-10-20,MSFT,"230,8","235,84","229,55","230,43","21811000,0"
2022-10-20,PETR4.SA,"20,35","20,4","19,96","20,15","114347400,0"
2022-10-21,AAPL,"144,98","145,55","140,43","140,65","86548600,0"
2022-10-21,GOOGL,"100,53","100,71","97,14","97,27","32458700,0"
2022-10-21,ITUB4.SA,"23,18","23,34","22,25","22,33","54182590,0"
2022-10-21,MGLU3.SA,"37,68","38,23","35,59","36,5","22108504,0"
2022-10-21,MSFT,"236,63","237,49","229,18","229,42","26299700,0"
2022-10-21,PETR4.SA,"21,05","21,42","20,31","20,34","139601400,0"
2022-10-24,AAPL,"147,13","147,9","143,73","144,9","75981900,0"
2022-10-24,GOOGL,"101,91","102,14","99,38","101,19","27176400,0"
2022-10-24,ITUB4.SA,"22,12","23,05","21,97","22,99","56074040,0"
2022-10-24,MGLU3.SA,"37,05","37,5","35,87","36,87","13366757,0"
2022-10-24,MSFT,"241,65","242,22","235,83","238,23","24911200,0"
2022-10-24,PETR4.SA,"19,11","20,55","19,1","20,37","142110900,0"
2022-10-25,AAPL,"149,97","150,12","147,04","147,76","74732300,0"
2022-10-25,GOOGL,"103,86","104,2","102,11","102,29","40611400,0"
2022-10-25,ITUB4.SA,"21,95","22,21","21,95","22,12","28654230,0"
2022-10-25,MGLU3.SA,"38,95","40,59","36,68","36,96","22988734,0"
2022-10-25,MSFT,"244,98","245,35","240,26","241,65","34775500,0"
2022-10-25,PETR4.SA,"18,71","19,25","18,53","19,0","113161200,0"
2022-10-26,AAPL,"147,03","149,63","145,74","148,61","88194300,0"
2022-10-26,GOOGL,"94,36","97,72","94,13","95,86","88114100,0"
2022-10-26,ITUB4.SA,"21,48","21,89","21,4","21,64","53481340,0"
2022-10-26,MGLU3.SA,"35,5","38,41","35,23","38,14","20018756,0"
2022-10-26,MSFT,"226,08","232,9","224,84","225,93","82543200,0"
2022-10-26,PETR4.SA,"18,25","18,71","17,8","18,19","121334800,0"
2022-10-27,AAPL,"142,55","146,73","141,89","145,77","109180200,0"
2022-10-27,GOOGL,"91,67","94,86","91,25","93,96","60710900,0"
2022-10-27,ITUB4.SA,"21,87","22,11","21,57","21,72","43553620,0"
2022-10-27,MGLU3.SA,"38,32","39,23","35,59","35,78","23518626,0"
2022-10-27,MSFT,"221,61","228,39","220,66","225,8","40424600,0"
2022-10-27,PETR4.SA,"18,39","18,72","18,23","18,31","111008800,0"
2022-10-28,AAPL,"153,32","155,05","145,52","145,9","164762400,0"
2022-10-28,GOOGL,"95,72","95,97","91,58","91,72","43697300,0"
2022-10-28,ITUB4.SA,"22,04","22,12","21,71","21,8","31478480,0"
2022-10-28,MGLU3.SA,"39,77","40,32","37,23","37,86","21420774,0"
2022-10-28,MSFT,"230,52","231,24","220,93","221,11","40647700,0"
2022-10-28,PETR4.SA,"18,18","18,48","17,78","18,25","129745400,0"
2022-10-31,AAPL,"150,96","151,84","149,56","150,78","97943200,0"
2022-10-31,GOOGL,"93,95","95,46","93,42","94,85","31675000,0"
2022-10-31,ITUB4.SA,"22,68","22,81","21,6","21,64","92135340,0"
2022-10-31,MGLU3.SA,"40,59","42,31","38,68","39,77","28191170,0"
2022-10-31,MSFT,"226,87","229,59","225,91","228,46","28357300,0"
2022-10-31,PETR4.SA,"16,64","17,63","16,27","17,08","262409400,0"
2022-11-01,AAPL,"148,31","153,03","146,81","152,67","80379300,0"
2022-11-01,GOOGL,"89,93","95,46","89,83","94,88","47161400,0"
2022-11-01,ITUB4.SA,"22,74","23,36","22,46","23,15","46108480,0"
2022-11-01,MGLU3.SA,"41,41","42,4","39,32","41,13","21742673,0"
2022-11-01,MSFT,"223,0","230,4","222,18","229,28","30592300,0"
2022-11-01,PETR4.SA,"16,66","17,12","16,5","17,06","115944200,0"
2022-11-02,AAPL,"142,78","149,81","142,75","146,64","93604600,0"
2022-11-02,GOOGL,"86,45","90,64","86,36","90,4","57038300,0"
2022-11-02,MSFT,"215,11","226,06","215,05","224,26","38407000,0"
2022-11-03,AAPL,"136,72","140,58","136,59","139,85","97918500,0"
2022-11-03,GOOGL,"82,93","86,0","82,84","85,81","61288000,0"
2022-11-03,ITUB4.SA,"22,58","22,65","22,02","22,4","35776070,0"
2022-11-03,MGLU3.SA,"44,22","44,95","39,95","40,5","25961385,0"
2022-11-03,MSFT,"209,39","215,41","209,13","215,1","36633900,0"
2022-11-03,PETR4.SA,"16,71","16,96","16,43","16,63","139062100,0"
2022-11-04,AAPL,"136,46","140,69","132,51","140,11","140814800,0"
2022-11-04,GOOGL,"86,06","86,12","83,21","84,89","51124900,0"
2022-11-04,ITUB4.SA,"22,66","23,09","22,59","22,91","34476750,0"
2022-11-04,MGLU3.SA,"43,86","45,49","43,22","45,4","17093468,0"
2022-11-04,MSFT,"216,37","216,57","208,59","212,62","36789100,0"
2022-11-04,PETR4.SA,"15,79","17,24","15,73","17,19","195361000,0"
2022-11-07,AAPL,"136,99","137,21","133,78","135,2","83374600,0"
2022-11-07,GOOGL,"87,96","88,37","86,33","86,76","34078900,0"
2022-11-07,ITUB4.SA,"22,15","22,64","21,95","22,45","51142080,0"
2022-11-07,MGLU3.SA,"41,22","44,86","40,86","43,58","18286125,0"
2022-11-07,MSFT,"222,7","223,23","216,26","216,96","33498000,0"
2022-11-07,PETR4.SA,"15,15","15,79","15,11","15,6","117206600,0"
2022-11-08,AAPL,"137,56","139,46","135,58","138,46","89908500,0"
2022-11-08,GOOGL,"88,37","89,78","87,07","88,37","30429000,0"
2022-11-08,ITUB4.SA,"22,08","22,15","21,8","21,99","30737630,0"
2022-11-08,MGLU3.SA,"42,04","43,31","40,86","40,95","17880982,0"
2022-11-08,MSFT,"223,68","226,4","220,72","223,52","28192500,0"
2022-11-08,PETR4.SA,"15,26","15,36","14,93","15,1","94745400,0"
2022-11-09,AAPL,"132,99","136,62","132,72","136,57","74917800,0"
2022-11-09,GOOGL,"86,8","88,91","86,76","87,92","31769100,0"
2022-11-09,ITUB4.SA,"21,02","21,7","20,79","21,4","142915850,0"
2022-11-09,MGLU3.SA,"40,59","42,4","39,95","42,04","12942144,0"
2022-11-09,MSFT,"219,42","223,45","219,24","222,22","27852900,0"
2022-11-09,PETR4.SA,"15,01","15,6","14,87","15,15","103303500,0"
2022-11-10,AAPL,"144,83","144,83","137,56","139,28","118854000,0"
2022-11-10,GOOGL,"93,38","93,83","91,06","91,7","51620100,0"
2022-11-10,ITUB4.SA,"20,62","20,87","20,13","20,43","96218980,0"
2022-11-10,MGLU3.SA,"36,14","39,5","35,32","38,32","24197118,0"
2022-11-10,MSFT,"237,47","237,81","229,67","230,09","46268000,0"
2022-11-10,PETR4.SA,"14,58","15,01","14,29","14,55","145470100,0"
2022-11-11,AAPL,"147,62","147,92","142,36","143,79","93979700,0"
2022-11-11,GOOGL,"95,84","96,35","93,36","94,13","33090500,0"
2022-11-11,ITUB4.SA,"19,96","21,06","19,87","20,91","108133520,0"
2022-11-11,MGLU3.SA,"31,42","37,68","30,69","37,32","41619008,0"
2022-11-11,MSFT,"241,51","242,37","236,45","237,48","34620200,0"
2022-11-11,PETR4.SA,"15,06","15,27","14,34","14,4","146365800,0"
2022-11-14,AAPL,"146,22","148,19","145,38","146,9","73374100,0"
2022-11-14,GOOGL,"95,13","96,21","93,95","94,52","30179500,0"
2022-11-14,ITUB4.SA,"19,9","20,38","19,71","20,2","57426050,0"
2022-11-14,MGLU3.SA,"32,87","33,69","31,33","32,23","23044640,0"
2022-11-14,MSFT,"236,07","238,38","233,79","236,5","31123300,0"
2022-11-14,PETR4.SA,"15,46","15,73","15,12","15,21","66639500,0"
2022-11-15,AAPL,"147,95","151,45","146,49","150,1","89868300,0"
2022-11-15,GOOGL,"97,85","99,54","96,13","97,67","41640800,0"
2022-11-15,MSFT,"236,48","241,4","234,59","240,09","31390100,0"
2022-11-16,AAPL,"146,72","147,79","145,24","147,06","64218300,0"
2022-11-16,GOOGL,"98,26","99,05","97,06","97,32","29105200,0"
2022-11-16,ITUB4.SA,"19,61","19,93","19,42","19,9","49242710,0"
2022-11-16,MGLU3.SA,"30,24","33,05","30,06","32,87","23963691,0"
2022-11-16,MSFT,"236,92","238,94","235,63","237,96","24093300,0"
2022-11-16,PETR4.SA,"15,15","15,69","15,03","15,52","85549900,0"
2022-11-17,AAPL,"148,62","149,37","144,12","144,39","80389400,0"
2022-11-17,GOOGL,"97,77","98,69","96,21","96,39","26052600,0"
2022-11-17,ITUB4.SA,"19,73","19,74","19,26","19,34","75346480,0"
2022-11-17,MGLU3.SA,"30,78","31,42","27,51","29,24","25769355,0"
2022-11-17,MSFT,"236,87","238,41","232,9","233,04","23123500,0"
2022-11-17,PETR4.SA,"15,16","15,24","14,82","15,07","101525800,0"
2022-11-18,AAPL,"149,19","150,58","147,88","150,19","74829600,0"
2022-11-18,GOOGL,"96,85","98,31","95,8","98,18","28342300,0"
2022-11-18,ITUB4.SA,"19,89","20,27","19,7","19,93","54396980,0"
2022-11-18,MGLU3.SA,"28,6","32,51","28,06","31,78","28794962,0"
2022-11-18,MSFT,"236,42","238,89","234,27","238,66","27613500,0"
2022-11-18,PETR4.SA,"14,9","15,4","14,63","15,29","127683500,0"
2022-11-21,AAPL,"145,95","148,28","145,67","148,07","58724100,0"
2022-11-21,GOOGL,"95,03","97,81","94,79","96,71","21647400,0"
2022-11-21,ITUB4.SA,"19,95","20,26","19,68","20,16","42705520,0"
2022-11-21,MGLU3.SA,"30,69","31,6","29,06","29,42","26862197,0"
2022-11-21,MSFT,"237,23","239,8","236,39","236,62","26394700,0"
2022-11-21,PETR4.SA,"14,94","15,39","14,54","15,13","164898100,0"
2022-11-22,AAPL,"148,09","148,33","144,89","146,07","51804100,0"
2022-11-22,GOOGL,"96,47","96,64","93,49","95,38","23438500,0"
2022-11-22,ITUB4.SA,"19,62","20,12","19,48","20,01","62171120,0"
2022-11-22,MGLU3.SA,"30,33","31,33","29,06","30,78","21864406,0"
2022-11-22,MSFT,"240,15","240,42","235,92","238,74","19665700,0"
2022-11-22,PETR4.SA,"13,93","13,99","13,31","13,73","164261300,0"
2022-11-23,AAPL,"148,97","149,72","147,26","147,37","58301400,0"
2022-11-23,GOOGL,"97,87","98,17","96,51","96,51","18868100,0"
2022-11-23,ITUB4.SA,"19,42","19,58","19,3","19,48","53988330,0"
2022-11-23,MGLU3.SA,"30,69","30,69","29,06","29,87","17862336,0"
2022-11-23,MSFT,"242,65","243,34","239,41","240,23","19508500,0"
2022-11-23,PETR4.SA,"13,99","14,12","13,61","13,73","77317300,0"
2022-11-24,ITUB4.SA,"20,11","20,26","19,49","19,56","29957510,0"
2022-11-24,MGLU3.SA,"32,69","33,23","31,14","31,14","17575879,0"
2022-11-24,PETR4.SA,"14,48","14,71","13,88","14,04","94233800,0"
2022-11-25,AAPL,"146,05","146,81","145,07","146,25","35195900,0"
2022-11-25,GOOGL,"96,88","98,05","96,82","97,65","9701400,0"
2022-11-25,ITUB4.SA,"19,4","20,02","19,33","19,99","44743820,0"
2022-11-25,MGLU3.SA,"31,05","32,87","30,15","32,69","22460093,0"
2022-11-25,MSFT,"242,56","243,75","241,82","242,39","9200800,0"
2022-11-25,PETR4.SA,"14,25","14,53","14,09","14,48","58635900,0"
2022-11-28,AAPL,"142,21","144,6","141,39","143,12","69246000,0"
2022-11-28,GOOGL,"95,48","97,0","95,04","96,46","26237500,0"
2022-11-28,ITUB4.SA,"19,05","19,57","19,03","19,49","44500060,0"
2022-11-28,MGLU3.SA,"30,15","31,33","29,33","29,51","16215665,0"
2022-11-28,MSFT,"236,95","241,74","236,0","241,18","24778200,0"
2022-11-28,PETR4.SA,"14,54","14,66","14,05","14,12","56067400,0"
2022-11-29,AAPL,"139,21","142,8","138,4","142,28","83763800,0"
2022-11-29,GOOGL,"94,62","95,55","93,55","95,16","20061700,0"
2022-11-29,ITUB4.SA,"19,22","19,49","18,61","19,07","74891520,0"
2022-11-29,MGLU3.SA,"30,51","31,51","28,78","30,51","20888209,0"
2022-11-29,MSFT,"235,54","237,96","233,47","236,59","17956300,0"
2022-11-29,PETR4.SA,"15,15","15,45","14,62","14,69","96151500,0"
2022-11-30,AAPL,"145,97","146,65","138,6","139,43","111380900,0"
2022-11-30,GOOGL,"100,39","100,44","93,86","94,25","43647500,0"
2022-11-30,ITUB4.SA,"19,41","19,44","18,99","19,26","58269090,0"
2022-11-30,MGLU3.SA,"30,96","31,51","29,6","30,6","22319201,0"
2022-11-30,MSFT,"250,06","250,25","235,08","235,78","47594200,0"
2022-11-30,PETR4.SA,"15,92","15,92","15,22","15,28","120774700,0"
2022-12-01,AAPL,"146,25","147,06","144,57","146,15","71250400,0"
2022-12-01,GOOGL,"100,39","101,64","99,65","100,42","28687100,0"
2022-12-01,ITUB4.SA,"19,41","19,5","19,12","19,13","48670820,0"
2022-12-01,MGLU3.SA,"28,15","30,78","28,15","30,69","21787641,0"
2022-12-01,MSFT,"249,62","251,02","245,92","248,81","26041500,0"
2022-12-01,PETR4.SA,"15,28","15,99","15,26","15,87","71259400,0"
2022-12-02,AAPL,"145,75","145,94","143,62","143,93","65447400,0"
2022-12-02,GOOGL,"99,84","100,17","98,31","98,46","21480700,0"
2022-12-02,ITUB4.SA,"19,67","19,91","19,11","19,48","61318950,0"
2022-12-02,MGLU3.SA,"29,42","30,69","27,69","28,33","27523198,0"
2022-12-02,MSFT,"249,94","250,96","244,72","244,85","21528500,0"
2022-12-02,PETR4.SA,"15,47","15,79","15,11","15,34","66301000,0"
2022-12-05,AAPL,"144,59","148,82","143,74","145,71","68826400,0"
2022-12-05,GOOGL,"98,89","100,78","98,41","98,81","24405100,0"
2022-12-05,ITUB4.SA,"19,1","19,53","19,01","19,53","36334430,0"
2022-12-05,MGLU3.SA,"27,97","29,51","27,51","29,15","14199014,0"
2022-12-05,MSFT,"245,22","248,77","243,12","246,99","23435300,0"
2022-12-05,PETR4.SA,"15,3","15,87","15,25","15,52","56065400,0"
2022-12-06,AAPL,"140,92","145,25","139,95","145,02","64727200,0"
2022-12-06,GOOGL,"96,4","99,19","95,85","98,71","24910700,0"
2022-12-06,ITUB4.SA,"19,54","19,54","19,1","19,22","51946070,0"
2022-12-06,MGLU3.SA,"28,33","29,06","27,69","28,33","14315883,0"
2022-12-06,MSFT,"240,24","246,84","238,93","245,83","22463700,0"
2022-12-06,PETR4.SA,"15,31","15,76","15,18","15,42","74991200,0"
2022-12-07,AAPL,"138,98","141,38","138,05","140,21","69721100,0"
2022-12-07,GOOGL,"94,37","96,3","94,16","95,84","31045400,0"
2022-12-07,ITUB4.SA,"19,4","19,67","19,34","19,59","24503270,0"
2022-12-07,MGLU3.SA,"26,7","28,78","26,51","28,15","27619208,0"
2022-12-07,MSFT,"239,5","241,26","237,39","239,95","20481500,0"
2022-12-07,PETR4.SA,"15,14","15,57","15,09","15,13","57008400,0"
2022-12-08,AAPL,"140,67","141,52","139,14","140,38","62128300,0"
2022-12-08,GOOGL,"93,15","95,01","92,89","94,81","32213300,0"
2022-12-08,ITUB4.SA,"18,72","19,31","18,6","19,28","67705000,0"
2022-12-08,MGLU3.SA,"25,79","27,6","25,33","26,88","16267219,0"
2022-12-08,MSFT,"242,47","243,79","238,22","239,96","22611800,0"
2022-12-08,PETR4.SA,"14,79","15,4","14,71","15,25","55567700,0"
2022-12-09,AAPL,"140,18","143,55","138,94","140,36","76097000,0"
2022-12-09,GOOGL,"92,28","93,7","92,2","93,21","28225400,0"
2022-12-09,ITUB4.SA,"18,54","18,91","18,48","18,8","21858320,0"
2022-12-09,MGLU3.SA,"25,42","26,7","25,33","26,7","10982865,0"
2022-12-09,MSFT,"240,53","243,37","239,3","239,83","20609700,0"
2022-12-09,PETR4.SA,"14,75","14,96","14,62","14,92","61586200,0"
2022-12-12,AAPL,"142,48","142,49","139,1","140,72","70462700,0"
2022-12-12,GOOGL,"92,75","93,0","91,06","92,16","29420000,0"
2022-12-12,ITUB4.SA,"18,36","18,67","18,05","18,53","98492020,0"
2022-12-12,MGLU3.SA,"25,42","26,33","24,61","25,33","13880985,0"
2022-12-12,MSFT,"247,48","247,51","242,25","242,52","30665100,0"
2022-12-12,PETR4.SA,"14,28","14,72","13,81","14,68","111293100,0"
2022-12-13,AAPL,"143,45","147,88","142,23","147,42","93886200,0"
2022-12-13,GOOGL,"95,06","98,94","94,46","97,18","40593700,0"
2022-12-13,ITUB4.SA,"17,67","18,54","17,62","18,48","61706700,0"
2022-12-13,MGLU3.SA,"25,42","26,51","25,06","25,7","23052498,0"
2022-12-13,MSFT,"251,8","258,66","248,03","256,48","42196900,0"
2022-12-13,PETR4.SA,"13,92","14,45","13,92","14,39","102533100,0"
2022-12-14,AAPL,"141,22","144,62","139,2","143,33","82291200,0"
2022-12-14,GOOGL,"94,5","96,29","93,04","94,63","28733600,0"
2022-12-14,ITUB4.SA,"17,75","17,96","17,23","17,46","74658320,0"
2022-12-14,MGLU3.SA,"23,88","25,15","23,34","25,15","31555600,0"
2022-12-14,MSFT,"252,1","257,36","249,25","252,01","35410900,0"
2022-12-14,PETR4.SA,"12,82","13,49","12,4","13,43","319501600,0"
2022-12-15,AAPL,"134,6","139,83","134,14","139,15","98931900,0"
2022-12-15,GOOGL,"90,32","93,08","89,47","92,57","40107000,0"
2022-12-15,ITUB4.SA,"17,84","18,23","17,41","17,55","54270590,0"
2022-12-15,MGLU3.SA,"23,61","24,88","23,15","23,7","19499267,0"
2022-12-15,MSFT,"244,05","249,14","242,41","248,67","35560400,0"
2022-12-15,PETR4.SA,"13,16","13,36","12,44","12,54","132385600,0"
2022-12-16,AAPL,"132,64","135,74","131,87","134,79","160156900,0"
2022-12-16,GOOGL,"89,72","90,79","88,99","90,22","58011800,0"
2022-12-16,ITUB4.SA,"18,04","18,17","17,82","17,92","63086320,0"
2022-12-16,MGLU3.SA,"21,52","23,88","21,34","23,43","22981624,0"
2022-12-16,MSFT,"239,82","244,86","238,66","243,6","86102000,0"
2022-12-16,PETR4.SA,"13,16","13,2","12,84","13,11","90767300,0"
2022-12-19,AAPL,"130,53","133,32","129,49","133,23","79592600,0"
2022-12-19,GOOGL,"87,91","90,02","87,68","89,72","29493000,0"
2022-12-19,ITUB4.SA,"18,58","18,65","18,02","18,13","53324810,0"
2022-12-19,MGLU3.SA,"23,7","24,52","21,43","21,7","32024016,0"
2022-12-19,MSFT,"235,66","240,33","233,96","239,98","29696400,0"
2022-12-19,PETR4.SA,"13,36","13,44","12,92","13,19","63074100,0"
2022-12-20,AAPL,"130,46","131,4","128,08","129,56","77432800,0"
2022-12-20,GOOGL,"88,49","88,65","86,92","87,58","23453800,0"
2022-12-20,ITUB4.SA,"18,78","19,19","18,51","18,58","43336810,0"
2022-12-20,MGLU3.SA,"25,61","27,51","23,06","23,25","38117663,0"
2022-12-20,MSFT,"236,98","238,07","233,67","234,63","25150800,0"
2022-12-20,PETR4.SA,"13,77","13,88","13,26","13,37","71875500,0"
2022-12-21,AAPL,"133,57","134,91","130,9","131,13","85928000,0"
2022-12-21,GOOGL,"89,05","89,68","87,79","88,55","24745600,0"
2022-12-21,ITUB4.SA,"18,86","19,05","18,61","18,85","67821050,0"
2022-12-21,MGLU3.SA,"23,7","26,24","23,52","25,88","31675153,0"
2022-12-21,MSFT,"239,56","240,73","235,33","236,88","23690600,0"
2022-12-21,PETR4.SA,"14,07","14,16","13,64","14,03","74252800,0"
2022-12-22,AAPL,"130,39","132,69","128,49","132,48","77852100,0"
2022-12-22,GOOGL,"87,24","88,01","85,81","87,63","27658300,0"
2022-12-22,ITUB4.SA,"18,9","19,12","18,64","18,89","24568280,0"
2022-12-22,MGLU3.SA,"23,61","24,15","22,79","23,97","19744754,0"
2022-12-22,MSFT,"233,45","237,17","229,21","236,46","28651700,0"
2022-12-22,PETR4.SA,"14,32","14,66","14,15","14,27","81894800,0"
2022-12-23,AAPL,"130,03","130,58","127,84","129,1","63814900,0"
2022-12-23,GOOGL,"88,7","89,02","86,55","86,59","23003000,0"
2022-12-23,ITUB4.SA,"19,19","19,44","18,95","19,07","27860030,0"
2022-12-23,MGLU3.SA,"24,33","25,7","23,79","23,79","20866805,0"
2022-12-23,MSFT,"233,98","234,11","229,28","231,41","21207000,0"
2022-12-23,PETR4.SA,"15,0","15,06","14,41","14,41","68387900,0"
2022-12-26,ITUB4.SA,"18,81","19,19","18,71","19,01","17303880,0"
2022-12-26,MGLU3.SA,"24,15","24,79","23,25","24,61","7911595,0"
2022-12-26,PETR4.SA,"14,89","15,11","14,82","15,0","28765200,0"
2022-12-27,AAPL,"128,22","129,58","126,93","129,55","69007800,0"
2022-12-27,GOOGL,"86,87","88,41","86,49","88,27","20097300,0"
2022-12-27,ITUB4.SA,"18,71","18,84","18,49","18,79","18923960,0"
2022-12-27,MGLU3.SA,"22,88","24,61","22,7","24,24","15799947,0"
2022-12-27,MSFT,"232,24","234,17","231,13","233,95","16688600,0"
2022-12-27,PETR4.SA,"14,99","15,11","14,66","15,08","50803200,0"
2022-12-28,AAPL,"124,29","129,21","124,12","127,87","85438400,0"
2022-12-28,GOOGL,"85,51","87,52","85,43","86,46","19523200,0"
2022-12-28,ITUB4.SA,"19,09","19,2","18,68","18,86","24966040,0"
2022-12-28,MGLU3.SA,"24,43","24,88","22,79","23,06","20875198,0"
2022-12-28,MSFT,"229,86","234,95","229,51","232,17","17457100,0"
2022-12-28,PETR4.SA,"14,81","15,12","14,78","14,99","57293500,0"
2022-12-29,AAPL,"127,81","128,67","125,95","126,21","75703700,0"
2022-12-29,GOOGL,"87,92","88,32","86,09","86,1","23333500,0"
2022-12-29,ITUB4.SA,"19,05","19,41","19,02","19,23","27279670,0"
2022-12-29,MGLU3.SA,"24,88","25,42","24,15","24,61","13903876,0"
2022-12-29,MSFT,"236,21","237,1","230,96","230,96","19770700,0"
2022-12-29,PETR4.SA,"14,63","14,96","14,59","14,92","57901800,0"
2022-12-30,AAPL,"128,12","128,14","125,66","126,62","77034200,0"
2022-12-30,GOOGL,"87,7","87,77","86,05","86,46","23986300,0"
2022-12-30,MSFT,"235,04","235,18","231,95","233,47","21938500,0"
2023-01-02,ITUB4.SA,"18,67","18,7","18,33","18,63","25674770,0"
2023-01-02,MGLU3.SA,"23,52","24,15","23,15","24,06","7497888,0"
2023-01-02,PETR4.SA,"13,68","14,22","13,61","14,05","78424700,0"
2023-01-03,AAPL,"123,33","129,08","122,44","128,47","112117500,0"
2023-01-03,GOOGL,"88,59","90,51","87,99","89,06","28131200,0"
2023-01-03,ITUB4.SA,"18,28","18,79","18,17","18,67","32861180,0"
2023-01-03,MGLU3.SA,"23,06","25,06","22,7","23,61","17551556,0"
2023-01-03,MSFT,"234,81","240,86","232,67","238,24","25740000,0"
2023-01-03,PETR4.SA,"13,34","13,79","13,21","13,7","96750300,0"
2023-01-04,AAPL,"124,6","126,87","123,34","125,13","89113600,0"
2023-01-04,GOOGL,"87,55","90,11","86,75","89,81","34854800,0"
2023-01-04,ITUB4.SA,"18,34","18,7","18,21","18,34","32869650,0"
2023-01-04,MGLU3.SA,"23,15","23,7","22,7","23,52","15827820,0"
2023-01-04,MSFT,"224,54","228,23","221,46","227,65","50623400,0"
2023-01-04,PETR4.SA,"13,76","14,08","13,03","13,11","129504000,0"
2023-01-05,AAPL,"123,28","125,99","123,02","125,36","80962700,0"
2023-01-05,GOOGL,"85,69","87,05","85,39","86,95","27194400,0"
2023-01-05,ITUB4.SA,"18,91","18,99","18,31","18,38","39955080,0"
2023-01-05,MGLU3.SA,"24,15","24,61","22,79","23,43","18612739,0"
2023-01-05,MSFT,"217,88","223,02","217,34","222,68","39585600,0"
2023-01-05,PETR4.SA,"14,26","14,35","13,82","13,94","73886000,0"
2023-01-06,AAPL,"127,82","128,48","123,15","124,26","87754700,0"
2023-01-06,GOOGL,"86,82","87,17","84,35","86,27","41381500,0"
2023-01-06,ITUB4.SA,"19,24","19,3","18,91","19,01","41391020,0"
2023-01-06,MGLU3.SA,"25,06","25,15","23,61","24,24","15385492,0"
2023-01-06,MSFT,"220,45","221,26","214,98","218,56","43613600,0"
2023-01-06,PETR4.SA,"14,17","14,52","14,06","14,29","51851500,0"
2023-01-09,AAPL,"128,34","131,55","128,08","128,66","70790800,0"
2023-01-09,GOOGL,"87,5","89,51","87,34","87,83","29003900,0"
2023-01-09,ITUB4.SA,"19,37","19,56","18,98","19,06","28236340,0"
2023-01-09,MGLU3.SA,"25,7","26,33","24,15","24,33","15152321,0"
2023-01-09,MSFT,"222,6","226,64","221,9","221,94","27369800,0"
2023-01-09,PETR4.SA,"14,25","14,33","13,88","14,03","46385200,0"
2023-01-10,AAPL,"128,91","129,43","126,34","128,45","63896200,0"
2023-01-10,GOOGL,"87,89","88,14","85,32","85,47","30467800,0"
2023-01-10,ITUB4.SA,"19,75","19,82","19,0","19,16","34528340,0"
2023-01-10,MGLU3.SA,"27,69","28,06","25,06","25,33","20533519,0"
2023-01-10,MSFT,"224,29","226,7","222,8","223,22","27033900,0"
2023-01-10,PETR4.SA,"14,38","14,39","13,95","14,3","52741100,0"
2023-01-11,AAPL,"131,63","131,65","128,65","129,42","69458900,0"
2023-01-11,GOOGL,"90,97","91,05","88,48","88,65","26862000,0"
2023-01-11,ITUB4.SA,"20,09","20,19","19,64","19,73","37615160,0"
2023-01-11,MGLU3.SA,"27,51","28,24","26,33","27,88","18214503,0"
2023-01-11,MSFT,"231,07","231,25","226,51","226,68","28669300,0"
2023-01-11,PETR4.SA,"14,5","14,7","14,36","14,42","53536500,0"
2023-01-12,AAPL,"131,55","132,39","129,61","132,02","71379600,0"
2023-01-12,GOOGL,"90,59","91,32","89,21","90,93","30258100,0"
2023-01-12,ITUB4.SA,"19,81","20,06","19,37","19,44","56127940,0"
2023-01-12,MGLU3.SA,"28,97","29,78","24,43","24,52","41038332,0"
2023-01-12,MSFT,"233,76","235,12","228,91","230,57","27269500,0"
2023-01-12,PETR4.SA,"14,71","14,72","14,39","14,5","58130000,0"
2023-01-13,AAPL,"132,89","133,04","129,83","130,19","57809700,0"
2023-01-13,GOOGL,"91,57","91,64","89,59","90,31","26329200,0"
2023-01-13,ITUB4.SA,"19,71","19,74","19,17","19,53","22840180,0"
2023-01-13,MGLU3.SA,"31,14","32,87","28,06","28,69","33746511,0"
2023-01-13,MSFT,"234,47","234,6","230,24","232,28","21333300,0"
2023-01-13,PETR4.SA,"14,67","14,72","14,48","14,59","40002700,0"
2023-01-16,ITUB4.SA,"19,5","19,71","19,28","19,63","26929540,0"
2023-01-16,MGLU3.SA,"34,96","35,96","30,6","30,69","23947600,0"
2023-01-16,PETR4.SA,"14,35","14,63","14,23","14,57","31973700,0"
2023-01-17,AAPL,"134,05","135,38","132,26","132,95","63646600,0"
2023-01-17,GOOGL,"90,75","91,7","89,51","91,51","32602400,0"
2023-01-17,ITUB4.SA,"19,9","19,94","19,44","19,56","35529670,0"
2023-01-17,MGLU3.SA,"34,41","36,5","33,23","35,41","27052088,0"
2023-01-17,MSFT,"235,56","236,11","232,37","233,23","29831300,0"
2023-01-17,PETR4.SA,"15,24","15,3","14,39","14,39","91797500,0"
2023-01-18,AAPL,"133,33","136,68","133,15","134,92","69672800,0"
2023-01-18,GOOGL,"90,58","92,25","90,1","91,59","29116700,0"
2023-01-18,ITUB4.SA,"20,26","20,31","19,98","20,11","43697060,0"
2023-01-18,MGLU3.SA,"32,33","35,23","31,96","34,87","24293363,0"
2023-01-18,MSFT,"231,11","237,55","230,83","236,76","30028700,0"
2023-01-18,PETR4.SA,"14,97","15,54","14,93","15,43","69692900,0"
2023-01-19,AAPL,"133,39","134,36","131,91","132,22","58280400,0"
2023-01-19,GOOGL,"92,5","93,05","90,09","90,18","37000400,0"
2023-01-19,ITUB4.SA,"20,26","20,33","19,85","20,0","39042300,0"
2023-01-19,MGLU3.SA,"34,6","35,59","31,42","31,51","28734405,0"
2023-01-19,MSFT,"227,31","230,83","226,09","229,12","28623000,0"
2023-01-19,PETR4.SA,"15,46","15,49","14,8","14,93","75553300,0"
2023-01-20,AAPL,"135,95","136,1","132,35","133,4","80223600,0"
2023-01-20,GOOGL,"97,44","97,71","94,45","94,53","63191100,0"
2023-01-20,ITUB4.SA,"19,9","20,34","19,85","20,33","36889710,0"
2023-01-20,MGLU3.SA,"34,69","35,23","33,87","34,96","16923035,0"
2023-01-20,MSFT,"235,44","235,95","229,84","230,18","35389800,0"
2023-01-20,PETR4.SA,"15,74","15,88","15,18","15,46","114219500,0"
2023-01-23,AAPL,"139,15","141,33","135,98","136,2","81760300,0"
2023-01-23,GOOGL,"99,2","99,44","96,92","97,37","40005100,0"
2023-01-23,ITUB4.SA,"19,29","19,95","19,21","19,85","50487910,0"
2023-01-23,MGLU3.SA,"36,68","37,14","34,87","35,05","19292526,0"
2023-01-23,MSFT,"237,75","240,29","234,88","236,3","31934000,0"
2023-01-23,PETR4.SA,"15,99","16,48","15,6","15,68","87678100,0"
2023-01-24,AAPL,"140,55","141,17","138,35","138,36","66435100,0"
2023-01-24,GOOGL,"97,12","99,02","96,62","97,52","33078500,0"
2023-01-24,ITUB4.SA,"19,47","19,85","19,32","19,44","33376970,0"
2023-01-24,MGLU3.SA,"39,86","40,41","36,77","37,05","24463091,0"
2023-01-24,MSFT,"237,22","239,09","235,65","237,67","40234400,0"
2023-01-24,PETR4.SA,"15,88","16,44","15,74","16,4","65794000,0"
2023-01-25,AAPL,"139,89","140,45","136,88","138,93","65799300,0"
2023-01-25,GOOGL,"94,65","95,59","93,2","95,0","42330000,0"
2023-01-25,ITUB4.SA,"19,53","19,63","19,08","19,47","42339220,0"
2023-01-25,MGLU3.SA,"39,5","42,4","38,95","39,86","24984910,0"
2023-01-25,MSFT,"235,82","238,45","226,3","229,81","66526600,0"
2023-01-25,PETR4.SA,"16,08","16,17","15,53","15,85","51832900,0"
2023-01-26,AAPL,"141,96","142,24","139,93","141,18","54105100,0"
2023-01-26,GOOGL,"96,94","96,99","94,81","95,92","30114000,0"
2023-01-26,ITUB4.SA,"19,42","19,63","19,24","19,56","32875920,0"
2023-01-26,MGLU3.SA,"38,86","40,5","38,14","39,77","19588028,0"
2023-01-26,MSFT,"243,06","243,37","237,18","238,8","33454500,0"
2023-01-26,PETR4.SA,"15,67","16,24","15,4","16,17","73344800,0"
2023-01-27,AAPL,"143,9","145,18","141,09","141,17","70555800,0"
2023-01-27,GOOGL,"98,78","99,72","96,73","96,73","33879800,0"
2023-01-27,ITUB4.SA,"19,01","19,41","18,92","19,37","33364430,0"
2023-01-27,MGLU3.SA,"41,13","41,59","38,95","39,14","15800835,0"
2023-01-27,MSFT,"243,22","244,85","241,91","244,03","26498900,0"
2023-01-27,PETR4.SA,"15,3","15,66","15,19","15,63","47681900,0"
2023-01-30,AAPL,"141,01","143,53","140,86","142,94","64015300,0"
2023-01-30,GOOGL,"96,36","97,7","95,83","96,9","27226200,0"
2023-01-30,ITUB4.SA,"19,02","19,11","18,7","19,05","38750800,0"
2023-01-30,MGLU3.SA,"39,59","42,22","38,86","41,68","16558808,0"
2023-01-30,MSFT,"237,88","240,71","237,38","239,64","25867400,0"
2023-01-30,PETR4.SA,"15,37","15,57","15,23","15,43","40683200,0"
2023-01-31,AAPL,"142,28","142,33","140,3","140,72","65874500,0"
2023-01-31,GOOGL,"98,25","98,29","96,24","96,29","29870700,0"
2023-01-31,ITUB4.SA,"19,31","19,51","19,13","19,15","31968970,0"
2023-01-31,MGLU3.SA,"40,22","40,77","39,14","39,86","11884660,0"
2023-01-31,MSFT,"242,88","243,01","238,11","238,6","26541100,0"
2023-01-31,PETR4.SA,"15,57","15,65","15,24","15,3","54048900,0"
2023-02-01,AAPL,"143,41","144,57","139,35","141,97","77663600,0"
2023-02-01,GOOGL,"99,83","100,59","97,0","98,12","35531100,0"
2023-02-01,ITUB4.SA,"19,06","19,46","18,91","19,22","30922540,0"
2023-02-01,MGLU3.SA,"38,95","40,13","37,77","39,95","15373122,0"
2023-02-01,MSFT,"247,72","250,1","240,58","243,06","31259900,0"
2023-02-01,PETR4.SA,"15,35","15,81","15,19","15,57","56349200,0"
2023-02-02,AAPL,"148,72","149,08","146,11","146,83","118339000,0"
2023-02-02,GOOGL,"107,1","107,21","104,98","105,17","69883800,0"
2023-02-02,ITUB4.SA,"19,24","19,82","18,85","18,92","50951670,0"
2023-02-02,MGLU3.SA,"39,41","41,22","38,41","38,77","15768076,0"
2023-02-02,MSFT,"259,33","259,42","252,13","253,67","39940400,0"
2023-02-02,PETR4.SA,"14,64","15,41","14,58","15,23","83823000,0"
2023-02-03,AAPL,"152,35","155,19","145,77","145,97","154357300,0"
2023-02-03,GOOGL,"104,16","107,17","101,97","102,32","65309300,0"
2023-02-03,ITUB4.SA,"19,17","19,35","18,95","19,0","40325560,0"
2023-02-03,MGLU3.SA,"38,77","39,77","38,05","39,68","12160158,0"
2023-02-03,MSFT,"253,21","258,94","251,98","254,37","29077300,0"
2023-02-03,PETR4.SA,"14,8","15,15","14,58","14,65","71170700,0"
2023-02-06,AAPL,"149,62","150,97","148,68","150,45","69858300,0"
2023-02-06,GOOGL,"102,29","103,74","101,27","101,79","31999600,0"
2023-02-06,ITUB4.SA,"19,17","19,26","18,86","19,26","30932330,0"
2023-02-06,MGLU3.SA,"37,5","39,68","37,14","38,77","11211908,0"
2023-02-06,MSFT,"251,66","253,16","249,71","252,31","22518000,0"
2023-02-06,PETR4.SA,"15,39","15,45","14,78","14,85","82794500,0"
2023-02-07,AAPL,"152,5","153,07","148,55","148,55","83322600,0"
2023-02-07,GOOGL,"107,0","107,54","102,51","102,6","49010200,0"
2023-02-07,ITUB4.SA,"18,73","19,29","18,51","19,23","33541310,0"
2023-02-07,MGLU3.SA,"36,77","38,41","35,23","37,86","17939753,0"
2023-02-07,MSFT,"262,23","263,42","254,9","255,34","50841400,0"
2023-02-07,PETR4.SA,"15,3","15,61","15,2","15,47","55311800,0"
2023-02-08,AAPL,"149,81","152,43","149,07","151,74","64120100,0"
2023-02-08,GOOGL,"98,78","102,53","97,46","101,44","94743500,0"
2023-02-08,ITUB4.SA,"20,28","20,3","19,32","19,42","116843760,0"
2023-02-08,MGLU3.SA,"38,32","38,41","36,41","37,32","15408233,0"
2023-02-08,MSFT,"261,42","271,25","260,91","267,76","54686000,0"
2023-02-08,PETR4.SA,"15,55","15,61","15,26","15,4","48713100,0"
2023-02-09,AAPL,"148,77","152,18","148,33","151,64","56007100,0"
2023-02-09,GOOGL,"94,44","99,43","93,07","99,4","119455000,0"
2023-02-09,ITUB4.SA,"19,78","20,5","19,68","20,33","39666550,0"
2023-02-09,MGLU3.SA,"37,32","39,41","36,77","38,32","13682786,0"
2023-02-09,MSFT,"258,37","268,52","257,57","268,35","42375100,0"
2023-02-09,PETR4.SA,"15,48","15,71","15,4","15,55","38198300,0"
2023-02-10,AAPL,"149,14","149,46","147,37","147,61","57450700,0"
2023-02-10,GOOGL,"94,01","96,17","93,69","94,88","54980700,0"
2023-02-10,ITUB4.SA,"19,69","19,82","19,46","19,62","57380620,0"
2023-02-10,MGLU3.SA,"36,23","37,59","35,96","36,87","12619165,0"
2023-02-10,MSFT,"257,86","258,83","255,47","256,32","25818500,0"
2023-02-10,PETR4.SA,"15,95","15,99","15,48","15,51","54683100,0"
2023-02-13,AAPL,"151,94","152,35","149,05","149,08","62199000,0"
2023-02-13,GOOGL,"94,05","94,63","93,28","94,18","50076100,0"
2023-02-13,ITUB4.SA,"20,38","20,47","19,67","19,67","48217400,0"
2023-02-13,MGLU3.SA,"37,5","38,14","35,5","36,23","12627472,0"
2023-02-13,MSFT,"265,92","269,13","261,83","262,31","44630900,0"
2023-02-13,PETR4.SA,"16,0","16,05","15,74","15,94","36726900,0"
2023-02-14,AAPL,"151,3","151,86","148,99","150,23","61707600,0"
2023-02-14,GOOGL,"94,12","94,28","91,71","93,87","54726100,0"
2023-02-14,ITUB4.SA,"20,13","20,51","20,07","20,41","38486360,0"
2023-02-14,MGLU3.SA,"36,87","38,32","36,41","37,68","12322359,0"
2023-02-14,MSFT,"266,75","269,49","263,92","267,24","37047900,0"
2023-02-14,PETR4.SA,"15,94","16,16","15,88","16,03","35839000,0"
2023-02-15,AAPL,"153,4","153,57","150,98","151,21","65573800,0"
2023-02-15,GOOGL,"96,36","96,54","93,59","93,93","50169000,0"
2023-02-15,ITUB4.SA,"20,43","20,65","19,93","20,05","40574490,0"
2023-02-15,MGLU3.SA,"35,32","37,05","34,78","36,68","21539128,0"
2023-02-15,MSFT,"264,62","266,0","261,53","263,64","28922400,0"
2023-02-15,PETR4.SA,"15,97","16,0","15,7","15,87","72554100,0"
2023-02-16,AAPL,"151,8","154,39","151,45","151,61","68167900,0"
2023-02-16,GOOGL,"94,94","97,1","94,18","94,8","42462600,0"
2023-02-16,ITUB4.SA,"20,58","20,67","20,16","20,29","33681670,0"
2023-02-16,MGLU3.SA,"34,6","35,78","33,69","35,32","16244874,0"
2023-02-16,MSFT,"257,57","262,08","257,33","259,41","29603600,0"
2023-02-16,PETR4.SA,"16,03","16,09","15,82","15,88","44115700,0"
2023-02-17,AAPL,"150,66","151,1","148,98","150,46","59144100,0"
2023-02-17,GOOGL,"93,79","94,99","92,65","94,28","34284100,0"
2023-02-17,ITUB4.SA,"20,51","20,72","20,37","20,57","20705520,0"
2023-02-17,MGLU3.SA,"33,23","34,5","33,05","34,05","9987583,0"
2023-02-17,MSFT,"253,55","255,55","251,53","254,86","30000100,0"
2023-02-17,PETR4.SA,"15,79","15,92","15,74","15,92","61085700,0"
2023-02-21,AAPL,"146,64","149,42","146,57","148,34","58867200,0"
2023-02-21,GOOGL,"91,24","92,54","91,17","92,45","33629300,0"
2023-02-21,MSFT,"248,26","251,03","247,2","250,04","28397400,0"
2023-02-22,AAPL,"147,06","148,09","145,33","147,02","51011300,0"
2023-02-22,GOOGL,"91,1","91,56","90,07","91,15","30884000,0"
2023-02-22,ITUB4.SA,"20,13","20,23","20,04","20,07","20188850,0"
2023-02-22,MGLU3.SA,"31,96","32,69","31,33","32,69","7802585,0"
2023-02-22,MSFT,"247,12","249,9","245,97","249,65","22491100,0"
2023-02-22,PETR4.SA,"15,38","15,59","15,34","15,52","38608500,0"
2023-02-23,AAPL,"147,55","148,48","145,41","148,23","48394200,0"
2023-02-23,GOOGL,"90,35","91,39","89,22","91,37","41206400,0"
2023-02-23,ITUB4.SA,"20,2","20,65","20,11","20,15","41931120,0"
2023-02-23,MGLU3.SA,"32,33","33,32","31,69","32,05","8948456,0"
2023-02-23,MSFT,"250,32","252,36","246,11","251,1","29219100,0"
2023-02-23,PETR4.SA,"15,85","15,99","15,39","15,39","73913400,0"
2023-02-24,AAPL,"144,89","145,36","143,91","145,29","55469600,0"
2023-02-24,GOOGL,"88,6","89,35","88,05","88,91","36585100,0"
2023-02-24,ITUB4.SA,"19,59","20,07","19,49","20,03","34388310,0"
2023-02-24,MGLU3.SA,"32,78","35,14","32,42","33,23","13648627,0"
2023-02-24,MSFT,"244,87","246,62","243,77","245,6","24990900,0"
2023-02-24,PETR4.SA,"15,46","15,94","15,45","15,92","64409100,0"
2023-02-27,AAPL,"146,09","147,32","145,62","145,88","44998500,0"
2023-02-27,GOOGL,"89,33","89,62","88,81","89,33","27502300,0"
2023-02-27,ITUB4.SA,"19,33","19,69","19,29","19,68","19513120,0"
2023-02-27,MGLU3.SA,"33,14","34,23","32,6","33,51","10912386,0"
2023-02-27,MSFT,"245,79","248,41","245,04","248,05","21190000,0"
2023-02-27,PETR4.SA,"15,61","15,97","15,41","15,43","76250600,0"
2023-02-28,AAPL,"145,58","147,23","145,01","145,23","50547000,0"
2023-02-28,GOOGL,"89,52","90,69","88,79","88,8","30142000,0"
2023-02-28,ITUB4.SA,"19,4","19,71","19,21","19,38","28606930,0"
2023-02-28,MGLU3.SA,"32,6","33,96","32,6","33,23","7643549,0"
2023-02-28,MSFT,"245,07","247,1","244,39","244,72","22491000,0"
2023-02-28,PETR4.SA,"15,07","16,07","15,07","15,65","130248100,0"
2023-03-01,AAPL,"143,51","145,4","143,21","145,01","55479000,0"
2023-03-01,GOOGL,"89,82","90,49","89,14","89,44","31111200,0"
2023-03-01,ITUB4.SA,"19,09","19,36","18,62","19,33","48335980,0"
2023-03-01,MGLU3.SA,"29,33","33,14","29,24","33,05","14939699,0"
2023-03-01,MSFT,"241,97","246,55","241,5","246,38","27565300,0"
2023-03-01,PETR4.SA,"15,11","15,18","14,44","15,11","109257700,0"
2023-03-02,AAPL,"144,1","144,89","142,12","142,59","52238100,0"
2023-03-02,GOOGL,"91,45","91,73","89,06","89,13","32204400,0"
2023-03-02,ITUB4.SA,"18,46","19,24","18,36","19,01","50715720,0"
2023-03-02,MGLU3.SA,"28,6","29,87","28,24","29,42","10108183,0"
2023-03-02,MSFT,"246,73","247,01","241,32","242,25","24808200,0"
2023-03-02,PETR4.SA,"14,71","15,33","14,55","15,18","124516200,0"
2023-03-03,AAPL,"149,16","149,24","145,5","146,2","70732300,0"
2023-03-03,GOOGL,"93,09","93,17","91,9","91,93","35160100,0"
2023-03-03,ITUB4.SA,"18,49","18,78","18,39","18,58","28170230,0"
2023-03-03,MGLU3.SA,"27,42","28,87","27,24","28,69","12627911,0"
2023-03-03,MSFT,"250,83","251,16","247,0","247,79","30760100,0"
2023-03-03,PETR4.SA,"15,34","15,37","14,6","14,82","87591800,0"
2023-03-06,AAPL,"151,92","154,36","151,56","151,88","87558000,0"
2023-03-06,GOOGL,"94,56","95,4","93,44","93,46","32639300,0"
2023-03-06,ITUB4.SA,"18,9","19,12","18,41","18,66","34145540,0"
2023-03-06,MGLU3.SA,"28,97","29,51","26,7","27,6","15056654,0"
2023-03-06,MSFT,"252,39","255,58","251,51","251,95","24109800,0"
2023-03-06,PETR4.SA,"15,5","15,59","15,15","15,34","50227400,0"
2023-03-07,AAPL,"149,72","152,12","149,26","151,79","56182000,0"
2023-03-07,GOOGL,"93,3","95,1","92,97","94,41","27835500,0"
2023-03-07,ITUB4.SA,"18,96","19,0","18,55","18,97","30954990,0"
2023-03-07,MGLU3.SA,"29,24","29,6","28,42","28,97","9208826,0"
2023-03-07,MSFT,"249,71","253,19","248,97","251,83","21473200,0"
2023-03-07,PETR4.SA,"14,99","15,39","14,88","15,36","59052500,0"
2023-03-08,AAPL,"150,97","151,57","149,95","150,91","47204800,0"
2023-03-08,GOOGL,"93,69","95,39","93,44","93,56","34103300,0"
2023-03-08,ITUB4.SA,"19,2","19,34","18,9","19,08","38869160,0"
2023-03-08,MGLU3.SA,"31,14","32,14","28,97","29,15","16550094,0"
2023-03-08,MSFT,"249,27","250,1","246,43","249,6","17340200,0"
2023-03-08,PETR4.SA,"15,18","15,48","15,0","15,02","66220400,0"
2023-03-09,AAPL,"148,72","152,62","148,37","151,66","53833600,0"
2023-03-09,GOOGL,"91,77","94,96","91,35","93,49","28813500,0"
2023-03-09,ITUB4.SA,"18,83","19,15","18,79","19,09","46490290,0"
2023-03-09,MGLU3.SA,"30,78","32,42","30,51","30,87","11265858,0"
2023-03-09,MSFT,"247,91","255,03","247,19","251,35","26653400,0"
2023-03-09,PETR4.SA,"15,11","15,66","15,09","15,14","68042300,0"
2023-03-10,AAPL,"146,66","149,07","145,78","148,35","68572400,0"
2023-03-10,GOOGL,"90,09","92,24","89,86","91,62","35941000,0"
2023-03-10,ITUB4.SA,"18,38","18,79","18,24","18,74","36161730,0"
2023-03-10,MGLU3.SA,"30,87","31,05","27,24","28,78","25857795,0"
2023-03-10,MSFT,"244,25","248,38","243,28","246,7","28333900,0"
2023-03-10,PETR4.SA,"14,91","15,27","14,89","15,02","48118600,0"
2023-03-13,AAPL,"148,6","151,24","145,87","145,98","84457100,0"
2023-03-13,GOOGL,"90,57","92,02","88,89","89,55","37335600,0"
2023-03-13,ITUB4.SA,"18,16","18,38","17,92","18,15","37310350,0"
2023-03-13,MGLU3.SA,"33,78","34,87","30,24","30,51","20286727,0"
2023-03-13,MSFT,"249,49","253,41","241,44","243,08","33339700,0"
2023-03-13,PETR4.SA,"14,44","14,84","14,39","14,66","58605500,0"
2023-03-14,AAPL,"150,7","151,5","148,24","149,4","73695900,0"
2023-03-14,GOOGL,"93,41","93,8","91,89","92,01","36050200,0"
2023-03-14,ITUB4.SA,"18,1","18,29","17,92","17,99","42571980,0"
2023-03-14,MGLU3.SA,"33,87","35,23","33,32","33,78","13776861,0"
2023-03-14,MSFT,"256,24","256,51","251,39","252,27","33620300,0"
2023-03-14,PETR4.SA,"14,19","14,76","14,09","14,5","58916700,0"
2023-03-15,AAPL,"151,09","151,35","148,06","149,32","77167900,0"
2023-03-15,GOOGL,"95,54","96,35","92,09","92,66","50622100,0"
2023-03-15,ITUB4.SA,"18,05","18,14","17,58","17,84","55718410,0"
2023-03-15,MGLU3.SA,"34,6","35,23","32,42","33,14","14366828,0"
2023-03-15,MSFT,"260,81","261,83","254,68","255,44","46028000,0"
2023-03-15,PETR4.SA,"13,94","14,02","13,61","13,93","93708800,0"
2023-03-16,AAPL,"153,92","154,52","149,76","150,27","76161100,0"
2023-03-16,GOOGL,"99,72","100,59","94,93","95,63","65492000,0"
2023-03-16,ITUB4.SA,"18,35","18,44","17,96","18,07","44098780,0"
2023-03-16,MGLU3.SA,"35,32","36,23","34,87","34,96","10636674,0"
2023-03-16,MSFT,"271,38","271,73","258,68","260,58","54768800,0"
2023-03-16,PETR4.SA,"13,89","14,04","13,71","13,97","66821000,0"
2023-03-17,AAPL,"153,08","154,8","152,37","154,14","98944600,0"
2023-03-17,GOOGL,"101,01","102,23","99,5","99,66","61028500,0"
2023-03-17,ITUB4.SA,"17,82","18,26","17,79","18,25","66568810,0"
2023-03-17,MGLU3.SA,"34,32","35,59","34,14","35,23","8581845,0"
2023-03-17,MSFT,"274,55","278,38","271,5","273,4","69527400,0"
2023-03-17,PETR4.SA,"14,04","14,04","13,65","13,79","93502700,0"
2023-03-20,AAPL,"155,45","155,86","152,24","153,15","73641400,0"
2023-03-20,GOOGL,"100,62","101,14","99,27","99,52","32960400,0"
2023-03-20,ITUB4.SA,"17,87","18,22","17,7","17,87","35857140,0"
2023-03-20,MGLU3.SA,"33,69","35,23","33,05","34,96","8971453,0"
2023-03-20,MSFT,"267,48","272,64","265,14","272,14","43466600,0"
2023-03-20,PETR4.SA,"13,69","14,12","13,67","14,04","57575200,0"
2023-03-21,AAPL,"157,3","157,42","154,6","155,37","73938300,0"
2023-03-21,GOOGL,"104,29","104,47","100,62","100,65","42110300,0"
2023-03-21,ITUB4.SA,"18,23","18,44","17,94","17,94","42431840,0"
2023-03-21,MGLU3.SA,"33,6","34,32","33,32","33,87","6540091,0"
2023-03-21,MSFT,"269,0","270,2","264,81","270,08","34558700,0"
2023-03-21,PETR4.SA,"13,97","14,09","13,78","13,85","43391200,0"
2023-03-22,AAPL,"155,87","160,13","155,85","157,32","75701800,0"
2023-03-22,GOOGL,"102,75","105,95","102,71","103,65","43427400,0"
2023-03-22,ITUB4.SA,"18,13","18,52","18,08","18,29","40040330,0"
2023-03-22,MGLU3.SA,"32,6","34,05","32,33","33,51","12728817,0"
2023-03-22,MSFT,"267,54","276,13","267,43","268,63","34873300,0"
2023-03-22,PETR4.SA,"13,93","14,1","13,76","13,96","46435600,0"
2023-03-23,AAPL,"156,96","159,55","155,72","156,86","67622100,0"
2023-03-23,GOOGL,"104,97","105,67","103,84","104,43","40797800,0"
2023-03-23,ITUB4.SA,"17,68","18,52","17,48","18,13","58081320,0"
2023-03-23,MGLU3.SA,"28,24","32,69","27,6","32,69","26749070,0"
2023-03-23,MSFT,"272,81","276,15","270,4","273,09","36610900,0"
2023-03-23,PETR4.SA,"13,61","14,13","13,49","13,95","74711200,0"
2023-03-24,AAPL,"158,26","158,35","155,89","156,89","59196500,0"
2023-03-24,GOOGL,"104,81","104,86","103,22","104,36","30393300,0"
2023-03-24,ITUB4.SA,"17,93","18,09","17,56","17,89","33020680,0"
2023-03-24,MGLU3.SA,"29,33","29,96","28,15","29,24","12622191,0"
2023-03-24,MSFT,"275,67","275,73","270,47","272,4","28172000,0"
2023-03-24,PETR4.SA,"13,61","13,81","13,42","13,56","52556800,0"
2023-03-27,AAPL,"156,32","158,78","155,91","157,96","52390300,0"
2023-03-27,GOOGL,"101,85","104,14","101,32","104,0","31120900,0"
2023-03-27,ITUB4.SA,"18,24","18,36","18,06","18,15","43316570,0"
2023-03-27,MGLU3.SA,"30,33","30,87","29,6","29,87","8074170,0"
2023-03-27,MSFT,"271,55","276,55","270,71","275,6","26840200,0"
2023-03-27,PETR4.SA,"13,84","13,95","13,63","13,8","39148700,0"
2023-03-28,AAPL,"155,69","156,52","154,05","156,01","45992200,0"
2023-03-28,GOOGL,"100,43","101,84","99,15","101,83","32057900,0"
2023-03-28,ITUB4.SA,"18,33","18,47","18,15","18,26","31199300,0"
2023-03-28,MGLU3.SA,"30,69","31,05","29,42","30,24","8690117,0"
2023-03-28,MSFT,"270,42","271,32","267,3","270,97","21878600,0"
2023-03-28,PETR4.SA,"14,08","14,11","13,82","13,86","29091100,0"
2023-03-29,AAPL,"158,78","159,05","157,37","157,39","51305700,0"
2023-03-29,GOOGL,"100,79","101,88","100,05","101,67","28779600,0"
2023-03-29,ITUB4.SA,"18,5","18,6","18,21","18,34","25051180,0"
2023-03-29,MGLU3.SA,"30,42","31,42","29,15","31,05","10996742,0"
2023-03-29,MSFT,"275,61","276,23","273,55","274,09","25087000,0"
2023-03-29,PETR4.SA,"14,27","14,35","14,01","14,16","49148600,0"
2023-03-30,AAPL,"160,35","160,46","159,27","159,53","49501700,0"
2023-03-30,GOOGL,"100,29","100,56","99,19","100,31","33086200,0"
2023-03-30,ITUB4.SA,"19,01","19,15","18,7","18,78","42010320,0"
2023-03-30,MGLU3.SA,"31,24","32,51","31,05","31,14","10673570,0"
2023-03-30,MSFT,"279,09","279,49","276,57","279,27","25053400,0"
2023-03-30,PETR4.SA,"14,31","14,5","14,14","14,48","56116900,0"
2023-03-31,AAPL,"162,85","162,95","159,9","160,43","68749800,0"
2023-03-31,GOOGL,"103,11","103,27","100,44","100,7","36863400,0"
2023-03-31,ITUB4.SA,"19,11","19,38","18,91","19,11","63604310,0"
2023-03-31,MGLU3.SA,"30,06","31,51","29,33","31,24","8925544,0"
2023-03-31,MSFT,"283,27","284,22","278,06","278,78","32766000,0"
2023-03-31,PETR4.SA,"14,0","14,46","13,86","14,33","59547800,0"
2023-04-03,AAPL,"164,11","164,23","162,18","162,23","56976200,0"
2023-04-03,GOOGL,"103,74","103,91","101,32","101,78","25035400,0"
2023-04-03,ITUB4.SA,"18,57","19,09","18,4","19,07","37189130,0"
2023-04-03,MGLU3.SA,"30,06","30,51","28,97","30,24","6946132,0"
2023-04-03,MSFT,"282,22","283,24","278,99","281,52","24883300,0"
2023-04-03,PETR4.SA,"14,62","14,63","14,21","14,38","73931200,0"
2023-04-04,AAPL,"163,58","164,77","163,06","164,53","46278300,0"
2023-04-04,GOOGL,"104,1","104,95","103,42","103,71","24420100,0"
2023-04-04,ITUB4.SA,"18,94","19,1","18,64","18,66","25163490,0"
2023-04-04,MGLU3.SA,"29,24","31,42","29,15","30,24","10689725,0"
2023-04-04,MSFT,"282,17","285,38","280,68","282,22","25824300,0"
2023-04-04,PETR4.SA,"14,49","14,78","14,39","14,71","57505700,0"
2023-04-05,AAPL,"161,73","163,0","159,79","162,7","51511700,0"
2023-04-05,GOOGL,"103,85","105,47","103,04","105,15","28290500,0"
2023-04-05,ITUB4.SA,"18,93","19,17","18,69","18,99","35111890,0"
2023-04-05,MGLU3.SA,"29,78","30,15","28,51","29,42","11875219,0"
2023-04-05,MSFT,"279,38","282,14","277,98","280,86","22064800,0"
2023-04-05,PETR4.SA,"14,54","14,65","13,89","14,44","93626400,0"
2023-04-06,AAPL,"162,62","162,91","159,99","160,42","45390100,0"
2023-04-06,GOOGL,"107,77","108,52","103,71","104,63","48711500,0"
2023-04-06,ITUB4.SA,"18,86","19,07","18,73","18,98","23932920,0"
2023-04-06,MGLU3.SA,"30,6","30,96","29,51","29,6","7636043,0"
2023-04-06,MSFT,"286,51","286,98","277,11","278,27","29770300,0"
2023-04-06,PETR4.SA,"14,33","14,58","14,3","14,53","29565400,0"
2023-04-10,AAPL,"160,02","160,02","158,09","159,42","47716900,0"
2023-04-10,GOOGL,"105,81","106,95","104,49","106,34","27067400,0"
2023-04-10,ITUB4.SA,"19,07","19,13","18,94","19,04","15556750,0"
2023-04-10,MGLU3.SA,"30,42","31,33","30,42","30,78","5992986,0"
2023-04-10,MSFT,"284,34","284,54","279,74","284,16","23103000,0"
2023-04-10,PETR4.SA,"14,63","14,72","14,35","14,35","41455900,0"
2023-04-11,AAPL,"158,81","160,35","158,52","160,34","47644200,0"
2023-04-11,GOOGL,"104,72","106,09","104,06","105,91","26311800,0"
2023-04-11,ITUB4.SA,"19,68","19,8","19,33","19,48","53273330,0"
2023-04-11,MGLU3.SA,"34,32","35,14","31,33","31,42","26133518,0"
2023-04-11,MSFT,"277,89","280,99","276,72","280,76","27276600,0"
2023-04-11,PETR4.SA,"15,32","15,34","14,71","14,75","80565000,0"
2023-04-12,AAPL,"158,11","160,05","157,8","159,22","50133100,0"
2023-04-12,GOOGL,"104,02","106,11","103,72","105,94","24370300,0"
2023-04-12,ITUB4.SA,"19,82","20,11","19,61","19,82","46009920,0"
2023-04-12,MGLU3.SA,"35,23","35,68","34,23","35,23","16304725,0"
2023-04-12,MSFT,"278,54","282,0","277,04","279,82","27403400,0"
2023-04-12,PETR4.SA,"15,43","15,61","15,03","15,51","71563400,0"
2023-04-13,AAPL,"163,51","163,74","159,42","159,63","68445600,0"
2023-04-13,GOOGL,"106,79","106,85","105,21","105,21","24843600,0"
2023-04-13,ITUB4.SA,"19,82","20,02","19,67","19,91","39431590,0"
2023-04-13,MGLU3.SA,"35,05","36,05","34,32","35,32","10413201,0"
2023-04-13,MSFT,"284,78","284,84","278,23","278,64","24222700,0"
2023-04-13,PETR4.SA,"15,54","15,58","15,4","15,43","38852800,0"
2023-04-14,AAPL,"163,16","164,26","161,79","162,55","49386500,0"
2023-04-14,GOOGL,"108,22","108,29","106,2","106,25","26578000,0"
2023-04-14,ITUB4.SA,"20,1","20,19","19,66","19,75","37852540,0"
2023-04-14,MGLU3.SA,"33,96","34,96","33,78","34,6","9559774,0"
2023-04-14,MSFT,"281,14","283,44","278,74","281,99","20987900,0"
2023-04-14,PETR4.SA,"15,7","15,76","15,36","15,4","38421100,0"
2023-04-17,AAPL,"163,18","163,34","162,0","163,04","41516200,0"
2023-04-17,GOOGL,"105,34","105,53","103,9","104,04","37571200,0"
2023-04-17,ITUB4.SA,"20,06","20,28","19,88","20,13","23463110,0"
2023-04-17,MGLU3.SA,"33,23","34,23","33,05","34,23","9596788,0"
2023-04-17,MSFT,"283,76","286,51","281,16","284,87","23836200,0"
2023-04-17,PETR4.SA,"15,95","16,0","15,65","15,67","49427100,0"
2023-04-18,AAPL,"164,41","165,33","163,6","164,04","49923000,0"
2023-04-18,GOOGL,"103,88","105,9","103,45","105,86","26596400,0"
2023-04-18,ITUB4.SA,"20,05","20,28","19,85","20,1","26613180,0"
2023-04-18,MGLU3.SA,"32,14","33,87","32,05","33,6","11643203,0"
2023-04-18,MSFT,"283,34","286,67","282,0","286,48","20161800,0"
2023-04-18,PETR4.SA,"16,35","16,49","15,83","15,95","99478800,0"
2023-04-19,AAPL,"165,55","166,07","163,49","163,74","47720200,0"
2023-04-19,GOOGL,"103,56","104,35","102,46","102,96","20905700,0"
2023-04-19,ITUB4.SA,"19,73","19,98","19,7","19,9","30132190,0"
2023-04-19,MGLU3.SA,"29,51","31,87","29,33","31,78","16234535,0"
2023-04-19,MSFT,"283,41","284,0","279,57","281,0","17150300,0"
2023-04-19,PETR4.SA,"15,83","16,31","15,79","16,22","73217800,0"
2023-04-20,AAPL,"164,58","165,79","163,51","164,03","52456400,0"
2023-04-20,GOOGL,"104,66","105,62","103,25","103,29","27820800,0"
2023-04-20,ITUB4.SA,"19,78","19,85","19,48","19,62","24024660,0"
2023-04-20,MGLU3.SA,"29,96","30,42","29,33","29,96","11975131,0"
2023-04-20,MSFT,"281,11","283,98","280,1","280,27","23244400,0"
2023-04-20,PETR4.SA,"15,94","16,11","15,7","15,83","54738400,0"
2023-04-21,AAPL,"162,97","164,39","162,45","163,0","58337300,0"
2023-04-21,GOOGL,"104,78","105,37","104,16","104,84","25800100,0"
2023-04-21,MSFT,"280,77","281,27","278,12","280,03","21676400,0"
2023-04-24,AAPL,"163,28","163,55","161,86","162,95","41949600,0"
2023-04-24,GOOGL,"105,34","105,99","104,08","104,86","23542800,0"
2023-04-24,ITUB4.SA,"19,61","19,92","19,46","19,78","27839130,0"
2023-04-24,MGLU3.SA,"30,78","31,14","29,87","29,96","9770118,0"
2023-04-24,MSFT,"276,85","279,97","273,85","277,16","26611000,0"
2023-04-24,PETR4.SA,"16,24","16,28","15,82","15,88","43820900,0"
2023-04-25,AAPL,"161,74","164,25","161,7","163,14","48714100,0"
2023-04-25,GOOGL,"103,23","106,05","103,22","105,2","46664100,0"
2023-04-25,ITUB4.SA,"19,78","19,88","19,48","19,48","25223550,0"
2023-04-25,MGLU3.SA,"29,78","30,78","29,33","30,6","8834848,0"
2023-04-25,MSFT,"270,61","276,68","270,56","274,63","45772200,0"
2023-04-25,PETR4.SA,"16,17","16,42","15,95","16,22","53854100,0"
2023-04-26,AAPL,"161,73","163,23","160,78","161,04","45498800,0"
2023-04-26,GOOGL,"103,09","105,72","102,02","104,29","53347600,0"
2023-04-26,ITUB4.SA,"19,58","19,83","19,55","19,73","18736960,0"
2023-04-26,MGLU3.SA,"28,24","30,15","28,06","30,06","12554171,0"
2023-04-26,MSFT,"290,21","294,34","287,62","291,52","64599200,0"
2023-04-26,PETR4.SA,"15,97","16,25","15,97","16,19","40249400,0"
2023-04-27,AAPL,"166,32","166,47","163,14","163,14","64902300,0"
2023-04-27,GOOGL,"106,95","107,72","102,92","103,83","50089200,0"
2023-04-27,ITUB4.SA,"19,93","19,94","19,58","19,58","22971300,0"
2023-04-27,MGLU3.SA,"29,06","29,06","27,6","28,42","10044162,0"
2023-04-27,MSFT,"299,51","299,87","290,1","290,8","46462600,0"
2023-04-27,PETR4.SA,"15,58","16,23","15,47","16,03","115632700,0"
2023-04-28,AAPL,"167,58","167,74","165,8","166,4","55275900,0"
2023-04-28,GOOGL,"106,7","106,71","104,46","106,4","36139800,0"
2023-04-28,ITUB4.SA,"20,03","20,04","19,71","20,04","22568040,0"
2023-04-28,MGLU3.SA,"30,33","30,33","28,51","29,24","8687434,0"
2023-04-28,MSFT,"301,9","303,54","298,01","298,7","36469600,0"
2023-04-28,PETR4.SA,"15,94","16,17","15,57","15,87","81138500,0"
2023-05-01,AAPL,"167,49","168,34","166,55","167,18","52472900,0"
2023-05-01,GOOGL,"106,56","107,35","106,18","106,2","26681700,0"
2023-05-01,MSFT,"300,23","303,21","299,82","301,61","21294100,0"
2023-05-02,AAPL,"166,45","168,24","165,46","167,98","48425700,0"
2023-05-02,GOOGL,"104,69","106,56","103,09","106,5","30997200,0"
2023-05-02,ITUB4.SA,"19,26","20,08","19,23","19,9","48026440,0"
2023-05-02,MGLU3.SA,"29,42","30,42","29,33","30,42","6856890,0"
2023-05-02,MSFT,"300,08","303,78","298,6","302,39","26404400,0"
2023-05-02,PETR4.SA,"15,29","15,97","15,23","15,94","67911100,0"
2023-05-03,AAPL,"165,37","168,8","165,09","167,4","65136000,0"
2023-05-03,GOOGL,"104,78","106,85","104,33","104,9","21795400,0"
2023-05-03,ITUB4.SA,"19,23","19,43","19,09","19,29","25745280,0"
2023-05-03,MGLU3.SA,"30,33","30,6","29,33","29,69","9493027,0"
2023-05-03,MSFT,"299,09","303,22","298,78","301,27","22360800,0"
2023-05-03,PETR4.SA,"15,24","15,46","15,08","15,2","51133700,0"
2023-05-04,AAPL,"163,73","164,97","162,27","162,85","81235400,0"
2023-05-04,GOOGL,"104,07","104,97","103,35","104,86","23419500,0"
2023-05-04,ITUB4.SA,"19,38","19,55","18,96","19,33","43692440,0"
2023-05-04,MGLU3.SA,"32,42","33,05","30,51","30,51","16148682,0"
2023-05-04,MSFT,"300,08","302,39","298,1","300,89","22519900,0"
2023-05-04,PETR4.SA,"15,48","15,72","15,21","15,39","57854400,0"
2023-05-05,AAPL,"171,42","172,14","168,64","168,86","113453200,0"
2023-05-05,GOOGL,"104,94","105,25","103,49","104,2","26639300,0"
2023-05-05,ITUB4.SA,"20,1","20,1","19,35","19,6","47963850,0"
2023-05-05,MGLU3.SA,"34,6","34,87","32,05","32,42","15665149,0"
2023-05-05,MSFT,"305,23","306,52","298,96","300,38","28197100,0"
2023-05-05,PETR4.SA,"16,14","16,26","15,59","15,67","83365200,0"
2023-05-08,AAPL,"171,35","171,69","169,98","170,34","55962800,0"
2023-05-08,GOOGL,"107,13","107,32","104,53","104,55","26511400,0"
2023-05-08,ITUB4.SA,"20,38","20,55","19,96","20,45","58095840,0"
2023-05-08,MGLU3.SA,"35,14","36,32","34,69","34,69","11755806,0"
2023-05-08,MSFT,"303,26","304,78","300,75","304,72","21318600,0"
2023-05-08,PETR4.SA,"16,48","16,56","16,28","16,44","59352300,0"
2023-05-09,AAPL,"169,64","171,39","169,47","170,9","45326900,0"
2023-05-09,GOOGL,"106,71","109,49","106,55","107,74","36360100,0"
2023-05-09,ITUB4.SA,"20,5","20,72","20,28","20,32","41998110,0"
2023-05-09,MGLU3.SA,"37,59","38,77","34,69","34,87","17207033,0"
2023-05-09,MSFT,"301,64","304,63","300,96","302,62","21340800,0"
2023-05-09,PETR4.SA,"16,54","16,68","16,3","16,42","33978200,0"
2023-05-10,AAPL,"171,41","171,87","169,77","170,87","53724500,0"
2023-05-10,GOOGL,"111,08","112,27","107,29","107,33","63153400,0"
2023-05-10,ITUB4.SA,"20,8","20,91","20,33","20,46","34066890,0"
2023-05-10,MGLU3.SA,"38,95","39,59","37,77","37,86","11994622,0"
2023-05-10,MSFT,"306,86","307,54","302,3","303,23","30078000,0"
2023-05-10,PETR4.SA,"16,5","16,69","16,36","16,54","41500700,0"
2023-05-11,AAPL,"171,6","172,42","170,03","171,69","49514700,0"
2023-05-11,GOOGL,"115,88","117,22","113,73","114,71","78900000,0"
2023-05-11,ITUB4.SA,"21,0","21,14","20,58","20,69","34852180,0"
2023-05-11,MGLU3.SA,"39,5","40,22","38,14","39,41","11029896,0"
2023-05-11,MSFT,"304,7","305,69","300,91","304,69","31680200,0"
2023-05-11,PETR4.SA,"17,1","17,14","16,09","16,23","136878100,0"
2023-05-12,AAPL,"170,67","172,14","169,11","171,7","45533100,0"
2023-05-12,GOOGL,"116,81","117,33","115,42","115,98","41102300,0"
2023-05-12,ITUB4.SA,"20,81","20,92","20,63","20,73","19550300,0"
2023-05-12,MGLU3.SA,"39,14","39,59","38,23","39,04","7480290,0"
2023-05-12,MSFT,"303,58","305,23","301,25","305,13","19774700,0"
2023-05-12,PETR4.SA,"17,65","17,98","17,14","17,2","117237500,0"
2023-05-15,AAPL,"170,17","171,3","169,58","171,25","37266700,0"
2023-05-15,GOOGL,"115,82","117,77","115,32","115,42","36266800,0"
2023-05-15,ITUB4.SA,"20,89","20,96","20,66","20,84","19735760,0"
2023-05-15,MGLU3.SA,"39,77","40,5","38,77","39,5","9497849,0"
2023-05-15,MSFT,"304,06","304,49","302,22","303,7","16336500,0"
2023-05-15,PETR4.SA,"17,26","17,59","17,08","17,53","81996700,0"
2023-05-16,AAPL,"170,17","171,23","169,9","170,09","42110300,0"
2023-05-16,GOOGL,"118,8","120,03","115,74","115,8","45035600,0"
2023-05-16,ITUB4.SA,"20,82","21,13","20,75","20,9","29004910,0"
2023-05-16,MGLU3.SA,"30,69","37,23","30,42","36,41","37179966,0"
2023-05-16,MSFT,"306,3","308,23","304,42","304,42","26730300,0"
2023-05-16,PETR4.SA,"17,69","18,18","17,54","17,56","117782700,0"
2023-05-17,AAPL,"170,78","171,02","168,54","169,82","57951600,0"
2023-05-17,GOOGL,"120,12","120,94","118,18","118,9","33323600,0"
2023-05-17,ITUB4.SA,"21,03","21,21","20,84","20,96","26391310,0"
2023-05-17,MGLU3.SA,"30,51","32,05","29,69","31,78","19695189,0"
2023-05-17,MSFT,"309,19","309,62","305,98","307,51","24315000,0"
2023-05-17,PETR4.SA,"17,26","18,0","17,16","17,89","107129200,0"
2023-05-18,AAPL,"173,12","173,31","170,68","171,09","65496700,0"
2023-05-18,GOOGL,"122,1","122,57","120,11","120,23","35234200,0"
2023-05-18,ITUB4.SA,"20,95","20,99","20,69","20,96","26026990,0"
2023-05-18,MGLU3.SA,"32,14","32,6","30,24","30,6","19062306,0"
2023-05-18,MSFT,"313,64","314,16","308,92","309,71","27276000,0"
2023-05-18,PETR4.SA,"17,36","17,39","17,05","17,21","63010500,0"
2023-05-19,AAPL,"173,23","174,44","173,01","174,44","55809500,0"
2023-05-19,GOOGL,"122,03","125,22","121,42","122,81","41353400,0"
2023-05-19,ITUB4.SA,"20,78","20,88","20,55","20,81","53587380,0"
2023-05-19,MGLU3.SA,"33,05","33,87","32,05","32,51","15645070,0"
2023-05-19,MSFT,"313,47","313,87","311,53","311,89","27546700,0"
2023-05-19,PETR4.SA,"17,33","17,61","17,24","17,54","69245500,0"
2023-05-22,AAPL,"172,28","172,78","171,54","172,06","43570900,0"
2023-05-22,GOOGL,"124,3","125,68","122,01","122,21","35253000,0"
2023-05-22,ITUB4.SA,"20,39","20,99","20,34","20,78","28983570,0"
2023-05-22,MGLU3.SA,"34,5","35,14","33,23","33,32","13558477,0"
2023-05-22,MSFT,"316,26","317,65","313,14","313,72","24115700,0"
2023-05-22,PETR4.SA,"17,23","17,49","17,15","17,41","38010200,0"
2023-05-23,AAPL,"169,67","171,47","169,39","171,22","50747300,0"
2023-05-23,GOOGL,"121,83","123,89","121,48","123,42","34046300,0"
2023-05-23,ITUB4.SA,"20,55","20,86","20,31","20,49","30548870,0"
2023-05-23,MGLU3.SA,"33,23","34,87","33,05","34,78","12277134,0"
2023-05-23,MSFT,"310,43","317,78","310,42","315,13","30797200,0"
2023-05-23,PETR4.SA,"17,65","17,78","17,16","17,25","58285300,0"
2023-05-24,AAPL,"169,94","170,52","168,64","169,2","45143500,0"
2023-05-24,GOOGL,"120,18","121,18","119,15","120,4","34182600,0"
2023-05-24,ITUB4.SA,"20,43","20,65","20,3","20,42","31618070,0"
2023-05-24,MGLU3.SA,"32,96","33,78","31,6","31,87","11231869,0"
2023-05-24,MSFT,"309,04","311,65","307,82","309,91","23384900,0"
2023-05-24,PETR4.SA,"17,92","18,09","17,52","17,65","54796400,0"
2023-05-25,AAPL,"171,08","171,98","169,8","170,51","56058300,0"
2023-05-25,GOOGL,"122,74","124,57","121,23","123,78","42317000,0"
2023-05-25,ITUB4.SA,"21,07","21,16","20,63","20,78","50055940,0"
2023-05-25,MGLU3.SA,"34,14","34,69","33,78","33,96","12778425,0"
2023-05-25,MSFT,"320,93","321,89","315,1","318,29","43301700,0"
2023-05-25,PETR4.SA,"17,79","18,05","17,61","18,02","49182700,0"
2023-05-26,AAPL,"173,49","173,83","171,2","171,41","54835000,0"
2023-05-26,GOOGL,"123,87","124,51","121,72","122,44","35635900,0"
2023-05-26,ITUB4.SA,"20,91","21,47","20,72","21,19","32650200,0"
2023-05-26,MGLU3.SA,"34,69","35,14","34,14","34,87","8153800,0"
2023-05-26,MSFT,"327,79","328,3","318,92","319,06","36630600,0"
2023-05-26,PETR4.SA,"18,02","18,1","17,84","18,03","39866600,0"
2023-05-29,ITUB4.SA,"20,82","20,92","20,65","20,85","10919590,0"
2023-05-29,MGLU3.SA,"34,41","35,05","33,96","34,87","4810186,0"
2023-05-29,PETR4.SA,"17,95","18,04","17,86","17,99","17977100,0"
2023-05-30,AAPL,"175,34","177,01","174,62","175,01","55964400,0"
2023-05-30,GOOGL,"122,93","124,91","121,27","124,89","35076700,0"
2023-05-30,ITUB4.SA,"20,52","21,03","20,27","20,94","47472480,0"
2023-05-30,MGLU3.SA,"33,87","35,41","33,6","34,87","8293623,0"
2023-05-30,MSFT,"326,14","330,6","325,46","330,1","29503100,0"
2023-05-30,PETR4.SA,"17,75","18,02","17,66","17,97","45736700,0"
2023-05-31,AAPL,"175,29","177,37","174,81","175,37","99625300,0"
2023-05-31,GOOGL,"122,14","123,32","121,77","122,02","37325800,0"
2023-05-31,ITUB4.SA,"20,36","20,54","20,26","20,49","37310350,0"
2023-05-31,MGLU3.SA,"34,5","34,6","33,23","33,69","8193444,0"
2023-05-31,MSFT,"323,36","330,8","322,32","327,2","45950600,0"
2023-05-31,PETR4.SA,"17,57","17,73","17,4","17,67","49207600,0"
2023-06-01,AAPL,"178,1","178,13","174,98","175,74","68901800,0"
2023-06-01,GOOGL,"122,98","123,68","121,89","122,09","30772700,0"
2023-06-01,ITUB4.SA,"20,66","20,82","20,36","20,48","28085530,0"
2023-06-01,MGLU3.SA,"36,87","36,87","34,41","34,87","11366742,0"
2023-06-01,MSFT,"327,49","328,42","319,75","320,94","26773900,0"
2023-06-01,PETR4.SA,"18,13","18,16","17,59","17,69","63148200,0"
2023-06-02,AAPL,"178,95","179,77","177,28","179,03","61996900,0"
2023-06-02,GOOGL,"123,93","125,4","123,02","123,25","26980100,0"
2023-06-02,ITUB4.SA,"20,96","21,06","20,79","20,89","27641240,0"
2023-06-02,MGLU3.SA,"36,87","36,87","36,87","36,87","0,0"
2023-06-02,MSFT,"330,26","332,33","327,46","329,13","25873800,0"
2023-06-02,PETR4.SA,"18,28","18,56","18,23","18,45","39919300,0"
2023-06-05,AAPL,"177,6","182,91","176,08","180,61","121946500,0"
2023-06-05,GOOGL,"125,26","126,67","123,1","123,27","32305500,0"
2023-06-05,ITUB4.SA,"21,01","21,11","20,76","21,01","27058460,0"
2023-06-05,MGLU3.SA,"35,32","36,05","34,87","35,41","6420303,0"
2023-06-05,MSFT,"330,8","333,38","329,54","330,09","21307100,0"
2023-06-05,PETR4.SA,"18,48","18,54","18,31","18,52","39321700,0"
2023-06-06,AAPL,"177,23","178,13","175,47","177,98","64848400,0"
2023-06-06,GOOGL,"126,55","127,53","124,61","125,26","26638300,0"
2023-06-06,ITUB4.SA,"21,16","21,24","21,01","21,15","28833750,0"
2023-06-06,MGLU3.SA,"36,23","36,77","35,14","35,68","10639229,0"
2023-06-06,MSFT,"328,57","330,23","327,08","330,2","20396200,0"
2023-06-06,PETR4.SA,"18,87","19,0","18,3","18,46","75426600,0"
2023-06-07,AAPL,"175,86","179,21","175,36","176,47","61944600,0"
2023-06-07,GOOGL,"121,77","128,27","121,39","126,21","52539000,0"
2023-06-07,ITUB4.SA,"21,22","21,37","21,03","21,28","30835310,0"
2023-06-07,MGLU3.SA,"35,23","37,95","35,05","36,77","13203220,0"
2023-06-07,MSFT,"318,43","329,37","317,56","326,57","40717100,0"
2023-06-07,PETR4.SA,"19,42","19,54","19,12","19,27","82330400,0"
2023-06-08,AAPL,"178,58","178,84","175,5","175,94","50214900,0"
2023-06-08,GOOGL,"121,41","122,5","120,52","121,5","29389200,0"
2023-06-08,MSFT,"320,28","321,64","318,4","318,98","23277700,0"
2023-06-09,AAPL,"178,96","180,22","178,64","179,5","48900000,0"
2023-06-09,GOOGL,"121,5","123,02","121,18","121,52","23778300,0"
2023-06-09,ITUB4.SA,"21,51","21,51","21,15","21,34","32201950,0"
2023-06-09,MGLU3.SA,"36,05","36,96","35,68","35,96","12817236,0"
2023-06-09,MSFT,"321,79","324,94","319,44","320,01","22529000,0"
2023-06-09,PETR4.SA,"20,36","20,44","19,52","19,57","80442400,0"
2023-06-12,AAPL,"181,76","181,86","178,97","179,27","54274900,0"
2023-06-12,GOOGL,"122,9","123,31","120,93","122,06","28306400,0"
2023-06-12,ITUB4.SA,"21,28","21,7","21,22","21,61","32634250,0"
2023-06-12,MGLU3.SA,"35,96","36,96","35,41","36,41","12648043,0"
2023-06-12,MSFT,"326,77","327,02","320,18","323,55","24260300,0"
2023-06-12,PETR4.SA,"20,72","20,84","20,2","20,32","119350400,0"
2023-06-13,AAPL,"181,29","182,12","180,43","180,78","54929100,0"
2023-06-13,GOOGL,"123,09","124,41","122,45","124,23","22278300,0"
2023-06-13,ITUB4.SA,"21,52","21,59","21,31","21,39","36633300,0"
2023-06-13,MGLU3.SA,"34,14","36,5","34,05","36,41","14706379,0"
2023-06-13,MSFT,"329,17","331,82","325,33","329,35","22951300,0"
2023-06-13,PETR4.SA,"20,68","20,95","20,49","20,95","79174900,0"
2023-06-14,AAPL,"181,92","182,36","180,01","181,35","57462900,0"
2023-06-14,GOOGL,"122,93","123,31","120,73","122,37","30592300,0"
2023-06-14,ITUB4.SA,"21,82","21,84","21,49","21,64","54878340,0"
2023-06-14,MGLU3.SA,"34,6","34,87","33,51","34,6","14475347,0"
2023-06-14,MSFT,"332,17","333,85","327,71","329,22","26003800,0"
2023-06-14,PETR4.SA,"21,57","21,57","20,7","20,74","98326000,0"
2023-06-15,AAPL,"183,96","184,46","181,75","181,93","65433200,0"
2023-06-15,GOOGL,"124,34","124,71","121,67","122,41","35246300,0"
2023-06-15,ITUB4.SA,"22,1","22,13","21,73","21,75","29439520,0"
2023-06-15,MGLU3.SA,"34,05","34,69","33,87","34,41","12348521,0"
2023-06-15,MSFT,"342,77","344,48","332,04","332,31","38899100,0"
2023-06-15,PETR4.SA,"21,06","22,11","20,98","21,64","120579500,0"
2023-06-16,AAPL,"182,88","184,93","182,24","184,67","101256200,0"
2023-06-16,GOOGL,"122,79","125,36","122,55","125,18","45535600,0"
2023-06-16,ITUB4.SA,"22,17","22,32","21,86","22,05","45772430,0"
2023-06-16,MGLU3.SA,"33,69","34,41","33,6","33,96","9356208,0"
2023-06-16,MSFT,"337,09","346,09","336,71","345,94","46552000,0"
2023-06-16,PETR4.SA,"21,24","21,44","20,81","20,95","94572000,0"
2023-06-19,ITUB4.SA,"22,47","22,52","22,09","22,12","17896120,0"
2023-06-19,MGLU3.SA,"33,87","34,05","33,05","33,78","6265790,0"
2023-06-19,PETR4.SA,"21,8","21,83","21,18","21,23","34573900,0"
2023-06-20,AAPL,"182,97","184,05","182,37","182,37","49799100,0"
2023-06-20,GOOGL,"122,37","123,83","121,41","122,2","26097500,0"
2023-06-20,ITUB4.SA,"22,46","22,5","22,15","22,5","27329060,0"
2023-06-20,MGLU3.SA,"33,41","33,87","33,14","33,78","8870472,0"
2023-06-20,MSFT,"332,87","336,84","330,72","334,11","26375400,0"
2023-06-20,PETR4.SA,"21,91","22,04","21,43","21,71","55605300,0"
2023-06-21,AAPL,"181,93","183,36","180,58","182,86","49515700,0"
2023-06-21,GOOGL,"119,83","121,93","119,38","121,67","30306300,0"
2023-06-21,ITUB4.SA,"22,68","22,78","22,41","22,45","28969930,0"
2023-06-21,MGLU3.SA,"34,14","34,41","33,14","33,41","9646375,0"
2023-06-21,MSFT,"328,45","332,56","326,99","331,22","25117800,0"
2023-06-21,PETR4.SA,"22,82","22,93","22,11","22,16","89294300,0"
2023-06-22,AAPL,"184,94","184,99","181,64","181,71","51245300,0"
2023-06-22,GOOGL,"122,42","122,51","118,12","119,28","26952200,0"
2023-06-22,ITUB4.SA,"22,46","22,65","22,31","22,55","26302870,0"
2023-06-22,MGLU3.SA,"32,42","33,41","31,33","33,23","19724890,0"
2023-06-22,MSFT,"334,51","334,91","328,24","329,0","23556800,0"
2023-06-22,PETR4.SA,"22,54","22,71","22,27","22,54","43455800,0"
2023-06-23,AAPL,"184,62","185,49","182,97","183,5","53117000,0"
2023-06-23,GOOGL,"121,61","122,06","120,34","120,66","34913600,0"
2023-06-23,ITUB4.SA,"22,39","22,53","22,24","22,53","18249330,0"
2023-06-23,MGLU3.SA,"32,51","32,96","31,51","32,51","8702530,0"
2023-06-23,MSFT,"329,89","332,79","328,34","329,24","23146900,0"
2023-06-23,PETR4.SA,"21,61","22,42","21,42","22,36","76023400,0"
2023-06-26,AAPL,"183,23","185,97","183,19","184,77","48088700,0"
2023-06-26,GOOGL,"117,63","121,27","117,56","120,04","33969900,0"
2023-06-26,ITUB4.SA,"22,36","22,6","22,2","22,36","14948670,0"
2023-06-26,MGLU3.SA,"30,87","32,69","30,51","32,51","10249215,0"
2023-06-26,MSFT,"323,57","330,96","323,46","328,61","21520600,0"
2023-06-26,PETR4.SA,"22,1","22,25","21,58","21,58","53635000,0"
2023-06-27,AAPL,"185,98","186,31","183,62","183,84","50730800,0"
2023-06-27,GOOGL,"117,62","118,37","115,41","116,38","39535900,0"
2023-06-27,ITUB4.SA,"22,11","22,52","21,85","22,48","28629810,0"
2023-06-27,MGLU3.SA,"30,69","32,05","30,06","31,78","14066664,0"
2023-06-27,MSFT,"329,45","331,0","324,26","326,78","24354100,0"
2023-06-27,PETR4.SA,"21,93","22,36","21,74","22,16","48399600,0"
2023-06-28,AAPL,"187,16","187,8","185,53","185,86","51216800,0"
2023-06-28,GOOGL,"119,46","119,67","116,15","116,39","27091400,0"
2023-06-28,ITUB4.SA,"21,99","22,16","21,87","22,1","20581330,0"
2023-06-28,MGLU3.SA,"30,42","31,42","30,06","30,78","9432203,0"
2023-06-28,MSFT,"330,71","332,81","328,7","329,54","20259500,0"
2023-06-28,PETR4.SA,"22,14","22,34","21,89","21,91","36794600,0"
2023-06-29,AAPL,"187,5","187,97","186,85","186,99","46347300,0"
2023-06-29,GOOGL,"118,39","119,34","117,59","118,53","24090900,0"
2023-06-29,ITUB4.SA,"22,25","22,3","22,03","22,05","68098470,0"
2023-06-29,MGLU3.SA,"31,33","31,78","30,42","30,51","8462453,0"
2023-06-29,MSFT,"329,92","330,96","327,53","329,59","16997000,0"
2023-06-29,PETR4.SA,"22,24","22,3","22,04","22,21","32071800,0"
2023-06-30,AAPL,"191,83","192,33","189,15","189,52","85213200,0"
2023-06-30,GOOGL,"118,99","120,36","118,98","119,45","29532200,0"
2023-06-30,ITUB4.SA,"22,2","22,59","22,14","22,47","30642040,0"
2023-06-30,MGLU3.SA,"30,6","32,14","30,51","31,96","8878448,0"
2023-06-30,MSFT,"335,33","337,48","332,04","332,58","26832800,0"
2023-06-30,PETR4.SA,"21,16","22,27","21,01","22,21","104262900,0"
2023-07-03,AAPL,"190,34","191,74","189,64","191,64","31458200,0"
2023-07-03,GOOGL,"119,19","119,47","118,11","118,53","14467900,0"
2023-07-03,ITUB4.SA,"22,63","22,67","22,16","22,3","19408730,0"
2023-07-03,MGLU3.SA,"31,24","31,6","30,51","30,96","7776091,0"
2023-07-03,MSFT,"332,81","335,68","331,42","334,0","12508700,0"
2023-07-03,PETR4.SA,"21,56","21,63","21,3","21,3","31266900,0"
2023-07-04,ITUB4.SA,"22,49","22,68","22,45","22,56","8975890,0"
2023-07-04,MGLU3.SA,"30,6","31,14","30,42","31,14","7033514,0"
2023-07-04,PETR4.SA,"21,61","21,78","21,47","21,47","18308000,0"
2023-07-05,AAPL,"189,22","190,85","188,52","189,46","46920300,0"
2023-07-05,GOOGL,"121,02","121,88","118,52","118,53","27584800,0"
2023-07-05,ITUB4.SA,"22,69","22,82","22,4","22,45","19416210,0"
2023-07-05,MGLU3.SA,"30,96","31,87","30,33","30,42","17721818,0"
2023-07-05,MSFT,"332,97","336,42","329,6","329,96","18172400,0"
2023-07-05,PETR4.SA,"21,58","21,89","21,25","21,61","53585500,0"
2023-07-06,AAPL,"189,69","189,9","187,11","187,75","45094300,0"
2023-07-06,GOOGL,"119,39","119,58","117,69","119,09","24745200,0"
2023-07-06,ITUB4.SA,"22,35","22,59","22,35","22,53","31140340,0"
2023-07-06,MGLU3.SA,"28,6","30,69","28,51","30,6","18417609,0"
2023-07-06,MSFT,"336,04","337,74","330,36","332,14","28161200,0"
2023-07-06,PETR4.SA,"21,25","21,5","20,89","21,39","47685700,0"
2023-07-07,AAPL,"188,58","190,54","188,14","189,3","46815000,0"
2023-07-07,GOOGL,"118,77","120,33","118,69","119,38","21709500,0"
2023-07-07,ITUB4.SA,"22,77","23,02","22,39","22,48","30559320,0"
2023-07-07,MGLU3.SA,"28,87","29,96","28,6","29,15","11916392,0"
2023-07-07,MSFT,"332,06","336,56","331,84","334,12","21214800,0"
2023-07-07,PETR4.SA,"21,14","21,64","21,04","21,33","55533500,0"
2023-07-10,AAPL,"186,53","187,89","184,98","187,17","59922200,0"
2023-07-10,GOOGL,"115,76","117,6","115,45","117,59","35315200,0"
2023-07-10,ITUB4.SA,"22,62","22,95","22,55","22,95","14563340,0"
2023-07-10,MGLU3.SA,"27,69","28,69","27,51","28,6","10054939,0"
2023-07-10,MSFT,"326,75","330,1","322,57","329,48","32791400,0"
2023-07-10,PETR4.SA,"21,18","21,26","20,79","20,86","25590200,0"
2023-07-11,AAPL,"186,0","187,21","184,54","187,07","46638100,0"
2023-07-11,GOOGL,"116,44","117,01","114,66","115,6","23078800,0"
2023-07-11,ITUB4.SA,"22,23","22,55","21,96","22,52","30854670,0"
2023-07-11,MGLU3.SA,"27,79","28,06","26,42","27,6","11912244,0"
2023-07-11,MSFT,"327,38","327,76","321,99","325,99","26698200,0"
2023-07-11,PETR4.SA,"20,89","21,16","20,78","21,16","40877000,0"
2023-07-12,AAPL,"187,68","189,58","186,39","187,59","60750200,0"
2023-07-12,GOOGL,"118,22","119,61","117,7","118,09","30404400,0"
2023-07-12,ITUB4.SA,"22,09","22,39","22,04","22,27","20275860,0"
2023-07-12,MGLU3.SA,"27,06","28,6","27,06","28,33","9692455,0"
2023-07-12,MSFT,"332,04","336,42","330,53","331,45","29995300,0"
2023-07-12,PETR4.SA,"20,9","21,33","20,88","20,92","40181800,0"
2023-07-13,AAPL,"188,44","189,08","187,69","188,4","41342300,0"
2023-07-13,GOOGL,"123,8","124,09","119,73","120,21","44297900,0"
2023-07-13,ITUB4.SA,"22,34","22,5","22,01","22,05","24056120,0"
2023-07-13,MGLU3.SA,"27,42","28,24","27,33","27,51","9426825,0"
2023-07-13,MSFT,"337,41","338,48","333,83","334,36","20567200,0"
2023-07-13,PETR4.SA,"21,23","21,3","20,81","20,83","35886500,0"
2023-07-14,AAPL,"188,59","189,07","187,54","188,13","41616200,0"
2023-07-14,GOOGL,"124,67","126,02","122,75","124,06","33283100,0"
2023-07-14,ITUB4.SA,"22,1","22,5","22,01","22,39","27101690,0"
2023-07-14,MGLU3.SA,"26,79","27,69","26,6","27,51","7412249,0"
2023-07-14,MSFT,"339,95","346,05","339,04","342,27","28352700,0"
2023-07-14,PETR4.SA,"20,82","21,2","20,68","21,14","34451100,0"
2023-07-17,AAPL,"191,85","192,18","189,69","189,78","50520200,0"
2023-07-17,GOOGL,"123,91","126,34","123,46","125,19","25716200,0"
2023-07-17,ITUB4.SA,"22,53","22,53","22,01","22,06","17528940,0"
2023-07-17,MGLU3.SA,"26,88","27,24","26,33","26,88","6591667,0"
2023-07-17,MSFT,"340,44","341,68","336,96","340,39","20363900,0"
2023-07-17,PETR4.SA,"20,77","20,85","20,03","20,36","52160800,0"
2023-07-18,AAPL,"191,59","192,19","190,3","191,22","48288200,0"
2023-07-18,GOOGL,"123,02","123,94","122,23","123,86","26193600,0"
2023-07-18,ITUB4.SA,"22,09","22,62","22,02","22,53","42999220,0"
2023-07-18,MGLU3.SA,"26,88","27,24","26,51","26,88","6614482,0"
2023-07-18,MSFT,"353,99","361,16","336,93","340,53","64738600,0"
2023-07-18,PETR4.SA,"20,66","20,92","20,57","20,78","35640400,0"
2023-07-19,AAPL,"192,95","196,04","190,52","190,97","80507300,0"
2023-07-19,GOOGL,"121,3","124,43","121,07","123,86","37224000,0"
2023-07-19,ITUB4.SA,"21,86","22,2","21,8","22,09","43241770,0"
2023-07-19,MGLU3.SA,"26,7","27,33","26,42","26,88","8322469,0"
2023-07-19,MSFT,"349,64","356,91","347,04","356,21","39732900,0"
2023-07-19,PETR4.SA,"20,85","20,87","20,47","20,65","46517700,0"
2023-07-20,AAPL,"191,0","194,3","190,38","192,94","59581200,0"
2023-07-20,GOOGL,"118,49","123,35","117,52","120,7","37906800,0"
2023-07-20,ITUB4.SA,"22,27","22,27","21,65","21,97","41561080,0"
2023-07-20,MGLU3.SA,"26,33","27,06","26,33","26,88","7593523,0"
2023-07-20,MSFT,"341,56","352,49","340,08","348,16","33778400,0"
2023-07-20,PETR4.SA,"20,87","21,03","20,7","20,83","33177100,0"
2023-07-21,AAPL,"189,82","192,82","189,12","191,96","71951700,0"
2023-07-21,GOOGL,"119,3","120,27","118,02","119,9","72937900,0"
2023-07-21,ITUB4.SA,"22,66","22,66","22,22","22,27","35159520,0"
2023-07-21,MGLU3.SA,"27,42","27,79","26,24","26,24","9822239,0"
2023-07-21,MSFT,"338,51","344,94","334,63","343,8","69405400,0"
2023-07-21,PETR4.SA,"21,27","21,4","20,87","20,89","52059200,0"
2023-07-24,AAPL,"190,62","192,76","190,13","191,28","45377800,0"
2023-07-24,GOOGL,"120,81","122,27","120,26","120,93","29686100,0"
2023-07-24,ITUB4.SA,"22,3","22,86","22,15","22,66","36153810,0"
2023-07-24,MGLU3.SA,"27,33","27,69","26,88","27,51","8382128,0"
2023-07-24,MSFT,"339,83","341,61","337,07","340,55","26678100,0"
2023-07-24,PETR4.SA,"21,71","21,79","21,33","21,35","45268100,0"
2023-07-25,AAPL,"191,48","192,29","190,79","191,2","37283200,0"
2023-07-25,GOOGL,"121,48","122,42","120,3","120,64","52509600,0"
2023-07-25,ITUB4.SA,"22,35","22,62","22,13","22,62","38390000,0"
2023-07-25,MGLU3.SA,"27,88","29,24","27,79","28,33","12574100,0"
2023-07-25,MSFT,"345,61","346,5","339,79","341,8","41637700,0"
2023-07-25,PETR4.SA,"22,21","22,25","21,64","21,86","56261000,0"
2023-07-26,AAPL,"192,35","193,48","191,19","191,53","47471900,0"
2023-07-26,GOOGL,"128,5","130,2","127,56","129,29","61682100,0"
2023-07-26,ITUB4.SA,"22,48","22,51","22,14","22,34","36920840,0"
2023-07-26,MGLU3.SA,"28,06","28,42","27,51","27,88","8353089,0"
2023-07-26,MSFT,"332,6","339,39","328,01","336,21","58383700,0"
2023-07-26,PETR4.SA,"22,21","22,37","21,95","22,18","45880200,0"
2023-07-27,AAPL,"191,09","195,02","190,43","193,86","47460200,0"
2023-07-27,GOOGL,"128,63","132,45","128,02","130,89","44952100,0"
2023-07-27,ITUB4.SA,"21,98","22,45","21,95","22,45","21542070,0"
2023-07-27,MGLU3.SA,"28,78","29,15","28,06","28,24","13104131,0"
2023-07-27,MSFT,"325,66","336,1","324,01","335,27","39635300,0"
2023-07-27,PETR4.SA,"21,06","22,14","21,05","22,11","86471900,0"
2023-07-28,AAPL,"193,67","194,46","192,0","192,52","48291400,0"
2023-07-28,GOOGL,"131,79","132,94","129,79","130,0","36591200,0"
2023-07-28,ITUB4.SA,"22,3","22,34","21,93","22,03","17907450,0"
2023-07-28,MGLU3.SA,"28,78","29,33","28,24","29,06","9556769,0"
2023-07-28,MSFT,"333,19","334,8","328,07","328,56","28484900,0"
2023-07-28,PETR4.SA,"21,33","21,46","21,01","21,09","43608600,0"
2023-07-31,AAPL,"194,28","194,32","193,11","193,9","38824100,0"
2023-07-31,GOOGL,"131,93","132,73","130,99","131,94","28055500,0"
2023-07-31,ITUB4.SA,"22,38","22,57","22,27","22,5","16760590,0"
2023-07-31,MGLU3.SA,"30,42","30,6","29,06","29,06","11710036,0"
2023-07-31,MSFT,"330,78","332,53","328,26","331,76","25446000,0"
2023-07-31,PETR4.SA,"22,29","22,32","21,71","21,71","91290800,0"
2023-08-01,AAPL,"193,45","194,56","193,12","194,07","35175100,0"
2023-08-01,GOOGL,"130,77","131,84","129,9","130,0","23166800,0"
2023-08-01,ITUB4.SA,"22,45","22,47","22,11","22,15","16318060,0"
2023-08-01,MGLU3.SA,"31,14","31,42","30,06","30,51","9055563,0"
2023-08-01,MSFT,"331,19","333,36","328,59","330,06","18311900,0"
2023-08-01,PETR4.SA,"21,93","22,28","21,46","22,28","75752400,0"
2023-08-02,AAPL,"190,45","193,03","189,73","192,89","50389300,0"
2023-08-02,GOOGL,"127,61","129,31","126,8","128,68","26273300,0"
2023-08-02,ITUB4.SA,"22,38","22,48","22,14","22,44","20178730,0"
2023-08-02,MGLU3.SA,"30,24","31,24","29,6","31,14","11310933,0"
2023-08-02,MSFT,"322,49","328,52","321,36","328,52","27761300,0"
2023-08-02,PETR4.SA,"21,88","21,91","21,35","21,86","62068400,0"
2023-08-03,AAPL,"189,06","190,25","188,59","189,46","61235200,0"
2023-08-03,GOOGL,"127,68","128,62","126,66","127,21","20089500,0"
2023-08-03,ITUB4.SA,"22,21","22,78","22,11","22,55","24103090,0"
2023-08-03,MGLU3.SA,"28,69","31,6","28,6","31,33","13633445,0"
2023-08-03,MSFT,"321,66","324,83","320,96","321,01","18253700,0"
2023-08-03,PETR4.SA,"22,16","22,31","21,94","22,16","57304400,0"
2023-08-04,AAPL,"179,98","185,31","179,91","183,47","115956800,0"
2023-08-04,GOOGL,"127,35","130,73","127,15","128,51","26147200,0"
2023-08-04,ITUB4.SA,"21,8","22,32","21,66","22,15","48628910,0"
2023-08-04,MGLU3.SA,"27,79","29,15","27,69","28,69","11525853,0"
2023-08-04,MSFT,"322,76","330,01","322,23","326,8","23741500,0"
2023-08-04,PETR4.SA,"21,5","22,31","21,31","22,0","120685800,0"
2023-08-07,AAPL,"176,88","181,11","175,39","180,12","97576100,0"
2023-08-07,GOOGL,"130,75","130,83","128,25","128,39","22746300,0"
2023-08-07,ITUB4.SA,"21,63","22,11","21,6","21,84","36302090,0"
2023-08-07,MGLU3.SA,"27,33","28,06","27,15","28,06","8827535,0"
2023-08-07,MSFT,"325,06","326,04","322,51","323,34","17741500,0"
2023-08-07,PETR4.SA,"21,63","21,86","21,4","21,4","44984900,0"
2023-08-08,AAPL,"177,82","178,28","175,62","177,71","67823000,0"
2023-08-08,GOOGL,"130,62","130,73","128,77","129,84","23535200,0"
2023-08-08,ITUB4.SA,"21,58","21,9","21,2","21,4","48969250,0"
2023-08-08,MGLU3.SA,"27,15","27,51","26,42","26,97","9299393,0"
2023-08-08,MSFT,"321,06","323,72","318,05","321,95","22327600,0"
2023-08-08,PETR4.SA,"21,66","21,78","21,3","21,43","34771300,0"
2023-08-09,AAPL,"176,22","178,93","175,06","178,87","60378500,0"
2023-08-09,GOOGL,"128,89","131,25","128,23","130,88","24912900,0"
2023-08-09,ITUB4.SA,"21,5","21,58","21,05","21,5","38566990,0"
2023-08-09,MGLU3.SA,"26,97","27,42","26,6","27,24","9054366,0"
2023-08-09,MSFT,"317,3","322,1","316,13","321,47","22373300,0"
2023-08-09,PETR4.SA,"21,83","22,01","21,61","21,65","48561500,0"
2023-08-10,AAPL,"176,01","178,76","175,64","177,5","54686900,0"
2023-08-10,GOOGL,"128,92","131,26","128,68","130,54","20857800,0"
2023-08-10,ITUB4.SA,"21,58","21,85","21,52","21,62","33682660,0"
2023-08-10,MGLU3.SA,"25,88","27,33","25,79","27,15","10544578,0"
2023-08-10,MSFT,"317,99","323,23","316,26","321,03","20113700,0"
2023-08-10,PETR4.SA,"21,95","22,11","21,58","21,71","54020200,0"
2023-08-11,AAPL,"176,07","176,89","174,84","175,6","52036700,0"
2023-08-11,GOOGL,"128,79","129,16","127,41","127,89","19591100,0"
2023-08-11,ITUB4.SA,"21,61","21,74","21,47","21,61","21367170,0"
2023-08-11,MGLU3.SA,"26,15","26,79","25,79","25,97","8748226,0"
2023-08-11,MSFT,"316,09","317,47","314,32","315,36","24355500,0"
2023-08-11,PETR4.SA,"21,9","22,24","21,61","21,93","39403200,0"
2023-08-14,AAPL,"177,72","177,95","175,59","176,24","43675600,0"
2023-08-14,GOOGL,"130,55","130,59","128,19","128,62","24695600,0"
2023-08-14,ITUB4.SA,"21,3","21,6","21,25","21,49","27683040,0"
2023-08-14,MGLU3.SA,"25,79","26,51","25,52","26,15","9071568,0"
2023-08-14,MSFT,"319,08","319,1","315,18","316,47","18836100,0"
2023-08-14,PETR4.SA,"21,96","22,03","21,69","21,84","27992700,0"
2023-08-15,AAPL,"175,73","177,74","175,33","177,14","43622600,0"
2023-08-15,GOOGL,"129,01","130,64","128,51","130,32","19770700,0"
2023-08-15,ITUB4.SA,"21,18","21,4","21,01","21,35","27265480,0"
2023-08-15,MGLU3.SA,"25,15","25,42","22,97","25,42","22156680,0"
2023-08-15,MSFT,"316,93","320,11","315,99","318,05","16966300,0"
2023-08-15,PETR4.SA,"22,11","23,04","22,11","22,97","87366200,0"
2023-08-16,AAPL,"174,86","176,81","174,79","175,41","46964900,0"
2023-08-16,GOOGL,"127,93","129,5","127,11","127,93","25216100,0"
2023-08-16,ITUB4.SA,"21,17","21,52","21,11","21,15","37325420,0"
2023-08-16,MGLU3.SA,"26,97","27,51","24,88","25,52","25084170,0"
2023-08-16,MSFT,"316,16","320,13","315,57","316,56","20698900,0"
2023-08-16,PETR4.SA,"22,6","22,92","22,13","22,21","74461000,0"
2023-08-17,AAPL,"172,31","175,79","171,8","175,42","66062900,0"
2023-08-17,GOOGL,"129,15","131,2","128,52","129,03","33446300,0"
2023-08-17,ITUB4.SA,"20,92","21,38","20,91","21,36","41781300,0"
2023-08-17,MGLU3.SA,"25,61","27,42","25,61","27,24","12271873,0"
2023-08-17,MSFT,"312,69","317,61","312,03","316,3","21257200,0"
2023-08-17,PETR4.SA,"22,53","23,07","22,44","22,75","57570600,0"
2023-08-18,AAPL,"172,8","173,4","170,29","170,63","61172200,0"
2023-08-18,GOOGL,"126,7","128,48","125,63","127,74","30504800,0"
2023-08-18,ITUB4.SA,"21,08","21,25","20,75","20,88","22995610,0"
2023-08-18,MGLU3.SA,"27,24","27,6","25,06","25,42","14118315,0"
2023-08-18,MSFT,"312,29","314,17","307,43","310,33","24755000,0"
2023-08-18,PETR4.SA,"22,59","22,7","22,34","22,51","45579700,0"
2023-08-21,AAPL,"174,13","174,42","172,05","173,37","46311900,0"
2023-08-21,GOOGL,"127,6","127,96","125,81","126,42","25248700,0"
2023-08-21,ITUB4.SA,"21,0","21,18","20,89","21,0","36008610,0"
2023-08-21,MGLU3.SA,"27,69","27,88","26,88","27,42","12155411,0"
2023-08-21,MSFT,"317,62","318,5","312,85","313,72","24040000,0"
2023-08-21,PETR4.SA,"22,43","22,95","22,19","22,72","42236900,0"
2023-08-22,AAPL,"175,51","175,96","174,54","175,34","42038900,0"
2023-08-22,GOOGL,"128,31","129,5","127,56","127,74","22054900,0"
2023-08-22,ITUB4.SA,"21,32","21,39","21,06","21,11","23395350,0"
2023-08-22,MGLU3.SA,"27,6","28,42","27,6","27,97","10292045,0"
2023-08-22,MSFT,"318,19","321,77","317,21","321,19","16084600,0"
2023-08-22,PETR4.SA,"22,77","22,77","22,5","22,69","31372200,0"
2023-08-23,AAPL,"179,36","179,79","176,6","176,79","52722800,0"
2023-08-23,GOOGL,"131,58","132,61","129,1","129,4","27819700,0"
2023-08-23,ITUB4.SA,"21,59","21,68","21,2","21,32","26597670,0"
2023-08-23,MGLU3.SA,"27,79","27,88","27,06","27,69","8212571,0"
2023-08-23,MSFT,"322,67","324,85","319,18","319,54","21166400,0"
2023-08-23,PETR4.SA,"23,98","23,98","23,13","23,21","95507400,0"
2023-08-24,AAPL,"174,67","179,34","174,3","178,92","54945800,0"
2023-08-24,GOOGL,"129,01","133,45","128,8","133,15","28500700,0"
2023-08-24,ITUB4.SA,"21,34","21,58","21,22","21,58","20526440,0"
2023-08-24,MGLU3.SA,"27,42","27,79","26,7","27,79","9107962,0"
2023-08-24,MSFT,"315,74","328,58","315,73","328,45","23281400,0"
2023-08-24,PETR4.SA,"23,95","24,34","23,69","24,01","49332300,0"
2023-08-25,AAPL,"176,88","177,41","174,11","175,66","51449600,0"
2023-08-25,GOOGL,"129,11","129,98","126,49","128,77","26762900,0"
2023-08-25,ITUB4.SA,"21,0","21,35","20,86","21,31","24557170,0"
2023-08-25,MGLU3.SA,"26,51","27,42","26,51","27,24","9247593,0"
2023-08-25,MSFT,"318,71","321,06","314,58","317,22","21684100,0"
2023-08-25,PETR4.SA,"23,78","24,15","23,66","24,09","34079000,0"
2023-08-28,AAPL,"178,44","178,84","176,82","178,34","43820700,0"
2023-08-28,GOOGL,"130,23","131,75","129,36","130,53","20543300,0"
2023-08-28,ITUB4.SA,"21,72","21,89","20,89","21,02","37705360,0"
2023-08-28,MGLU3.SA,"26,6","27,15","25,97","26,6","8443133,0"
2023-08-28,MSFT,"319,42","321,84","317,46","321,35","14808500,0"
2023-08-28,PETR4.SA,"24,05","24,06","23,7","23,88","24956100,0"
2023-08-29,AAPL,"182,33","183,11","177,76","177,96","53003900,0"
2023-08-29,GOOGL,"133,77","135,76","131,45","131,45","43075600,0"
2023-08-29,ITUB4.SA,"22,06","22,36","21,81","21,9","38923390,0"
2023-08-29,MGLU3.SA,"26,6","27,15","26,33","26,7","4530005,0"
2023-08-29,MSFT,"324,07","324,63","317,62","317,62","19284600,0"
2023-08-29,PETR4.SA,"24,1","24,18","23,8","24,1","40607500,0"
2023-08-30,AAPL,"185,83","186,03","182,95","183,15","60813900,0"
2023-08-30,GOOGL,"135,07","135,47","133,27","133,98","28315800,0"
2023-08-30,ITUB4.SA,"21,64","22,17","21,57","22,14","19305770,0"
2023-08-30,MGLU3.SA,"26,51","26,79","26,15","26,79","5397919,0"
2023-08-30,MSFT,"324,44","325,45","322,13","324,32","15222100,0"
2023-08-30,PETR4.SA,"24,27","24,33","24,03","24,11","34637900,0"
2023-08-31,AAPL,"186,05","187,29","185,66","186,02","60794500,0"
2023-08-31,GOOGL,"135,36","137,18","134,98","135,2","30053800,0"
2023-08-31,ITUB4.SA,"21,45","21,61","21,25","21,54","40670300,0"
2023-08-31,MGLU3.SA,"25,06","26,42","25,06","26,24","10410453,0"
2023-08-31,MSFT,"323,42","326,53","322,46","324,85","26411000,0"
2023-08-31,PETR4.SA,"23,76","24,39","23,72","24,33","48971500,0"
2023-09-01,AAPL,"187,62","188,08","186,45","187,65","45766500,0"
2023-09-01,GOOGL,"134,85","136,64","134,05","136,64","21543700,0"
2023-09-01,ITUB4.SA,"21,64","21,85","21,39","21,49","32342640,0"
2023-09-01,MGLU3.SA,"25,97","25,97","24,97","25,33","7825080,0"
2023-09-01,MSFT,"324,31","327,6","322,46","326,93","14942000,0"
2023-09-01,PETR4.SA,"24,27","24,32","23,78","23,96","50089200,0"
2023-09-04,ITUB4.SA,"21,44","21,68","21,38","21,54","10869760,0"
2023-09-04,MGLU3.SA,"25,24","25,97","25,24","25,7","4106633,0"
2023-09-04,PETR4.SA,"24,02","24,34","23,96","24,31","21667400,0"
2023-09-05,AAPL,"187,86","188,14","185,79","186,45","45280000,0"
2023-09-05,GOOGL,"134,96","135,61","133,78","134,63","19403100,0"
2023-09-05,ITUB4.SA,"21,12","21,5","21,09","21,44","22719730,0"
2023-09-05,MGLU3.SA,"24,43","25,15","23,79","25,06","11448960,0"
2023-09-05,MSFT,"329,14","330,42","324,31","324,65","18553900,0"
2023-09-05,PETR4.SA,"24,82","24,91","23,97","24,01","75082900,0"
2023-09-06,AAPL,"181,14","187,02","179,71","186,57","81755800,0"
2023-09-06,GOOGL,"133,66","135,72","132,87","135,21","18684500,0"
2023-09-06,ITUB4.SA,"20,92","21,26","20,81","21,17","21139580,0"
2023-09-06,MGLU3.SA,"23,52","25,06","23,52","24,43","9306770,0"
2023-09-06,MSFT,"328,48","330,04","325,81","328,97","17535800,0"
2023-09-06,PETR4.SA,"24,94","25,14","24,71","24,81","57856500,0"
2023-09-07,AAPL,"175,84","176,48","171,86","173,48","112488800,0"
2023-09-07,GOOGL,"134,45","134,77","132,16","132,79","18844300,0"
2023-09-07,MSFT,"325,55","328,67","324,68","326,91","18381000,0"
2023-09-08,AAPL,"176,45","178,49","176,07","176,62","65551300,0"
2023-09-08,GOOGL,"135,57","135,85","134,05","134,11","23558300,0"
2023-09-08,ITUB4.SA,"20,95","21,21","20,76","20,85","24982650,0"
2023-09-08,MGLU3.SA,"22,79","23,25","22,7","23,15","7295573,0"
2023-09-08,MSFT,"329,85","331,71","325,1","325,72","19530100,0"
2023-09-08,PETR4.SA,"24,85","25,05","24,74","24,91","39074100,0"
2023-09-11,AAPL,"177,62","178,55","175,62","178,32","58953100,0"
2023-09-11,GOOGL,"136,1","136,66","134,98","135,73","20763400,0"
2023-09-11,ITUB4.SA,"21,48","21,51","21,04","21,13","30384860,0"
2023-09-11,MGLU3.SA,"23,15","23,43","22,43","22,97","7102944,0"
2023-09-11,MSFT,"333,47","333,94","330,99","332,78","16583300,0"
2023-09-11,PETR4.SA,"24,82","25,06","24,79","24,9","30276200,0"
2023-09-12,AAPL,"174,59","178,38","173,12","177,75","90370200,0"
2023-09-12,GOOGL,"134,53","136,05","134,38","135,45","18405500,0"
2023-09-12,ITUB4.SA,"21,6","21,68","21,38","21,5","18129760,0"
2023-09-12,MGLU3.SA,"23,79","24,06","22,88","23,15","10327081,0"
2023-09-12,MSFT,"327,38","332,34","327,1","331,38","17565500,0"
2023-09-12,PETR4.SA,"24,94","25,13","24,91","24,96","31963000,0"
2023-09-13,AAPL,"172,52","175,58","172,29","174,8","84267900,0"
2023-09-13,GOOGL,"135,9","136,08","133,35","134,28","20749500,0"
2023-09-13,ITUB4.SA,"21,71","21,94","21,51","21,64","25432220,0"
2023-09-13,MGLU3.SA,"23,79","24,7","23,52","23,61","7511263,0"
2023-09-13,MSFT,"331,62","332,39","326,79","326,93","16544400,0"
2023-09-13,PETR4.SA,"24,57","25,07","24,57","25,03","47685700,0"
2023-09-14,AAPL,"174,04","174,39","171,9","172,31","60895800,0"
2023-09-14,GOOGL,"137,28","137,87","135,43","136,78","24751000,0"
2023-09-14,ITUB4.SA,"21,63","21,89","21,5","21,75","33269610,0"
2023-09-14,MGLU3.SA,"23,43","23,97","22,34","23,79","12929015,0"
2023-09-14,MSFT,"334,22","336,35","332,12","334,66","20267000,0"
2023-09-14,PETR4.SA,"25,2","25,29","24,62","24,62","46502100,0"
2023-09-15,AAPL,"173,31","174,79","172,13","174,77","109259500,0"
2023-09-15,GOOGL,"136,58","137,69","135,67","137,16","38919600,0"
2023-09-15,ITUB4.SA,"21,58","21,91","21,47","21,85","39545330,0"
2023-09-15,MGLU3.SA,"22,52","23,97","22,52","23,61","12717986,0"
2023-09-15,MSFT,"325,85","332,94","325,29","332,46","37679800,0"
2023-09-15,PETR4.SA,"25,21","25,29","25,0","25,2","54801500,0"
2023-09-18,AAPL,"176,24","177,64","174,46","174,77","67257600,0"
2023-09-18,GOOGL,"137,39","138,33","135,8","135,8","21861300,0"
2023-09-18,ITUB4.SA,"21,53","21,75","21,41","21,64","15762780,0"
2023-09-18,MGLU3.SA,"23,43","23,79","22,25","22,52","11723143,0"
2023-09-18,MSFT,"324,71","326,03","322,04","323,46","16834200,0"
2023-09-18,PETR4.SA,"25,39","25,82","25,18","25,29","52363400,0"
2023-09-19,AAPL,"177,33","177,89","175,41","175,8","51826900,0"
2023-09-19,GOOGL,"137,22","137,58","135,81","136,6","20353700,0"
2023-09-19,ITUB4.SA,"21,46","21,67","21,38","21,57","20849290,0"
2023-09-19,MGLU3.SA,"22,88","23,7","22,7","23,43","6940765,0"
2023-09-19,MSFT,"324,3","325,03","320,22","321,86","16505900,0"
2023-09-19,PETR4.SA,"25,45","25,75","25,34","25,45","43247200,0"
2023-09-20,AAPL,"173,79","177,96","173,7","177,52","58436200,0"
2023-09-20,GOOGL,"132,94","137,26","132,82","137,26","29927500,0"
2023-09-20,ITUB4.SA,"21,83","22,0","21,52","21,55","27055710,0"
2023-09-20,MGLU3.SA,"22,88","23,34","22,79","22,88","6121765,0"
2023-09-20,MSFT,"316,53","325,23","316,27","325,15","21436500,0"
2023-09-20,PETR4.SA,"25,51","25,75","25,3","25,4","39102300,0"
2023-09-21,AAPL,"172,24","174,59","172,17","172,86","63149100,0"
2023-09-21,GOOGL,"129,66","131,44","129,29","130,66","31503900,0"
2023-09-21,ITUB4.SA,"21,33","21,65","21,3","21,57","24646490,0"
2023-09-21,MGLU3.SA,"21,34","22,52","21,34","22,43","14504363,0"
2023-09-21,MSFT,"315,3","321,05","310,83","315,04","35560400,0"
2023-09-21,PETR4.SA,"25,11","25,51","25,02","25,29","60109400,0"
2023-09-22,AAPL,"173,09","175,36","172,36","172,98","56725400,0"
2023-09-22,GOOGL,"129,47","131,24","128,83","129,98","26397300,0"
2023-09-22,ITUB4.SA,"21,27","21,51","21,25","21,43","17999080,0"
2023-09-22,MGLU3.SA,"20,34","21,88","19,7","21,7","14324265,0"
2023-09-22,MSFT,"312,82","317,2","311,97","317,07","21447900,0"
2023-09-22,PETR4.SA,"25,32","25,43","25,15","25,31","31020500,0"
2023-09-25,AAPL,"174,37","175,25","172,46","172,51","46172700,0"
2023-09-25,GOOGL,"130,33","130,39","128,19","129,06","20094600,0"
2023-09-25,ITUB4.SA,"21,34","21,49","21,28","21,29","15595800,0"
2023-09-25,MGLU3.SA,"19,52","19,98","18,89","19,98","9903527,0"
2023-09-25,MSFT,"313,34","313,47","310,83","312,4","17836000,0"
2023-09-25,PETR4.SA,"25,48","25,54","25,24","25,26","26767200,0"
2023-09-26,AAPL,"170,29","173,5","169,99","173,12","64588900,0"
2023-09-26,GOOGL,"127,8","129,58","126,46","129,0","25718700,0"
2023-09-26,ITUB4.SA,"21,02","21,34","21,0","21,31","26669720,0"
2023-09-26,MGLU3.SA,"19,07","19,79","18,8","19,25","6789972,0"
2023-09-26,MSFT,"308,01","311,7","305,92","310,96","26297600,0"
2023-09-26,PETR4.SA,"24,89","25,36","24,89","25,29","60687500,0"
2023-09-27,AAPL,"168,78","171,36","167,41","170,95","66921800,0"
2023-09-27,GOOGL,"129,76","130,12","127,8","127,8","22746500,0"
2023-09-27,ITUB4.SA,"20,98","21,27","20,83","21,19","25293510,0"
2023-09-27,MGLU3.SA,"18,52","19,52","18,16","19,34","19106419,0"
2023-09-27,MSFT,"308,65","310,14","305,59","308,17","19410100,0"
2023-09-27,PETR4.SA,"25,68","25,68","25,13","25,19","53708700,0"
2023-09-28,AAPL,"169,03","170,36","165,99","167,7","56294400,0"
2023-09-28,GOOGL,"131,52","132,51","129,02","129,07","22513100,0"
2023-09-28,ITUB4.SA,"21,53","21,64","20,9","20,96","31518190,0"
2023-09-28,MGLU3.SA,"18,61","18,98","18,25","18,34","8963991,0"
2023-09-28,MSFT,"309,49","311,31","305,36","306,88","19683600,0"
2023-09-28,PETR4.SA,"25,63","25,69","25,45","25,63","30765000,0"
2023-09-29,AAPL,"169,55","171,39","168,69","170,35","51861100,0"
2023-09-29,GOOGL,"130,08","133,25","129,58","132,49","30859800,0"
2023-09-29,ITUB4.SA,"21,5","21,79","21,35","21,73","19387720,0"
2023-09-29,MGLU3.SA,"19,25","19,7","18,98","19,16","11492164,0"
2023-09-29,MSFT,"311,57","315,24","310,81","313,55","24147300,0"
2023-09-29,PETR4.SA,"25,77","25,81","25,48","25,66","40227600,0"
2023-10-02,AAPL,"172,06","172,61","169,27","169,56","52164500,0"
2023-10-02,GOOGL,"133,37","133,62","130,39","130,43","22288000,0"
2023-10-02,ITUB4.SA,"21,3","21,5","21,16","21,46","13873200,0"
2023-10-02,MGLU3.SA,"18,25","19,34","18,07","19,25","9802834,0"
2023-10-02,MSFT,"317,54","317,63","311,01","312,1","20570000,0"
2023-10-02,PETR4.SA,"25,38","25,87","25,24","25,7","34403400,0"
2023-10-03,AAPL,"170,73","171,95","169,16","170,59","49594600,0"
2023-10-03,GOOGL,"131,64","133,46","131,05","133,14","22989400,0"
2023-10-03,ITUB4.SA,"21,03","21,29","20,99","21,22","23494130,0"
2023-10-03,MGLU3.SA,"16,71","18,16","16,62","17,98","14480211,0"
2023-10-03,MSFT,"309,24","317,14","307,09","316,59","21033500,0"
2023-10-03,PETR4.SA,"25,27","25,46","25,02","25,27","37947300,0"
2023-10-04,AAPL,"171,98","172,52","169,31","169,43","53020300,0"
2023-10-04,GOOGL,"134,43","134,76","131,74","132,0","26752300,0"
2023-10-04,ITUB4.SA,"21,52","21,61","21,05","21,11","26187480,0"
2023-10-04,MGLU3.SA,"17,16","17,71","16,98","17,16","14026272,0"
2023-10-04,MSFT,"314,74","315,81","309,85","309,88","20720100,0"
2023-10-04,PETR4.SA,"24,27","25,08","24,1","25,0","88895900,0"
2023-10-05,AAPL,"173,21","173,75","171,01","172,1","48527900,0"
2023-10-05,GOOGL,"134,26","134,68","132,65","134,26","19832600,0"
2023-10-05,ITUB4.SA,"21,86","22,01","21,41","21,48","31498940,0"
2023-10-05,MGLU3.SA,"16,43","17,25","16,34","17,07","8672145,0"
2023-10-05,MSFT,"315,14","315,75","310,73","314,87","16965600,0"
2023-10-05,PETR4.SA,"24,35","24,5","24,02","24,18","35342000,0"
2023-10-06,AAPL,"175,77","176,26","171,5","172,11","57266700,0"
2023-10-06,GOOGL,"136,76","137,34","133,21","133,21","27597600,0"
2023-10-06,ITUB4.SA,"22,06","22,37","21,53","21,66","48554660,0"
2023-10-06,MGLU3.SA,"16,16","16,34","15,25","15,62","13196056,0"
2023-10-06,MSFT,"322,93","324,84","312,12","312,36","25673600,0"
2023-10-06,PETR4.SA,"24,93","25,16","24,05","24,25","48132800,0"
2023-10-09,AAPL,"177,25","177,31","174,09","175,09","42390800,0"
2023-10-09,GOOGL,"137,59","138,11","134,8","136,12","19278100,0"
2023-10-09,ITUB4.SA,"21,87","21,94","21,67","21,86","16062750,0"
2023-10-09,MGLU3.SA,"16,89","16,98","15,53","15,71","8637547,0"
2023-10-09,MSFT,"325,46","325,93","318,91","320,45","19891200,0"
2023-10-09,PETR4.SA,"26,0","26,1","25,37","25,4","77528400,0"
2023-10-10,AAPL,"176,66","177,98","176,22","176,37","43698000,0"
2023-10-10,GOOGL,"137,24","138,89","136,51","137,67","27786600,0"
2023-10-10,ITUB4.SA,"21,85","22,18","21,74","21,92","27037670,0"
2023-10-10,MGLU3.SA,"18,07","18,34","16,98","16,98","13566281,0"
2023-10-10,MSFT,"324,05","326,72","323,34","326,58","20557100,0"
2023-10-10,PETR4.SA,"26,19","26,29","25,84","25,96","48326500,0"
2023-10-11,AAPL,"178,06","178,11","175,88","176,47","47551100,0"
2023-10-11,GOOGL,"139,71","140,27","137,75","137,75","25884300,0"
2023-10-11,ITUB4.SA,"22,13","22,16","21,81","21,9","17470640,0"
2023-10-11,MGLU3.SA,"17,34","18,89","17,16","18,34","13544674,0"
2023-10-11,MSFT,"328,02","328,42","324,79","326,83","20063200,0"
2023-10-11,PETR4.SA,"26,13","26,22","25,66","26,14","41578500,0"
2023-10-12,AAPL,"178,96","180,57","177,3","178,32","56743100,0"
2023-10-12,GOOGL,"138,14","140,38","137,44","140,21","24765500,0"
2023-10-12,MSFT,"326,78","329,22","324,37","326,2","19313100,0"
2023-10-13,AAPL,"177,12","180,17","176,41","179,66","51427100,0"
2023-10-13,GOOGL,"136,54","139,17","135,81","138,55","23420500,0"
2023-10-13,ITUB4.SA,"21,9","22,21","21,82","22,09","24503050,0"
2023-10-13,MGLU3.SA,"16,53","17,16","16,34","16,98","7230066,0"
2023-10-13,MSFT,"323,4","329,41","322,04","327,98","21072400,0"
2023-10-13,PETR4.SA,"26,99","27,05","26,62","26,62","66943700,0"
2023-10-16,AAPL,"176,99","177,34","174,8","175,04","52517000,0"
2023-10-16,GOOGL,"138,27","138,8","137,17","137,35","28501900,0"
2023-10-16,ITUB4.SA,"21,93","22,06","21,8","22,05","12585430,0"
2023-10-16,MGLU3.SA,"16,25","16,89","16,16","16,8","7428757,0"
2023-10-16,MSFT,"328,24","331,69","326,23","326,67","22158000,0"
2023-10-16,PETR4.SA,"27,29","27,38","26,75","27,08","49626600,0"
2023-10-17,AAPL,"175,43","176,69","173,1","174,94","57549400,0"
2023-10-17,GOOGL,"138,89","139,07","136,36","137,8","23515800,0"
2023-10-17,ITUB4.SA,"21,6","21,86","21,51","21,82","29497930,0"
2023-10-17,MGLU3.SA,"15,35","16,07","15,25","15,89","8917429,0"
2023-10-17,MSFT,"327,67","329,05","323,08","325,23","18338500,0"
2023-10-17,PETR4.SA,"28,02","28,02","27,25","27,3","68814800,0"
2023-10-18,AAPL,"174,13","175,86","173,41","173,88","54764400,0"
2023-10-18,GOOGL,"137,14","139,88","136,56","138,62","23375000,0"
2023-10-18,ITUB4.SA,"21,15","21,58","21,04","21,41","61449300,0"
2023-10-18,MGLU3.SA,"15,71","16,53","15,07","15,44","16283577,0"
2023-10-18,MSFT,"325,74","331,15","323,96","328,09","23153600,0"
2023-10-18,PETR4.SA,"28,66","28,72","28,2","28,26","85931700,0"
2023-10-19,AAPL,"173,76","176,11","173,49","174,33","59302900,0"
2023-10-19,GOOGL,"136,93","138,83","136,56","137,67","26066000,0"
2023-10-19,ITUB4.SA,"21,4","21,67","21,02","21,1","25481280,0"
2023-10-19,MGLU3.SA,"14,62","15,71","14,62","15,62","14344248,0"
2023-10-19,MSFT,"326,94","332,42","326,53","327,76","25052100,0"
2023-10-19,PETR4.SA,"28,52","28,62","28,21","28,54","56016600,0"
2023-10-20,AAPL,"171,2","173,72","170,97","173,61","64244000,0"
2023-10-20,GOOGL,"134,79","137,05","134,27","136,51","26335700,0"
2023-10-20,ITUB4.SA,"21,32","21,53","21,14","21,29","26230930,0"
2023-10-20,MGLU3.SA,"13,98","14,71","13,89","14,35","16934314,0"
2023-10-20,MSFT,"322,35","327,53","321,15","327,33","25027700,0"
2023-10-20,PETR4.SA,"28,16","28,91","27,81","28,78","66242400,0"
2023-10-23,AAPL,"171,32","172,32","168,28","169,25","55980100,0"
2023-10-23,GOOGL,"135,69","136,84","133,15","134,23","26317900,0"
2023-10-23,ITUB4.SA,"21,34","21,6","21,21","21,27","17657970,0"
2023-10-23,MGLU3.SA,"13,71","14,16","13,62","13,89","17058475,0"
2023-10-23,MSFT,"324,96","328,33","320,1","321,17","24374700,0"
2023-10-23,PETR4.SA,"26,3","27,38","26,23","27,22","104499100,0"
2023-10-24,AAPL,"171,76","171,99","169,79","171,37","43816600,0"
2023-10-24,GOOGL,"137,98","138,53","136,6","137,01","44814300,0"
2023-10-24,ITUB4.SA,"21,34","21,65","21,21","21,55","17435110,0"
2023-10-24,MGLU3.SA,"12,8","14,07","12,8","13,89","17960997,0"
2023-10-24,MSFT,"326,16","327,45","323,27","326,92","31153600,0"
2023-10-24,PETR4.SA,"26,69","26,92","26,16","26,52","78634900,0"
2023-10-25,AAPL,"169,44","171,38","168,99","170,21","57157000,0"
2023-10-25,GOOGL,"124,86","127,55","124,32","127,4","84366200,0"
2023-10-25,ITUB4.SA,"21,38","22,01","21,33","21,39","28121610,0"
2023-10-25,MGLU3.SA,"13,08","13,26","11,8","12,71","26885023,0"
2023-10-25,MSFT,"336,16","341,62","333,15","340,46","55053800,0"
2023-10-25,PETR4.SA,"26,83","26,99","26,59","26,84","32846500,0"
2023-10-26,AAPL,"165,27","169,72","164,06","168,72","70625300,0"
2023-10-26,GOOGL,"121,55","123,59","120,55","122,54","57061100,0"
2023-10-26,ITUB4.SA,"21,91","22,0","21,42","21,51","31643260,0"
2023-10-26,MGLU3.SA,"13,35","13,89","12,98","13,17","21818914,0"
2023-10-26,MSFT,"323,55","337,11","322,62","336,04","37828500,0"
2023-10-26,PETR4.SA,"26,56","26,73","26,15","26,67","47858600,0"
2023-10-27,AAPL,"166,59","167,32","165,21","165,29","58499100,0"
2023-10-27,GOOGL,"121,44","122,57","119,49","122,15","44566500,0"
2023-10-27,ITUB4.SA,"21,59","22,06","21,5","22,01","33193600,0"
2023-10-27,MGLU3.SA,"13,26","13,53","12,62","13,26","16845500,0"
2023-10-27,MSFT,"325,45","332,27","324,06","326,06","29856500,0"
2023-10-27,PETR4.SA,"26,36","27,12","26,16","26,94","45843100,0"
2023-10-30,AAPL,"168,64","169,51","167,23","167,38","51131000,0"
2023-10-30,GOOGL,"123,72","124,65","122,02","122,48","28940100,0"
2023-10-30,ITUB4.SA,"21,41","21,74","21,34","21,74","16621220,0"
2023-10-30,MGLU3.SA,"12,44","13,35","12,26","13,26","8550561,0"
2023-10-30,MSFT,"332,85","334,96","327,44","329,0","22828100,0"
2023-10-30,PETR4.SA,"26,1","26,57","25,93","26,47","31346900,0"
2023-10-31,AAPL,"169,11","169,24","166,27","167,71","44846000,0"
2023-10-31,GOOGL,"123,34","124,62","121,96","124,31","26292300,0"
2023-10-31,ITUB4.SA,"21,21","21,49","21,08","21,41","27932080,0"
2023-10-31,MGLU3.SA,"12,08","12,53","12,08","12,44","15512795,0"
2023-10-31,MSFT,"333,64","334,52","330,26","334,37","20265300,0"
2023-10-31,PETR4.SA,"25,84","26,17","25,66","26,04","36965200,0"
2023-11-01,AAPL,"172,28","172,54","168,47","169,34","56934900,0"
2023-11-01,GOOGL,"125,7","125,74","122,98","123,33","30082400,0"
2023-11-01,ITUB4.SA,"21,51","21,63","21,25","21,29","28838700,0"
2023-11-01,MGLU3.SA,"12,08","12,35","11,89","12,08","14853718,0"
2023-11-01,MSFT,"341,49","342,82","335,16","335,3","28158800,0"
2023-11-01,PETR4.SA,"26,13","26,44","25,96","26,05","46335300,0"
2023-11-02,AAPL,"175,85","176,06","173,76","173,82","77334800,0"
2023-11-02,GOOGL,"126,73","128,21","126,17","127,65","27124600,0"
2023-11-02,MSFT,"343,71","344,22","340,21","342,65","24348100,0"
2023-11-03,AAPL,"174,94","175,1","171,67","172,55","79829200,0"
2023-11-03,GOOGL,"128,33","128,76","127,1","127,26","26393100,0"
2023-11-03,ITUB4.SA,"22,1","22,24","21,8","21,96","38849250,0"
2023-11-03,MGLU3.SA,"13,53","13,98","12,35","12,44","26499680,0"
2023-11-03,MSFT,"348,13","349,7","342,74","345,01","23637700,0"
2023-11-03,PETR4.SA,"26,44","26,7","26,07","26,62","30959700,0"
2023-11-06,AAPL,"177,49","177,69","174,5","174,67","63841300,0"
2023-11-06,GOOGL,"129,47","129,56","127,9","128,28","19052700,0"
2023-11-06,ITUB4.SA,"22,31","22,33","22,06","22,2","19825740,0"
2023-11-06,MGLU3.SA,"12,98","14,26","12,71","13,71","17133112,0"
2023-11-06,MSFT,"351,81","352,81","348,68","348,77","23828300,0"
2023-11-06,PETR4.SA,"26,42","26,88","26,42","26,59","33583600,0"
2023-11-07,AAPL,"180,06","180,67","177,23","177,44","70530000,0"
2023-11-07,GOOGL,"130,19","131,12","129,11","129,93","29757300,0"
2023-11-07,ITUB4.SA,"22,93","23,09","22,12","22,31","66851730,0"
2023-11-07,MGLU3.SA,"16,07","16,16","12,8","12,89","31953923,0"
2023-11-07,MSFT,"355,76","357,67","352,9","354,65","25833900,0"
2023-11-07,PETR4.SA,"25,98","26,35","25,78","26,09","48919900,0"
2023-11-08,AAPL,"181,12","181,67","179,83","180,58","49340300,0"
2023-11-08,GOOGL,"131,05","131,42","130,0","130,19","26425800,0"
2023-11-08,ITUB4.SA,"23,03","23,13","22,77","22,99","26066920,0"
2023-11-08,MGLU3.SA,"16,16","18,34","15,62","15,89","38035616,0"
2023-11-08,MSFT,"358,4","359,06","355,78","356,9","26767800,0"
2023-11-08,PETR4.SA,"25,42","25,89","25,23","25,74","59742900,0"
2023-11-09,AAPL,"180,64","182,33","180,05","181,19","53763500,0"
2023-11-09,GOOGL,"129,46","131,76","129,29","131,17","23747800,0"
2023-11-09,ITUB4.SA,"23,14","23,29","22,77","23,04","28414320,0"
2023-11-09,MGLU3.SA,"15,53","16,62","15,25","16,62","18790667,0"
2023-11-09,MSFT,"355,92","359,97","355,59","357,51","24847300,0"
2023-11-09,PETR4.SA,"25,95","26,15","25,56","25,66","56231100,0"
2023-11-10,AAPL,"184,84","185,0","181,99","182,43","66133400,0"
2023-11-10,GOOGL,"131,8","132,01","128,64","129,32","26913300,0"
2023-11-10,ITUB4.SA,"23,41","23,64","23,16","23,28","26948900,0"
2023-11-10,MGLU3.SA,"16,34","16,43","15,71","15,71","11318748,0"
2023-11-10,MSFT,"364,78","365,2","356,29","356,71","28042100,0"
2023-11-10,PETR4.SA,"25,83","26,08","25,67","25,78","40004800,0"
2023-11-13,AAPL,"183,25","184,47","182,66","184,26","43627500,0"
2023-11-13,GOOGL,"131,3","131,8","130,47","130,99","18324800,0"
2023-11-13,ITUB4.SA,"23,26","23,36","23,08","23,33","16518150,0"
2023-11-13,MGLU3.SA,"15,71","17,07","14,71","16,16","23629817,0"
2023-11-13,MSFT,"361,83","363,6","361,06","363,35","19986500,0"
2023-11-13,PETR4.SA,"26,55","26,59","25,79","25,8","44120000,0"
2023-11-14,AAPL,"185,87","186,53","184,74","186,12","60108400,0"
2023-11-14,GOOGL,"132,82","134,89","132,53","133,39","32395200,0"
2023-11-14,ITUB4.SA,"23,6","23,79","23,29","23,33","46009150,0"
2023-11-14,MGLU3.SA,"15,89","16,25","14,07","14,35","55673121,0"
2023-11-14,MSFT,"365,37","367,03","362,49","366,1","27683900,0"
2023-11-14,PETR4.SA,"26,91","26,96","26,4","26,55","50888600,0"
2023-11-15,AAPL,"186,43","187,91","186,2","186,27","53790500,0"
2023-11-15,GOOGL,"133,82","134,23","132,77","134,07","23861500,0"
2023-11-15,MSFT,"365,52","368,94","362,99","367,11","26860100,0"
2023-11-16,AAPL,"188,12","189,36","187,07","187,98","54412900,0"
2023-11-16,GOOGL,"136,11","136,4","133,52","134,38","28013200,0"
2023-11-16,ITUB4.SA,"23,98","24,18","23,56","23,74","45361470,0"
2023-11-16,MGLU3.SA,"19,89","20,43","15,98","15,98","41135175,0"
2023-11-16,MSFT,"371,95","372,13","366,03","366,8","27182300,0"
2023-11-16,PETR4.SA,"26,45","27,15","26,41","26,77","72361200,0"
2023-11-17,AAPL,"188,1","188,78","186,99","188,65","50922700,0"
2023-11-17,GOOGL,"134,5","135,25","132,85","135,19","37240600,0"
2023-11-17,ITUB4.SA,"24,09","24,2","23,83","23,97","27072210,0"
2023-11-17,MGLU3.SA,"20,16","21,16","19,25","20,16","31898712,0"
2023-11-17,MSFT,"365,7","370,17","362,88","369,42","40157000,0"
2023-11-17,PETR4.SA,"27,31","27,47","26,65","26,65","87666300,0"
2023-11-20,AAPL,"189,84","190,3","188,29","188,3","46505100,0"
2023-11-20,GOOGL,"135,44","135,85","132,82","132,89","27815500,0"
2023-11-20,ITUB4.SA,"24,33","24,39","23,94","24,12","25736040,0"
2023-11-20,MGLU3.SA,"20,7","21,34","20,25","20,88","15041237,0"
2023-11-20,MSFT,"373,2","374,62","366,84","367,05","52465100,0"
2023-11-20,PETR4.SA,"27,33","27,69","26,98","27,35","67796900,0"
2023-11-21,AAPL,"189,04","189,91","188,15","189,8","38134500,0"
2023-11-21,GOOGL,"136,15","136,36","135,15","135,48","22635300,0"
2023-11-21,ITUB4.SA,"24,29","24,41","24,14","24,24","18258020,0"
2023-11-21,MGLU3.SA,"19,34","20,88","18,98","20,7","19985281,0"
2023-11-21,MSFT,"368,88","372,0","366,95","371,45","28423100,0"
2023-11-21,PETR4.SA,"27,05","27,18","26,71","27,18","49597800,0"
2023-11-22,AAPL,"189,7","191,31","189,23","189,88","39617700,0"
2023-11-22,GOOGL,"137,66","138,59","136,65","136,65","17813900,0"
2023-11-22,ITUB4.SA,"24,44","24,71","24,35","24,45","42893950,0"
2023-11-22,MGLU3.SA,"18,89","20,16","18,8","19,61","16835023,0"
2023-11-22,MSFT,"373,61","375,53","370,76","373,76","23345300,0"
2023-11-22,PETR4.SA,"27,18","27,18","26,48","26,98","58578300,0"
2023-11-23,ITUB4.SA,"24,41","24,63","24,2","24,44","25138300,0"
2023-11-23,MGLU3.SA,"19,7","19,89","18,7","18,98","7946214,0"
2023-11-23,PETR4.SA,"27,19","27,25","26,91","27,16","24068100,0"
2023-11-24,AAPL,"188,38","189,3","187,66","189,27","24048300,0"
2023-11-24,GOOGL,"135,88","137,31","135,18","137,21","12514300,0"
2023-11-24,ITUB4.SA,"24,28","24,44","24,05","24,32","22539880,0"
2023-11-24,MGLU3.SA,"18,07","19,7","17,98","19,61","19154295,0"
2023-11-24,MSFT,"373,19","373,73","370,93","373,09","10176600,0"
2023-11-24,PETR4.SA,"27,27","27,69","26,83","27,04","53456200,0"
2023-11-27,AAPL,"188,2","189,07","187,31","188,33","40552600,0"
2023-11-27,GOOGL,"135,6","137,59","135,19","135,22","23436500,0"
2023-11-27,ITUB4.SA,"24,21","24,5","24,14","24,39","19876340,0"
2023-11-27,MGLU3.SA,"17,8","18,8","17,43","18,25","18770289,0"
2023-11-27,MSFT,"374,36","376,37","371,98","372,55","22179200,0"
2023-11-27,PETR4.SA,"27,11","27,37","26,86","27,06","36996000,0"
2023-11-28,AAPL,"188,8","189,48","187,81","188,19","38415400,0"
2023-11-28,GOOGL,"136,38","136,43","134,61","135,27","18730000,0"
2023-11-28,ITUB4.SA,"24,45","24,57","24,12","24,2","22699710,0"
2023-11-28,MGLU3.SA,"17,34","17,8","16,89","17,71","22183922,0"
2023-11-28,MSFT,"378,4","378,7","373,92","374,1","20453100,0"
2023-11-28,PETR4.SA,"27,52","27,54","27,17","27,19","36875900,0"
2023-11-29,AAPL,"187,78","190,48","187,38","189,3","43014200,0"
2023-11-29,GOOGL,"134,19","137,47","134,04","136,75","23967200,0"
2023-11-29,ITUB4.SA,"24,62","24,83","24,4","24,69","24806980,0"
2023-11-29,MGLU3.SA,"17,07","18,43","17,07","17,8","23526783,0"
2023-11-29,MSFT,"374,6","379,99","373,2","379,45","28963400,0"
2023-11-29,PETR4.SA,"27,24","27,85","27,01","27,75","37528600,0"
2023-11-30,AAPL,"188,36","188,72","186,61","188,25","48794400,0"
2023-11-30,GOOGL,"131,74","134,74","130,5","134,24","38988300,0"
2023-11-30,ITUB4.SA,"25,0","25,05","24,71","24,77","47406480,0"
2023-11-30,MGLU3.SA,"18,34","18,43","17,34","17,52","30239820,0"
2023-11-30,MSFT,"374,66","375,82","371,26","374,24","30554400,0"
2023-11-30,PETR4.SA,"27,76","27,77","27,24","27,41","58808800,0"
2023-12-01,AAPL,"189,63","189,95","187,64","188,73","45704800,0"
2023-12-01,GOOGL,"131,07","131,32","129,89","131,07","31442300,0"
2023-12-01,ITUB4.SA,"24,94","25,08","24,65","24,98","33572440,0"
2023-12-01,MGLU3.SA,"19,7","19,89","17,52","18,43","26040417,0"
2023-12-01,MSFT,"370,31","373,92","367,14","372,53","33040500,0"
2023-12-01,PETR4.SA,"27,58","27,83","27,47","27,61","36388100,0"
2023-12-04,AAPL,"187,84","188,45","185,88","188,39","43389500,0"
2023-12-04,GOOGL,"128,5","129,25","127,14","129,11","36669900,0"
2023-12-04,ITUB4.SA,"24,97","25,14","24,79","24,8","14284490,0"
2023-12-04,MGLU3.SA,"18,16","19,7","18,16","19,43","21299254,0"
2023-12-04,MSFT,"365,0","365,37","358,83","364,96","32063300,0"
2023-12-04,PETR4.SA,"26,99","27,48","26,94","27,4","35601900,0"
2023-12-05,AAPL,"191,8","192,77","188,58","188,61","66628400,0"
2023-12-05,GOOGL,"130,21","131,35","127,49","128,18","27384800,0"
2023-12-05,ITUB4.SA,"25,18","25,3","24,95","25,01","28568210,0"
2023-12-05,MGLU3.SA,"19,43","19,79","18,16","18,34","20462827,0"
2023-12-05,MSFT,"368,34","368,89","361,52","362,34","23065000,0"
2023-12-05,PETR4.SA,"26,86","27,19","26,81","27,0","43234200,0"
2023-12-06,AAPL,"190,71","193,12","190,5","192,82","41089700,0"
2023-12-06,GOOGL,"129,24","131,05","129,11","130,66","23576200,0"
2023-12-06,ITUB4.SA,"24,95","25,33","24,8","25,27","25616910,0"
2023-12-06,MGLU3.SA,"19,7","20,07","19,43","19,79","14129530,0"
2023-12-06,MSFT,"364,66","369,98","363,9","369,35","21182100,0"
2023-12-06,PETR4.SA,"25,9","26,9","25,9","26,71","64179200,0"
2023-12-07,AAPL,"192,64","193,36","191,96","192,0","47477700,0"
2023-12-07,GOOGL,"136,11","137,73","133,9","134,23","56767100,0"
2023-12-07,ITUB4.SA,"25,23","25,23","24,9","25,1","22120340,0"
2023-12-07,MGLU3.SA,"20,52","20,7","19,79","19,79","14215372,0"
2023-12-07,MSFT,"366,79","367,28","362,21","364,1","23118900,0"
2023-12-07,PETR4.SA,"25,84","26,42","25,54","26,01","64723900,0"
2023-12-08,AAPL,"194,07","194,34","192,04","192,57","53406400,0"
2023-12-08,GOOGL,"134,19","135,59","133,23","133,4","32260100,0"
2023-12-08,ITUB4.SA,"25,55","25,63","25,09","25,16","20371230,0"
2023-12-08,MGLU3.SA,"19,34","20,88","19,16","20,7","20526270,0"
2023-12-08,MSFT,"370,03","370,26","364,1","365,06","20154400,0"
2023-12-08,PETR4.SA,"26,66","26,7","25,88","26,06","53290700,0"
2023-12-11,AAPL,"191,56","191,87","189,81","191,49","60943700,0"
2023-12-11,GOOGL,"132,5","132,55","130,58","131,59","31138000,0"
2023-12-11,ITUB4.SA,"25,38","25,59","25,32","25,42","21355840,0"
2023-12-11,MGLU3.SA,"20,25","20,25","19,16","19,25","8250430,0"
2023-12-11,MSFT,"367,13","367,43","361,99","364,34","27708800,0"
2023-12-11,PETR4.SA,"26,56","26,82","26,47","26,64","30613300,0"
2023-12-12,AAPL,"193,08","193,09","190,11","191,46","52696900,0"
2023-12-12,GOOGL,"131,73","132,21","130,48","131,02","29032800,0"
2023-12-12,ITUB4.SA,"25,25","25,49","25,05","25,44","16335220,0"
2023-12-12,MGLU3.SA,"20,7","20,98","19,98","20,25","12616054,0"
2023-12-12,MSFT,"370,18","370,22","366,3","366,69","24838300,0"
2023-12-12,PETR4.SA,"26,35","26,75","26,13","26,71","30371500,0"
2023-12-13,AAPL,"196,3","196,34","193,21","193,45","70404200,0"
2023-12-13,GOOGL,"131,78","132,7","130,79","132,58","30104800,0"
2023-12-13,ITUB4.SA,"26,01","26,15","25,25","25,25","51948930,0"
2023-12-13,MGLU3.SA,"22,97","22,97","20,34","20,98","23371906,0"
2023-12-13,MSFT,"370,17","373,4","366,61","371,8","30955500,0"
2023-12-13,PETR4.SA,"26,72","26,76","26,39","26,45","38992900,0"
2023-12-14,AAPL,"196,45","197,94","194,51","196,36","66831600,0"
2023-12-14,GOOGL,"131,15","132,92","128,92","132,58","38722400,0"
2023-12-14,ITUB4.SA,"26,23","26,36","25,86","26,13","46830410,0"
2023-12-14,MGLU3.SA,"22,06","24,06","21,7","23,06","22995288,0"
2023-12-14,MSFT,"361,82","369,56","360,04","369,12","43277500,0"
2023-12-14,PETR4.SA,"27,3","27,63","26,93","27,06","57950000,0"
2023-12-15,AAPL,"195,91","196,73","195,35","195,87","128538400,0"
2023-12-15,GOOGL,"131,81","132,71","130,4","130,84","50847100,0"
2023-12-15,ITUB4.SA,"26,12","26,36","25,77","26,27","30761830,0"
2023-12-15,MGLU3.SA,"20,07","22,43","20,07","22,25","26662865,0"
2023-12-15,MSFT,"366,57","368,22","362,17","362,73","78502300,0"
2023-12-15,PETR4.SA,"27,37","27,67","27,06","27,27","56570100,0"
2023-12-18,AAPL,"194,25","194,98","192,76","194,44","55751900,0"
2023-12-18,GOOGL,"134,99","136,33","131,64","131,84","32258000,0"
2023-12-18,ITUB4.SA,"26,25","26,36","26,07","26,2","30603870,0"
2023-12-18,MGLU3.SA,"19,79","20,52","19,7","20,34","13293552,0"
2023-12-18,MSFT,"368,47","368,81","364,54","365,3","21802900,0"
2023-12-18,PETR4.SA,"27,71","28,06","27,51","27,64","44474300,0"
2023-12-19,AAPL,"195,29","195,3","194,25","194,51","40714100,0"
2023-12-19,GOOGL,"135,84","136,65","135,27","136,02","25476800,0"
2023-12-19,ITUB4.SA,"26,26","26,61","26,2","26,35","26301220,0"
2023-12-19,MGLU3.SA,"19,61","20,43","19,52","20,07","13856897,0"
2023-12-19,MSFT,"369,07","369,07","365,69","367,32","20603700,0"
2023-12-19,PETR4.SA,"28,02","28,02","27,68","27,8","32183000,0"
2023-12-20,AAPL,"193,19","196,02","193,19","195,25","52242800,0"
2023-12-20,GOOGL,"137,52","140,86","137,25","138,14","49107200,0"
2023-12-20,ITUB4.SA,"25,99","26,31","25,92","26,17","25073290,0"
2023-12-20,MGLU3.SA,"19,07","20,07","18,98","19,61","18242151,0"
2023-12-20,MSFT,"366,46","371,81","366,37","370,79","26316700,0"
2023-12-20,PETR4.SA,"28,12","28,4","28,05","28,12","38947900,0"
2023-12-21,AAPL,"193,05","195,43","191,88","194,45","46482500,0"
2023-12-21,GOOGL,"139,58","139,85","138,35","138,66","27488300,0"
2023-12-21,ITUB4.SA,"26,17","26,23","25,97","26,13","23994300,0"
2023-12-21,MGLU3.SA,"18,98","19,52","18,7","19,43","13106996,0"
2023-12-21,MSFT,"369,35","370,21","365,89","368,38","17708000,0"
2023-12-21,PETR4.SA,"28,13","28,36","27,88","28,35","30511900,0"
2023-12-22,AAPL,"191,97","193,77","191,35","193,54","37149600,0"
2023-12-22,GOOGL,"140,65","141,14","139,87","139,93","26532200,0"
2023-12-22,ITUB4.SA,"26,58","26,76","26,17","26,19","35915550,0"
2023-12-22,MGLU3.SA,"19,25","19,34","18,7","19,07","8595562,0"
2023-12-22,MSFT,"370,38","370,97","368,53","369,49","17107500,0"
2023-12-22,PETR4.SA,"28,4","28,45","28,12","28,22","31234700,0"
2023-12-26,AAPL,"191,43","192,26","191,21","191,98","28919300,0"
2023-12-26,GOOGL,"140,68","141,83","140,35","140,75","16780300,0"
2023-12-26,ITUB4.SA,"26,85","26,96","26,52","26,63","25448940,0"
2023-12-26,MGLU3.SA,"19,16","19,52","18,98","19,43","7100571,0"
2023-12-26,MSFT,"370,45","372,71","369,31","370,79","12673100,0"
2023-12-26,PETR4.SA,"28,86","28,89","28,47","28,5","23466800,0"
2023-12-27,AAPL,"191,53","191,88","189,49","190,87","48087700,0"
2023-12-27,GOOGL,"139,53","141,23","139,06","140,75","19628600,0"
2023-12-27,ITUB4.SA,"27,04","27,09","26,79","26,82","19994150,0"
2023-12-27,MGLU3.SA,"20,43","20,61","18,98","19,25","13867300,0"
2023-12-27,MSFT,"369,87","370,85","368,63","369,5","14905400,0"
2023-12-27,PETR4.SA,"28,88","28,94","28,7","28,85","19588500,0"
2023-12-28,AAPL,"191,95","193,03","191,55","192,51","34049900,0"
2023-12-28,GOOGL,"139,39","140,3","138,92","139,94","16045700,0"
2023-12-28,ITUB4.SA,"27,11","27,11","26,92","27,04","13810830,0"
2023-12-28,MGLU3.SA,"19,61","20,25","19,52","20,07","12859371,0"
2023-12-28,MSFT,"371,07","372,23","369,96","371,16","14327000,0"
2023-12-28,PETR4.SA,"28,79","28,88","28,63","28,78","21421900,0"
2023-12-29,AAPL,"190,91","192,77","190,12","192,27","42672100,0"
2023-12-29,GOOGL,"138,86","139,52","137,95","138,8","18733000,0"
2023-12-29,MSFT,"371,82","372,93","369,29","371,78","18730800,0"
2024-01-02,AAPL,"184,08","186,86","182,35","185,58","82488700,0"
2024-01-02,GOOGL,"137,35","138,62","135,67","137,72","23711200,0"
2024-01-02,ITUB4.SA,"26,76","27,06","26,54","27,06","20843020,0"
2024-01-02,MGLU3.SA,"18,61","19,52","18,43","19,43","12365563,0"
2024-01-02,MSFT,"366,71","371,68","362,65","369,66","25258600,0"
2024-01-02,PETR4.SA,"29,21","29,29","28,91","28,94","24043800,0"
2024-01-03,AAPL,"182,7","184,32","181,89","182,67","58414500,0"
2024-01-03,GOOGL,"138,09","138,8","136,26","136,43","24212100,0"
2024-01-03,ITUB4.SA,"26,47","26,96","26,47","26,75","20383990,0"
2024-01-03,MGLU3.SA,"18,16","18,8","18,16","18,52","9247593,0"
2024-01-03,MSFT,"366,44","369,07","364,37","364,87","23083500,0"
2024-01-03,PETR4.SA,"30,12","30,24","29,12","29,22","52300200,0"
2024-01-04,AAPL,"180,38","181,55","179,36","180,62","71983600,0"
2024-01-04,GOOGL,"135,58","138,33","135,54","137,59","27137700,0"
2024-01-04,ITUB4.SA,"26,29","26,53","26,11","26,47","29243720,0"
2024-01-04,MGLU3.SA,"17,52","18,43","17,25","18,25","13431857,0"
2024-01-04,MSFT,"363,81","368,91","363,05","366,51","20901500,0"
2024-01-04,PETR4.SA,"29,86","30,42","29,77","30,24","45344900,0"
2024-01-05,AAPL,"179,66","181,23","178,66","180,46","62379700,0"
2024-01-05,GOOGL,"134,92","136,34","134,34","135,93","22513900,0"
2024-01-05,ITUB4.SA,"26,91","26,91","26,25","26,27","30499040,0"
2024-01-05,MGLU3.SA,"17,89","18,89","17,34","17,43","15321653,0"
2024-01-05,MSFT,"363,62","367,88","362,39","364,83","21004600,0"
2024-01-05,PETR4.SA,"29,93","30,26","29,69","30,05","35783700,0"
2024-01-08,AAPL,"184,0","184,04","179,98","180,56","59144500,0"
2024-01-08,GOOGL,"138,01","138,18","135,45","135,48","21404000,0"
2024-01-08,ITUB4.SA,"26,62","26,88","26,58","26,76","12991770,0"
2024-01-08,MGLU3.SA,"18,98","18,98","17,71","17,71","14712163,0"
2024-01-08,MSFT,"370,48","370,99","364,87","365,16","23134000,0"
2024-01-08,PETR4.SA,"29,71","29,71","29,07","29,67","35158100,0"
2024-01-09,AAPL,"183,59","183,6","181,2","182,38","42841800,0"
2024-01-09,GOOGL,"140,11","140,65","137,33","137,67","24759600,0"
2024-01-09,ITUB4.SA,"26,6","26,7","26,18","26,51","20833890,0"
2024-01-09,MGLU3.SA,"19,43","19,98","18,52","18,7","17690973,0"
2024-01-09,MSFT,"371,57","371,77","367,02","367,83","20830000,0"
2024-01-09,PETR4.SA,"29,45","29,96","29,4","29,89","27279000,0"
2024-01-10,AAPL,"184,63","184,84","182,38","182,8","46792900,0"
2024-01-10,GOOGL,"141,43","142,15","140,07","140,16","21320200,0"
2024-01-10,ITUB4.SA,"26,58","26,78","26,5","26,51","11089760,0"
2024-01-10,MGLU3.SA,"19,79","19,98","19,07","19,61","13747331,0"
2024-01-10,MSFT,"378,47","379,86","372,1","372,15","25514200,0"
2024-01-10,PETR4.SA,"29,18","29,59","29,0","29,45","27382000,0"
2024-01-11,AAPL,"184,03","185,48","182,08","184,97","49128400,0"
2024-01-11,GOOGL,"141,23","144,35","139,8","142,63","24008700,0"
2024-01-11,ITUB4.SA,"26,63","26,81","26,45","26,51","22441320,0"
2024-01-11,MGLU3.SA,"19,79","20,79","19,43","19,89","18193312,0"
2024-01-11,MSFT,"380,31","386,3","376,11","381,67","27850800,0"
2024-01-11,PETR4.SA,"29,43","29,49","29,14","29,36","26564400,0"
2024-01-12,AAPL,"184,36","185,17","183,64","184,5","40477800,0"
2024-01-12,GOOGL,"141,8","142,35","140,97","141,82","18785500,0"
2024-01-12,ITUB4.SA,"26,66","26,73","26,31","26,55","26804250,0"
2024-01-12,MGLU3.SA,"20,52","21,34","19,79","19,79","24651795,0"
2024-01-12,MSFT,"384,11","384,32","380,33","381,16","21661200,0"
2024-01-12,PETR4.SA,"29,51","29,94","29,51","29,76","24479500,0"
2024-01-15,ITUB4.SA,"26,71","26,8","26,49","26,64","10844240,0"
2024-01-15,MGLU3.SA,"20,7","20,88","20,07","20,79","12061775,0"
2024-01-15,PETR4.SA,"29,82","29,86","29,27","29,37","13818300,0"
2024-01-16,AAPL,"182,09","182,71","179,41","180,63","65603000,0"
2024-01-16,GOOGL,"141,64","143,49","140,61","141,15","22670500,0"
2024-01-16,ITUB4.SA,"26,33","26,8","26,31","26,51","39054620,0"
2024-01-16,MGLU3.SA,"19,79","20,34","19,16","20,25","28001803,0"
2024-01-16,MSFT,"385,89","389,61","383,27","389,24","27202300,0"
2024-01-16,PETR4.SA,"29,45","29,99","29,44","29,85","31277700,0"
2024-01-17,AAPL,"181,15","181,39","178,79","179,75","47317400,0"
2024-01-17,GOOGL,"140,63","140,99","138,07","140,51","20968600,0"
2024-01-17,ITUB4.SA,"26,35","26,47","26,21","26,27","29703740,0"
2024-01-17,MGLU3.SA,"19,52","20,07","19,25","19,7","12730314,0"
2024-01-17,MSFT,"385,1","385,73","380,49","383,63","22234100,0"
2024-01-17,PETR4.SA,"29,28","29,49","29,24","29,35","27577300,0"
2024-01-18,AAPL,"187,05","187,55","184,27","184,53","78005800,0"
2024-01-18,GOOGL,"142,62","143,35","141,14","141,2","25746400,0"
2024-01-18,ITUB4.SA,"26,23","26,51","26,14","26,51","24867920,0"
2024-01-18,MGLU3.SA,"18,16","20,07","18,07","19,79","26242422,0"
2024-01-18,MSFT,"389,45","389,57","385,74","387,32","23392100,0"
2024-01-18,PETR4.SA,"29,17","29,48","29,04","29,48","22987200,0"
2024-01-19,AAPL,"189,95","190,34","187,23","187,74","68903000,0"
2024-01-19,GOOGL,"145,51","145,58","143,52","143,88","34271900,0"
2024-01-19,ITUB4.SA,"26,3","26,38","26,12","26,31","35015640,0"
2024-01-19,MGLU3.SA,"18,43","18,7","17,62","18,34","19991182,0"
2024-01-19,MSFT,"394,2","394,2","389,08","391,32","29331100,0"
2024-01-19,PETR4.SA,"29,01","29,3","28,78","29,23","31745200,0"
2024-01-22,AAPL,"192,26","193,69","190,65","190,69","60133900,0"
2024-01-22,GOOGL,"145,12","147,51","144,97","146,22","32200400,0"
2024-01-22,ITUB4.SA,"25,87","26,48","25,52","26,31","39954530,0"
2024-01-22,MGLU3.SA,"17,71","18,7","17,52","18,61","15418603,0"
2024-01-22,MSFT,"392,06","396,12","389,17","395,53","27016900,0"
2024-01-22,PETR4.SA,"29,14","29,23","28,78","28,99","22753700,0"
2024-01-23,AAPL,"193,54","194,11","192,2","193,38","42355600,0"
2024-01-23,GOOGL,"146,16","146,3","144,63","145,02","21636100,0"
2024-01-23,ITUB4.SA,"25,99","26,04","25,68","26,01","23634490,0"
2024-01-23,MGLU3.SA,"17,62","18,25","17,52","17,89","12007858,0"
2024-01-23,MSFT,"394,42","394,9","389,51","391,31","20525900,0"
2024-01-23,PETR4.SA,"29,51","29,66","28,94","29,25","32498500,0"
2024-01-24,AAPL,"192,87","194,73","192,71","193,78","53631300,0"
2024-01-24,GOOGL,"147,81","148,96","147,22","147,65","25233500,0"
2024-01-24,ITUB4.SA,"25,87","26,4","25,8","26,12","25856490,0"
2024-01-24,MGLU3.SA,"17,43","18,34","17,25","17,98","14291966,0"
2024-01-24,MSFT,"398,04","401,08","395,96","397,03","24867000,0"
2024-01-24,PETR4.SA,"29,28","29,79","29,2","29,6","25415300,0"
2024-01-25,AAPL,"192,54","194,62","191,49","193,58","54822100,0"
2024-01-25,GOOGL,"150,96","152,14","148,65","149,18","29149100,0"
2024-01-25,ITUB4.SA,"25,81","26,08","25,75","26,01","16893140,0"
2024-01-25,MGLU3.SA,"18,8","19,07","17,43","17,62","18522963,0"
2024-01-25,MSFT,"400,33","402,44","398,01","399,78","21021200,0"
2024-01-25,PETR4.SA,"30,37","30,37","29,48","29,58","48655300,0"
2024-01-26,AAPL,"190,8","193,12","190,33","192,64","44594000,0"
2024-01-26,GOOGL,"151,28","151,63","150,11","150,2","26115500,0"
2024-01-26,ITUB4.SA,"26,19","26,27","25,83","25,85","15915900,0"
2024-01-26,MGLU3.SA,"18,89","19,07","18,34","18,98","14432645,0"
2024-01-26,MSFT,"399,4","401,61","397,91","399,83","17803300,0"
2024-01-26,PETR4.SA,"30,89","30,99","30,08","30,23","41378200,0"
2024-01-29,AAPL,"190,12","190,59","187,99","190,4","47145600,0"
2024-01-29,GOOGL,"152,59","152,86","150,53","151,15","27784300,0"
2024-01-29,ITUB4.SA,"26,06","26,25","25,91","26,12","9666140,0"
2024-01-29,MGLU3.SA,"18,8","20,7","18,8","20,34","24167663,0"
2024-01-29,MSFT,"405,12","405,38","399,79","401,5","24510200,0"
2024-01-29,PETR4.SA,"31,36","31,38","30,79","30,92","30547500,0"
2024-01-30,AAPL,"186,46","190,19","185,9","189,34","55859400,0"
2024-01-30,GOOGL,"150,56","152,7","150,29","151,89","36331800,0"
2024-01-30,ITUB4.SA,"25,89","26,14","25,81","26,0","23129480,0"
2024-01-30,MGLU3.SA,"17,98","19,34","17,98","18,7","15419833,0"
2024-01-30,MSFT,"404,0","408,41","401,89","407,63","33477600,0"
2024-01-30,PETR4.SA,"31,17","31,49","30,96","31,05","34829000,0"
2024-01-31,AAPL,"182,85","185,53","182,8","185,47","55467800,0"
2024-01-31,GOOGL,"139,26","143,14","139,04","142,76","71910000,0"
2024-01-31,ITUB4.SA,"26,17","26,61","25,92","25,93","26236760,0"
2024-01-31,MGLU3.SA,"19,07","19,7","18,07","18,16","21118654,0"
2024-01-31,MSFT,"393,12","410,66","392,75","402,39","47871100,0"
2024-01-31,PETR4.SA,"31,51","31,88","31,06","31,1","57978900,0"
2024-02-01,AAPL,"185,29","185,38","182,28","182,45","64885400,0"
2024-02-01,GOOGL,"140,32","142,21","139,95","141,27","40466500,0"
2024-02-01,ITUB4.SA,"26,11","26,41","25,75","26,19","25535400,0"
2024-02-01,MGLU3.SA,"20,0","20,58","19,51","20,48","11963470,0"
2024-02-01,MSFT,"399,25","403,42","397,29","397,32","30657700,0"
2024-02-01,PETR4.SA,"32,14","32,38","31,44","31,53","61629200,0"
2024-02-02,AAPL,"184,29","185,76","177,75","178,35","102551700,0"
2024-02-02,GOOGL,"141,53","141,77","135,69","138,43","62499600,0"
2024-02-02,ITUB4.SA,"26,15","26,27","25,71","26,16","24600840,0"
2024-02-02,MGLU3.SA,"19,12","20,29","19,12","20,0","13149710,0"
2024-02-02,MSFT,"406,6","408,02","399,03","399,28","28256700,0"
2024-02-02,PETR4.SA,"31,72","32,3","31,71","32,14","36485600,0"
2024-02-05,AAPL,"186,1","187,66","184,28","186,57","69668800,0"
2024-02-05,GOOGL,"142,82","144,6","141,93","141,97","38505400,0"
2024-02-05,ITUB4.SA,"26,65","26,66","26,2","26,26","20523690,0"
2024-02-05,MGLU3.SA,"18,93","19,42","18,45","19,03","12867690,0"
2024-02-05,MSFT,"401,1","406,55","399,46","405,3","25352300,0"
2024-02-05,PETR4.SA,"31,86","32,22","31,64","31,7","27703000,0"
2024-02-06,AAPL,"187,71","187,72","185,2","185,29","43490800,0"
2024-02-06,GOOGL,"143,24","144,49","142,34","143,79","29128200,0"
2024-02-06,ITUB4.SA,"27,79","27,85","26,58","26,81","73995350,0"
2024-02-06,MGLU3.SA,"19,9","20,0","19,03","19,12","12277780,0"
2024-02-06,MSFT,"400,94","403,39","398,39","401,32","18382600,0"
2024-02-06,PETR4.SA,"32,15","32,74","31,9","32,04","35474600,0"
2024-02-07,AAPL,"187,82","189,45","187,03","189,04","53439000,0"
2024-02-07,GOOGL,"144,67","144,75","143,07","143,9","25208900,0"
2024-02-07,ITUB4.SA,"27,59","27,85","27,24","27,56","51866100,0"
2024-02-07,MGLU3.SA,"20,19","20,29","19,42","19,71","11982750,0"
2024-02-07,MSFT,"409,4","409,65","402,83","402,87","22340500,0"
2024-02-07,PETR4.SA,"32,62","32,62","32,02","32,1","30648100,0"
2024-02-08,AAPL,"186,74","187,95","185,78","187,8","40962000,0"
2024-02-08,GOOGL,"145,04","145,46","144,23","144,96","22563800,0"
2024-02-08,ITUB4.SA,"27,05","27,83","27,05","27,5","53632260,0"
2024-02-08,MGLU3.SA,"20,1","20,39","19,12","19,9","15472250,0"
2024-02-08,MSFT,"409,46","410,9","407,9","409,4","21225300,0"
2024-02-08,PETR4.SA,"32,36","32,82","32,36","32,7","25589100,0"
2024-02-09,AAPL,"187,5","188,64","186,66","187,3","45155200,0"
2024-02-09,GOOGL,"148,11","148,55","145,31","145,81","26829500,0"
2024-02-09,ITUB4.SA,"27,39","27,49","26,95","27,06","29669970,0"
2024-02-09,MGLU3.SA,"20,19","20,78","19,9","20,1","16483250,0"
2024-02-09,MSFT,"415,83","416,1","410,43","410,59","22032800,0"
2024-02-09,PETR4.SA,"31,93","32,72","31,93","32,58","30388000,0"
2024-02-12,AAPL,"185,82","187,32","185,46","187,08","41781900,0"
2024-02-12,GOOGL,"146,65","148,45","146,49","147,54","21564100,0"
2024-02-12,MSFT,"410,6","416,02","410,09","415,84","21202900,0"
2024-02-13,AAPL,"183,72","184,88","182,2","184,45","56529500,0"
2024-02-13,GOOGL,"144,27","145,8","142,83","144,06","27837700,0"
2024-02-13,MSFT,"401,76","405,47","398,86","400,4","27824900,0"
2024-02-14,AAPL,"182,84","184,21","181,14","184,0","54630500,0"
2024-02-14,GOOGL,"145,07","145,65","143,23","145,21","22704200,0"
2024-02-14,ITUB4.SA,"27,39","27,51","27,26","27,32","13896520,0"
2024-02-14,MGLU3.SA,"19,61","20,29","19,51","20,0","9487890,0"
2024-02-14,MSFT,"405,64","405,99","400,77","404,24","20401200,0"
2024-02-14,PETR4.SA,"31,69","32,0","31,59","31,77","18315300,0"
2024-02-15,AAPL,"182,55","183,17","180,06","182,24","65434500,0"
2024-02-15,GOOGL,"141,92","142,66","139,62","142,29","37590700,0"
2024-02-15,ITUB4.SA,"27,62","27,66","27,27","27,46","31357920,0"
2024-02-15,MGLU3.SA,"20,0","20,19","19,22","19,61","19122440,0"
2024-02-15,MSFT,"402,74","405,29","400,49","404,31","21825500,0"
2024-02-15,PETR4.SA,"32,7","32,7","31,58","31,7","33246400,0"
2024-02-16,AAPL,"181,01","183,53","180,37","182,11","49752500,0"
2024-02-16,GOOGL,"139,68","142,34","139,3","142,14","31468900,0"
2024-02-16,ITUB4.SA,"27,59","27,79","27,38","27,7","25125760,0"
2024-02-16,MGLU3.SA,"19,8","20,29","19,61","20,1","10987470,0"
2024-02-16,MSFT,"400,26","404,45","399,65","404,13","22296500,0"
2024-02-16,PETR4.SA,"33,0","33,16","32,52","32,54","37268900,0"
2024-02-19,ITUB4.SA,"27,89","27,91","27,6","27,62","31102390,0"
2024-02-19,MGLU3.SA,"20,29","20,39","19,61","19,71","7616590,0"
2024-02-19,PETR4.SA,"33,16","33,2","32,9","33,06","12826700,0"
2024-02-20,AAPL,"180,27","181,13","178,72","180,49","53665600,0"
2024-02-20,GOOGL,"140,28","141,23","138,66","138,83","25144700,0"
2024-02-20,ITUB4.SA,"28,5","28,72","27,87","27,87","60527940,0"
2024-02-20,MGLU3.SA,"19,61","20,58","19,51","19,9","17117400,0"
2024-02-20,MSFT,"399,01","400,69","394,27","399,45","24307900,0"
2024-02-20,PETR4.SA,"32,82","33,1","32,55","33,06","42375400,0"
2024-02-21,AAPL,"181,02","181,59","179,37","180,64","41371400,0"
2024-02-21,GOOGL,"141,7","141,84","139,84","140,61","23223300,0"
2024-02-21,ITUB4.SA,"28,34","28,62","28,34","28,48","31247810,0"
2024-02-21,MGLU3.SA,"19,03","19,71","18,93","19,61","30506560,0"
2024-02-21,MSFT,"398,4","398,51","393,49","396,41","18518900,0"
2024-02-21,PETR4.SA,"32,86","33,03","32,57","32,82","20873800,0"
2024-02-22,AAPL,"183,06","183,64","181,16","182,17","52292200,0"
2024-02-22,GOOGL,"143,23","144,14","141,95","144,07","27191900,0"
2024-02-22,ITUB4.SA,"28,18","28,65","28,18","28,63","23606770,0"
2024-02-22,MGLU3.SA,"20,48","20,48","19,22","19,32","22464000,0"
2024-02-22,MSFT,"407,78","408,95","404,73","406,34","27009900,0"
2024-02-22,PETR4.SA,"32,62","32,99","32,31","32,99","32162800,0"
2024-02-23,AAPL,"181,22","183,72","180,93","183,69","45119700,0"
2024-02-23,GOOGL,"143,1","143,82","142,57","142,81","19493800,0"
2024-02-23,ITUB4.SA,"28,26","28,36","27,94","28,21","24976050,0"
2024-02-23,MGLU3.SA,"20,87","20,87","19,9","20,48","10899950,0"
2024-02-23,MSFT,"406,48","411,95","405,13","411,76","16295900,0"
2024-02-23,PETR4.SA,"32,39","32,65","32,17","32,58","43924500,0"
2024-02-26,AAPL,"179,87","181,46","179,36","180,94","40867400,0"
2024-02-26,GOOGL,"136,75","141,59","136,57","141,29","53641800,0"
2024-02-26,ITUB4.SA,"28,35","28,41","28,18","28,29","14909070,0"
2024-02-26,MGLU3.SA,"20,48","21,36","20,29","20,87","9543480,0"
2024-02-26,MSFT,"403,71","408,29","403,53","407,59","16193500,0"
2024-02-26,PETR4.SA,"33,0","33,03","32,34","32,39","25885700,0"
2024-02-27,AAPL,"181,33","182,61","178,28","179,81","54318900,0"
2024-02-27,GOOGL,"138,05","138,42","136,27","137,2","33099200,0"
2024-02-27,ITUB4.SA,"28,69","28,75","28,38","28,56","17283750,0"
2024-02-27,MGLU3.SA,"21,36","21,36","20,68","20,68","10880600,0"
2024-02-27,MSFT,"403,65","404,48","400,06","404,16","14835800,0"
2024-02-27,PETR4.SA,"32,96","33,1","32,76","33,01","27678100,0"
2024-02-28,AAPL,"180,13","181,81","178,85","181,21","48953900,0"
2024-02-28,GOOGL,"135,57","137,19","134,6","137,08","37328600,0"
2024-02-28,ITUB4.SA,"28,71","28,78","28,43","28,63","14681260,0"
2024-02-28,MGLU3.SA,"21,07","21,55","20,68","21,16","8894930,0"
2024-02-28,MSFT,"403,89","405,45","401,51","404,34","13183100,0"
2024-02-28,PETR4.SA,"31,25","33,2","30,79","32,87","112322000,0"
2024-02-29,AAPL,"179,46","181,27","178,25","179,98","136682600,0"
2024-02-29,GOOGL,"137,63","138,03","135,59","136,46","42133000,0"
2024-02-29,ITUB4.SA,"28,0","28,67","27,83","28,6","46677840,0"
2024-02-29,MGLU3.SA,"20,68","21,26","20,68","20,87","7568590,0"
2024-02-29,MSFT,"409,75","410,31","402,11","404,8","31947300,0"
2024-02-29,PETR4.SA,"31,03","31,88","30,81","31,38","61899800,0"
2024-03-01,AAPL,"178,38","179,24","176,12","178,27","73563100,0"
2024-03-01,GOOGL,"136,32","138,04","136,1","137,6","31151100,0"
2024-03-01,ITUB4.SA,"28,12","28,29","27,99","28,16","16039430,0"
2024-03-01,MGLU3.SA,"21,55","21,84","20,68","20,87","11242890,0"
2024-03-01,MSFT,"411,6","411,96","407,02","407,41","17823400,0"
2024-03-01,PETR4.SA,"31,06","31,58","31,03","31,19","31248500,0"
2024-03-04,AAPL,"173,85","175,64","172,55","174,89","81510100,0"
2024-03-04,GOOGL,"132,56","134,85","131,12","134,85","55999400,0"
2024-03-04,ITUB4.SA,"27,91","28,23","27,91","28,13","17159450,0"
2024-03-04,MGLU3.SA,"20,68","21,75","20,39","21,45","10909650,0"
2024-03-04,MSFT,"411,02","413,43","408,45","409,56","17596000,0"
2024-03-04,PETR4.SA,"30,98","31,5","30,94","31,13","21988000,0"
2024-03-05,AAPL,"168,91","170,81","168,41","169,54","95132400,0"
2024-03-05,GOOGL,"131,88","132,45","129,89","131,09","40194800,0"
2024-03-05,ITUB4.SA,"27,88","28,1","27,73","28,0","19944100,0"
2024-03-05,MGLU3.SA,"20,58","21,16","20,48","20,48","8262440,0"
2024-03-05,MSFT,"398,87","410,36","396,88","410,07","26919200,0"
2024-03-05,PETR4.SA,"30,89","31,21","30,62","31,0","30293300,0"
2024-03-06,AAPL,"167,91","170,02","167,48","169,84","68587700,0"
2024-03-06,GOOGL,"130,62","132,78","130,07","132,33","35318600,0"
2024-03-06,ITUB4.SA,"28,19","28,3","27,87","28,03","35539790,0"
2024-03-06,MGLU3.SA,"20,0","20,97","19,71","20,87","12119800,0"
2024-03-06,MSFT,"398,31","401,35","394,65","399,18","22344100,0"
2024-03-06,PETR4.SA,"31,57","31,57","31,01","31,08","45481000,0"
2024-03-07,AAPL,"167,8","169,51","167,29","167,94","71765100,0"
2024-03-07,GOOGL,"133,58","134,14","130,83","132,0","37738200,0"
2024-03-07,ITUB4.SA,"27,89","28,34","27,65","28,1","18183550,0"
2024-03-07,MGLU3.SA,"19,8","20,19","19,71","20,1","5428250,0"
2024-03-07,MSFT,"405,3","405,93","398,46","402,3","18718500,0"
2024-03-07,PETR4.SA,"31,22","31,65","31,14","31,42","50199800,0"
2024-03-08,AAPL,"169,51","172,46","167,74","167,8","76267000,0"
2024-03-08,GOOGL,"134,6","137,27","133,2","133,41","39370400,0"
2024-03-08,ITUB4.SA,"28,15","28,28","27,77","27,8","19058380,0"
2024-03-08,MGLU3.SA,"19,9","20,1","19,51","19,61","5635940,0"
2024-03-08,MSFT,"402,4","406,56","400,53","404,13","18002200,0"
2024-03-08,PETR4.SA,"28,37","28,65","27,13","27,75","230369800,0"
2024-03-11,AAPL,"171,52","173,14","170,82","171,71","60139500,0"
2024-03-11,GOOGL,"136,85","138,27","135,32","135,32","32437800,0"
2024-03-11,ITUB4.SA,"28,29","28,29","28,06","28,07","22199430,0"
2024-03-11,MGLU3.SA,"19,42","20,0","19,42","19,8","5815220,0"
2024-03-11,MSFT,"400,72","401,87","397,49","399,97","16120800,0"
2024-03-11,PETR4.SA,"27,56","29,18","27,29","27,58","127528700,0"
2024-03-12,AAPL,"171,99","172,79","169,79","171,92","59825400,0"
2024-03-12,GOOGL,"137,67","138,55","136,21","136,21","27563400,0"
2024-03-12,ITUB4.SA,"28,4","28,57","28,17","28,44","23722820,0"
2024-03-12,MGLU3.SA,"19,61","19,9","19,22","19,71","8133600,0"
2024-03-12,MSFT,"411,38","411,67","402,97","403,79","22457000,0"
2024-03-12,PETR4.SA,"28,46","28,78","27,95","28,1","76139100,0"
2024-03-13,AAPL,"169,91","171,96","169,54","171,54","52488700,0"
2024-03-13,GOOGL,"138,96","140,25","138,16","138,17","23347200,0"
2024-03-13,ITUB4.SA,"28,68","28,82","28,23","28,32","29334910,0"
2024-03-13,MGLU3.SA,"19,71","20,19","19,22","19,61","8056880,0"
2024-03-13,MSFT,"411,2","414,25","407,58","414,17","17115900,0"
2024-03-13,PETR4.SA,"28,12","28,86","28,07","28,53","45140600,0"
2024-03-14,AAPL,"171,77","173,07","170,82","171,68","72913500,0"
2024-03-14,GOOGL,"142,25","142,73","139,62","140,35","42753400,0"
2024-03-14,ITUB4.SA,"28,67","28,83","28,52","28,72","31440530,0"
2024-03-14,MGLU3.SA,"19,51","20,1","19,32","19,9","8019010,0"
2024-03-14,MSFT,"421,22","423,8","414,06","416,29","34157300,0"
2024-03-14,PETR4.SA,"28,0","28,54","27,95","28,4","39983400,0"
2024-03-15,AAPL,"171,39","171,39","169,08","169,95","121752700,0"
2024-03-15,GOOGL,"140,34","142,33","139,2","141,65","49475400,0"
2024-03-15,ITUB4.SA,"28,51","28,81","28,39","28,78","41337340,0"
2024-03-15,MGLU3.SA,"19,03","19,61","18,83","19,61","14197070,0"
2024-03-15,MSFT,"412,51","418,63","408,91","415,35","45079900,0"
2024-03-15,PETR4.SA,"28,08","28,18","27,78","28,06","59362500,0"
2024-03-18,AAPL,"172,48","176,44","172,28","174,32","75604200,0"
2024-03-18,GOOGL,"146,8","151,24","146,29","147,72","69273700,0"
2024-03-18,ITUB4.SA,"28,62","28,85","28,38","28,62","14244670,0"
2024-03-18,MGLU3.SA,"20,39","20,48","19,22","19,32","21177670,0"
2024-03-18,MSFT,"413,4","416,78","409,89","410,36","20106000,0"
2024-03-18,PETR4.SA,"28,09","28,39","27,44","28,15","35326100,0"
2024-03-19,AAPL,"174,82","175,35","171,8","173,1","55215200,0"
2024-03-19,GOOGL,"146,15","147,9","145,21","147,28","24070400,0"
2024-03-19,ITUB4.SA,"28,67","28,77","28,59","28,69","11586630,0"
2024-03-19,MGLU3.SA,"19,12","21,36","18,93","20,97","38788340,0"
2024-03-19,MSFT,"417,45","417,71","411,65","413,9","19837900,0"
2024-03-19,PETR4.SA,"27,88","28,49","27,49","28,13","48540800,0"
2024-03-20,AAPL,"177,4","177,4","173,84","174,47","53423100,0"
2024-03-20,GOOGL,"147,85","147,97","145,87","147,12","21311500,0"
2024-03-20,ITUB4.SA,"28,72","28,89","28,53","28,67","19183670,0"
2024-03-20,MGLU3.SA,"19,9","20,19","18,93","19,42","21046950,0"
2024-03-20,MSFT,"421,23","421,96","416,71","418,04","17860100,0"
2024-03-20,PETR4.SA,"28,37","28,4","27,68","28,01","39017900,0"
2024-03-21,AAPL,"170,15","176,22","169,62","175,79","106181300,0"
2024-03-21,GOOGL,"146,72","149,47","146,02","148,58","24755600,0"
2024-03-21,ITUB4.SA,"28,43","28,83","28,29","28,72","36926560,0"
2024-03-21,MGLU3.SA,"19,32","19,9","19,03","19,8","12694210,0"
2024-03-21,MSFT,"425,34","426,77","423,15","425,79","21296200,0"
2024-03-21,PETR4.SA,"27,6","28,65","27,58","28,49","47220200,0"
2024-03-22,AAPL,"171,05","171,82","168,85","170,54","71160100,0"
2024-03-22,GOOGL,"149,87","150,68","148,09","148,23","29211800,0"
2024-03-22,ITUB4.SA,"28,03","28,43","27,94","28,35","12761980,0"
2024-03-22,MGLU3.SA,"18,64","19,12","17,57","19,03","21362000,0"
2024-03-22,MSFT,"424,71","425,82","422,07","425,66","17648500,0"
2024-03-22,PETR4.SA,"27,87","28,0","27,39","27,75","34426800,0"
2024-03-25,AAPL,"169,63","170,71","168,24","169,35","54288300,0"
2024-03-25,GOOGL,"149,18","149,48","146,94","149,05","19229300,0"
2024-03-25,ITUB4.SA,"28,03","28,05","27,89","27,96","13441450,0"
2024-03-25,MGLU3.SA,"18,54","18,83","17,96","18,64","15524370,0"
2024-03-25,MSFT,"418,89","423,39","417,65","421,24","18060500,0"
2024-03-25,PETR4.SA,"28,29","28,47","27,95","27,97","26951500,0"
2024-03-26,AAPL,"168,5","170,2","168,37","168,79","57388400,0"
2024-03-26,GOOGL,"149,77","151,35","149,09","149,32","22149100,0"
2024-03-26,ITUB4.SA,"28,59","28,59","27,91","28,0","18701760,0"
2024-03-26,MGLU3.SA,"17,28","18,54","17,28","18,45","16023140,0"
2024-03-26,MSFT,"417,69","421,99","417,39","421,61","16725600,0"
2024-03-26,PETR4.SA,"28,03","28,35","27,96","28,35","24837800,0"
2024-03-27,AAPL,"172,07","172,36","168,9","169,19","60273300,0"
2024-03-27,GOOGL,"149,97","150,74","148,01","150,28","22879200,0"
2024-03-27,ITUB4.SA,"28,74","28,83","28,39","28,51","18833760,0"
2024-03-27,MGLU3.SA,"17,67","17,77","16,7","17,28","14272820,0"
2024-03-27,MSFT,"417,47","420,46","415,07","420,45","16705000,0"
2024-03-27,PETR4.SA,"28,26","28,34","27,92","28,05","19995700,0"
2024-03-28,AAPL,"170,26","171,0","169,29","170,53","65672700,0"
2024-03-28,GOOGL,"150,03","150,53","149,27","149,95","24485400,0"
2024-03-28,ITUB4.SA,"28,79","28,92","28,59","28,74","18362630,0"
2024-03-28,MGLU3.SA,"17,47","17,96","17,38","17,57","10434580,0"
2024-03-28,MSFT,"416,77","417,91","415,18","417,0","21871200,0"
2024-03-28,PETR4.SA,"28,88","29,01","28,19","28,22","31958200,0"
2024-04-01,AAPL,"168,82","170,03","168,27","169,97","46240500,0"
2024-04-01,GOOGL,"154,56","154,81","149,71","149,79","31730800,0"
2024-04-01,ITUB4.SA,"27,81","28,93","27,8","28,76","34568160,0"
2024-04-01,MGLU3.SA,"17,28","17,77","17,09","17,57","4753830,0"
2024-04-01,MSFT,"420,58","423,87","418,25","419,97","16316000,0"
2024-04-01,PETR4.SA,"29,11","29,15","28,77","28,99","23697800,0"
2024-04-02,AAPL,"167,64","168,13","167,03","167,87","49329500,0"
2024-04-02,GOOGL,"153,64","153,78","151,24","152,58","24586000,0"
2024-04-02,ITUB4.SA,"27,84","27,91","27,56","27,82","19894820,0"
2024-04-02,MGLU3.SA,"16,89","17,28","16,7","17,18","6962710,0"
2024-04-02,MSFT,"417,48","418,41","413,91","416,16","17912000,0"
2024-04-02,PETR4.SA,"29,86","29,88","29,2","29,24","45930700,0"
2024-04-03,AAPL,"168,44","169,46","167,38","167,59","47691700,0"
2024-04-03,GOOGL,"154,0","154,16","151,82","152,68","24705000,0"
2024-04-03,ITUB4.SA,"27,64","27,93","27,45","27,81","32791660,0"
2024-04-03,MGLU3.SA,"16,41","16,89","15,92","16,79","16070130,0"
2024-04-03,MSFT,"416,5","419,28","415,15","415,79","16502300,0"
2024-04-03,PETR4.SA,"29,7","30,16","29,55","29,92","31437200,0"
2024-04-04,AAPL,"167,62","170,69","167,62","169,08","53704400,0"
2024-04-04,GOOGL,"149,63","153,85","149,55","152,58","34724700,0"
2024-04-04,ITUB4.SA,"27,27","28,02","27,12","27,75","52541060,0"
2024-04-04,MGLU3.SA,"17,18","17,86","16,5","16,6","15921330,0"
2024-04-04,MSFT,"413,95","424,64","413,65","421,0","19370900,0"
2024-04-04,PETR4.SA,"29,36","30,52","28,94","29,74","165566800,0"
2024-04-05,AAPL,"168,37","169,18","167,75","168,38","42104800,0"
2024-04-05,GOOGL,"151,59","152,51","148,71","149,14","23459200,0"
2024-04-05,ITUB4.SA,"27,22","27,44","27,05","27,28","27437960,0"
2024-04-05,MGLU3.SA,"16,6","17,18","16,41","17,09","9252580,0"
2024-04-05,MSFT,"421,52","422,5","414,39","416,06","16554800,0"
2024-04-05,PETR4.SA,"29,45","29,82","28,73","29,3","65469200,0"
2024-04-08,AAPL,"167,25","167,99","167,04","167,82","37425500,0"
2024-04-08,GOOGL,"153,93","154,34","151,7","151,87","20702000,0"
2024-04-08,ITUB4.SA,"27,63","27,89","27,35","27,41","18734870,0"
2024-04-08,MGLU3.SA,"17,28","17,67","16,6","16,6","10233010,0"
2024-04-08,MSFT,"420,6","423,27","419,32","421,18","14272400,0"
2024-04-08,PETR4.SA,"29,86","30,2","29,17","29,4","36384400,0"
2024-04-09,AAPL,"168,46","168,87","167,15","167,5","42373800,0"
2024-04-09,GOOGL,"155,67","157,61","154,26","155,16","31079500,0"
2024-04-09,ITUB4.SA,"27,92","27,97","27,68","27,76","19590890,0"
2024-04-09,MGLU3.SA,"17,67","17,77","17,09","17,38","6888800,0"
2024-04-09,MSFT,"422,27","423,72","417,66","422,43","12496900,0"
2024-04-09,PETR4.SA,"29,94","30,26","29,42","30,07","36989300,0"
2024-04-10,AAPL,"166,58","167,88","165,92","167,6","49709300,0"
2024-04-10,GOOGL,"155,21","155,68","153,76","155,28","22838600,0"
2024-04-10,ITUB4.SA,"27,33","27,86","27,18","27,82","30345040,0"
2024-04-10,MGLU3.SA,"17,18","17,47","16,89","17,28","8808640,0"
2024-04-10,MSFT,"419,28","420,05","415,76","418,22","16216600,0"
2024-04-10,PETR4.SA,"30,61","30,71","29,89","29,94","55821500,0"
2024-04-11,AAPL,"173,79","174,21","166,96","167,14","91070300,0"
2024-04-11,GOOGL,"158,46","158,73","155,53","155,97","27166400,0"
2024-04-11,ITUB4.SA,"27,28","27,39","27,07","27,21","20085560,0"
2024-04-11,MGLU3.SA,"16,79","17,47","16,6","17,09","9889330,0"
2024-04-11,MSFT,"423,91","425,34","418,39","421,82","17966400,0"
2024-04-11,PETR4.SA,"30,38","30,74","30,3","30,61","33195300,0"
2024-04-12,AAPL,"175,29","177,09","172,97","173,02","101670900,0"
2024-04-12,GOOGL,"156,79","159,26","156,2","157,02","25353700,0"
2024-04-12,ITUB4.SA,"27,0","27,22","26,94","27,2","25088580,0"
2024-04-12,MGLU3.SA,"16,12","16,79","16,02","16,79","8806720,0"
2024-04-12,MSFT,"417,94","421,19","415,83","420,07","19253800,0"
2024-04-12,PETR4.SA,"30,1","30,96","29,92","30,71","39613500,0"
2024-04-15,AAPL,"171,46","175,37","171,27","174,11","73531800,0"
2024-04-15,GOOGL,"153,94","158,29","153,67","157,91","27136500,0"
2024-04-15,ITUB4.SA,"26,54","27,14","26,44","27,0","34782220,0"
2024-04-15,MGLU3.SA,"14,85","16,12","14,76","16,12","18345150,0"
2024-04-15,MSFT,"409,75","422,81","409,55","422,59","20273500,0"
2024-04-15,PETR4.SA,"30,39","30,5","29,86","30,1","28692000,0"
2024-04-16,AAPL,"168,17","172,52","167,07","170,53","73711200,0"
2024-04-16,GOOGL,"153,48","154,72","152,52","153,27","20779500,0"
2024-04-16,ITUB4.SA,"26,34","26,51","26,1","26,37","33859870,0"
2024-04-16,MGLU3.SA,"14,76","15,24","14,08","14,46","23922440,0"
2024-04-16,MSFT,"410,68","414,47","409,84","410,67","16765600,0"
2024-04-16,PETR4.SA,"30,53","30,7","30,11","30,16","37303000,0"
2024-04-17,AAPL,"166,8","169,43","166,8","168,4","50901200,0"
2024-04-17,GOOGL,"154,54","156,14","153,66","154,69","21763100,0"
2024-04-17,ITUB4.SA,"26,36","26,42","26,1","26,36","27870040,0"
2024-04-17,MGLU3.SA,"14,76","15,34","14,46","15,14","12675440,0"
2024-04-17,MSFT,"407,97","414,94","406,47","413,33","15855500,0"
2024-04-17,PETR4.SA,"30,75","30,88","30,41","30,53","39221700,0"
2024-04-18,AAPL,"165,85","167,44","165,36","166,83","43122900,0"
2024-04-18,GOOGL,"155,08","156,0","153,7","154,41","19883000,0"
2024-04-18,ITUB4.SA,"26,39","26,61","26,08","26,41","23867580,0"
2024-04-18,MGLU3.SA,"14,56","15,14","14,56","14,76","9677420,0"
2024-04-18,MSFT,"400,47","408,02","400,15","406,77","21029900,0"
2024-04-18,PETR4.SA,"30,81","31,38","30,65","30,92","45078800,0"
2024-04-19,AAPL,"163,82","165,21","162,91","165,02","68149400,0"
2024-04-19,GOOGL,"153,17","155,43","151,39","155,27","32615600,0"
2024-04-19,ITUB4.SA,"26,24","26,59","26,16","26,43","29608700,0"
2024-04-19,MGLU3.SA,"14,95","15,53","14,46","14,56","12259250,0"
2024-04-19,MSFT,"395,37","401,67","394,03","400,23","30565800,0"
2024-04-19,PETR4.SA,"31,33","31,75","30,8","30,96","80546900,0"
2024-04-22,AAPL,"164,66","166,07","163,6","164,34","48116400,0"
2024-04-22,GOOGL,"155,35","156,7","153,14","153,39","26446200,0"
2024-04-22,ITUB4.SA,"26,22","26,4","26,01","26,31","23887160,0"
2024-04-22,MGLU3.SA,"14,85","15,14","14,56","14,95","11151190,0"
2024-04-22,MSFT,"397,19","399,07","392,03","396,32","20286900,0"
2024-04-22,PETR4.SA,"32,08","32,15","31,32","31,51","51775500,0"
2024-04-23,AAPL,"165,71","165,86","163,74","164,17","49537800,0"
2024-04-23,GOOGL,"157,32","158,02","155,35","156,02","21151600,0"
2024-04-23,ITUB4.SA,"26,61","26,87","26,11","26,11","51560300,0"
2024-04-23,MGLU3.SA,"13,98","14,85","13,79","14,76","13743440,0"
2024-04-23,MSFT,"403,74","404,36","399,27","400,44","15734500,0"
2024-04-23,PETR4.SA,"32,02","32,18","31,66","32,0","35456900,0"
2024-04-24,AAPL,"167,81","168,09","165,02","165,35","48251800,0"
2024-04-24,GOOGL,"158,18","158,62","156,23","156,55","22779100,0"
2024-04-24,ITUB4.SA,"26,5","26,69","26,3","26,61","26589750,0"
2024-04-24,MGLU3.SA,"13,88","13,98","13,2","13,88","13798150,0"
2024-04-24,MSFT,"405,22","408,59","402,96","405,71","15065300,0"
2024-04-24,PETR4.SA,"31,87","32,46","31,86","32,12","45388300,0"
2024-04-25,AAPL,"168,68","169,39","166,95","168,32","50558300,0"
2024-04-25,GOOGL,"155,07","155,56","149,97","150,43","57109700,0"
2024-04-25,ITUB4.SA,"26,35","26,61","26,16","26,43","22404250,0"
2024-04-25,MGLU3.SA,"13,49","13,59","13,2","13,59","9944620,0"
2024-04-25,MSFT,"395,29","396,13","384,38","390,33","40586500,0"
2024-04-25,PETR4.SA,"32,64","32,84","31,76","32,0","66372400,0"
2024-04-26,AAPL,"168,09","170,12","167,97","168,67","44838400,0"
2024-04-26,GOOGL,"170,92","173,67","168,64","173,33","64665300,0"
2024-04-26,ITUB4.SA,"26,79","26,9","26,38","26,46","29866980,0"
2024-04-26,MGLU3.SA,"13,88","13,98","13,59","13,69","8577870,0"
2024-04-26,MSFT,"402,5","409,12","401,95","408,3","29694700,0"
2024-04-26,PETR4.SA,"33,1","33,2","32,64","32,81","31899100,0"
2024-04-29,AAPL,"172,26","174,77","171,87","172,13","68169400,0"
2024-04-29,GOOGL,"165,16","168,54","164,23","168,05","45610000,0"
2024-04-29,ITUB4.SA,"26,58","26,86","26,37","26,82","24291630,0"
2024-04-29,MGLU3.SA,"14,08","14,56","13,59","13,88","10336980,0"
2024-04-29,MSFT,"398,47","402,5","395,44","401,44","19582100,0"
2024-04-29,PETR4.SA,"33,5","33,5","32,84","32,96","27886000,0"
2024-04-30,AAPL,"169,12","173,74","168,79","172,09","65934800,0"
2024-04-30,GOOGL,"161,81","167,1","161,63","164,62","33562900,0"
2024-04-30,ITUB4.SA,"26,08","26,78","26,08","26,54","51595610,0"
2024-04-30,MGLU3.SA,"13,2","14,08","13,01","13,88","10496620,0"
2024-04-30,MSFT,"385,67","398,38","385,51","397,72","28781400,0"
2024-04-30,PETR4.SA,"33,39","33,54","33,08","33,38","36635400,0"
2024-05-01,AAPL,"168,09","171,48","167,9","168,37","50383100,0"
2024-05-01,GOOGL,"162,88","166,12","162,12","163,32","33493200,0"
2024-05-01,MSFT,"391,23","397,95","386,64","388,92","23562500,0"
2024-05-02,AAPL,"171,8","172,18","169,67","171,28","94214900,0"
2024-05-02,GOOGL,"165,63","165,74","162,91","163,81","24294500,0"
2024-05-02,ITUB4.SA,"26,46","26,72","26,23","26,56","30730150,0"
2024-05-02,MGLU3.SA,"14,17","14,37","13,49","13,59","12994830,0"
2024-05-02,MSFT,"394,1","396,17","390,94","393,92","17709400,0"
2024-05-02,PETR4.SA,"33,52","33,68","33,25","33,58","33244700,0"
2024-05-03,AAPL,"182,07","185,67","181,36","185,32","163224100,0"
2024-05-03,GOOGL,"166,24","166,96","162,08","166,56","34662400,0"
2024-05-03,ITUB4.SA,"26,79","27,12","26,69","26,84","31811340,0"
2024-05-03,MGLU3.SA,"15,24","15,34","14,56","14,56","17346750,0"
2024-05-03,MSFT,"402,84","403,32","398,08","398,5","17446700,0"
2024-05-03,PETR4.SA,"33,09","33,76","32,73","33,76","45114200,0"
2024-05-06,AAPL,"180,41","182,89","179,13","181,05","78569700,0"
2024-05-06,GOOGL,"167,1","167,14","165,04","166,46","21871300,0"
2024-05-06,ITUB4.SA,"26,96","27,19","26,71","26,78","20485740,0"
2024-05-06,MGLU3.SA,"15,24","15,63","14,95","15,34","9716630,0"
2024-05-06,MSFT,"409,65","410,04","402,55","404,92","16996600,0"
2024-05-06,PETR4.SA,"33,32","33,48","32,95","33,08","22977200,0"
2024-05-07,AAPL,"181,1","183,58","180,03","182,14","77305800,0"
2024-05-07,GOOGL,"170,23","170,74","167,39","167,5","28039700,0"
2024-05-07,ITUB4.SA,"27,52","27,66","26,78","27,04","42333390,0"
2024-05-07,MGLU3.SA,"15,63","16,02","15,24","15,34","8309740,0"
2024-05-07,MSFT,"405,49","410,77","405,25","410,76","20018200,0"
2024-05-07,PETR4.SA,"33,73","33,73","33,19","33,31","23808600,0"
2024-05-08,AAPL,"181,44","181,76","180,16","181,55","45057100,0"
2024-05-08,GOOGL,"168,37","169,14","167,73","167,99","19569100,0"
2024-05-08,ITUB4.SA,"27,69","27,77","27,14","27,32","26914030,0"
2024-05-08,MGLU3.SA,"16,02","16,21","15,05","15,24","8003870,0"
2024-05-08,MSFT,"406,68","408,36","402,89","404,34","11792300,0"
2024-05-08,PETR4.SA,"34,24","34,29","33,44","33,48","25352000,0"
2024-05-09,AAPL,"183,25","183,34","180,81","181,26","48983000,0"
2024-05-09,GOOGL,"168,95","169,67","167,18","168,38","15346700,0"
2024-05-09,ITUB4.SA,"26,86","27,43","26,84","27,37","30909890,0"
2024-05-09,MGLU3.SA,"16,21","16,5","15,14","15,53","16334260,0"
2024-05-09,MSFT,"408,45","408,84","405,26","406,71","14689700,0"
2024-05-09,PETR4.SA,"34,57","34,71","33,97","34,07","27206400,0"
2024-05-10,AAPL,"181,99","184,02","181,08","183,83","50759500,0"
2024-05-10,GOOGL,"167,64","168,84","165,2","167,03","29799900,0"
2024-05-10,ITUB4.SA,"27,17","27,48","26,89","26,9","25673010,0"
2024-05-10,MGLU3.SA,"14,95","16,99","14,85","16,89","25349350,0"
2024-05-10,MSFT,"410,84","411,48","407,93","409,06","13402300,0"
2024-05-10,PETR4.SA,"34,5","34,92","34,43","34,71","27968700,0"
2024-05-13,AAPL,"185,2","186,02","183,55","184,37","72044800,0"
2024-05-13,GOOGL,"168,13","168,27","163,02","163,28","31327600,0"
2024-05-13,ITUB4.SA,"27,5","27,61","27,23","27,3","25889710,0"
2024-05-13,MGLU3.SA,"15,34","15,73","14,85","15,05","12354930,0"
2024-05-13,MSFT,"409,83","414,42","406,96","414,08","15440200,0"
2024-05-13,PETR4.SA,"34,53","34,82","34,44","34,63","18394300,0"
2024-05-14,AAPL,"186,35","187,21","185,21","186,43","52393600,0"
2024-05-14,GOOGL,"169,32","170,23","167,79","168,76","25127100,0"
2024-05-14,ITUB4.SA,"27,8","27,93","27,3","27,31","33492580,0"
2024-05-14,MGLU3.SA,"15,34","15,92","15,14","15,24","13822120,0"
2024-05-14,MSFT,"412,65","413,57","407,68","408,15","15109300,0"
2024-05-14,PETR4.SA,"33,91","34,26","33,32","33,82","53613200,0"
2024-05-15,AAPL,"188,62","189,55","186,29","186,82","70400000,0"
2024-05-15,GOOGL,"171,48","171,62","169,49","169,61","26948400,0"
2024-05-15,ITUB4.SA,"27,73","27,93","27,61","27,88","23172490,0"
2024-05-15,MGLU3.SA,"15,63","15,92","15,14","15,24","12807130,0"
2024-05-15,MSFT,"419,86","420,59","414,1","414,72","22239500,0"
2024-05-15,PETR4.SA,"31,86","32,2","31,11","31,19","131281100,0"
2024-05-16,AAPL,"188,74","189,99","188,56","189,37","52845200,0"
2024-05-16,GOOGL,"173,14","174,08","171,66","172,26","27867900,0"
2024-05-16,ITUB4.SA,"27,64","27,98","27,56","27,85","19683840,0"
2024-05-16,MGLU3.SA,"15,44","15,82","15,34","15,82","6777850,0"
2024-05-16,MSFT,"417,79","422,18","417,15","418,59","17530100,0"
2024-05-16,PETR4.SA,"30,93","32,07","30,9","31,78","83168500,0"
2024-05-17,AAPL,"188,77","189,71","188,09","188,41","41282900,0"
2024-05-17,GOOGL,"175,01","175,22","172,65","173,14","24479300,0"
2024-05-17,ITUB4.SA,"27,65","27,77","27,51","27,59","20451640,0"
2024-05-17,MGLU3.SA,"15,44","15,73","15,14","15,44","11386760,0"
2024-05-17,MSFT,"417,01","419,7","414,85","419,33","15352200,0"
2024-05-17,PETR4.SA,"30,44","31,05","30,29","30,99","67207900,0"
2024-05-20,AAPL,"189,94","190,81","187,92","188,24","44361300,0"
2024-05-20,GOOGL,"175,87","177,7","175,03","175,14","22554400,0"
2024-05-20,ITUB4.SA,"27,57","27,79","27,46","27,62","17237990,0"
2024-05-20,MGLU3.SA,"15,24","15,73","15,14","15,24","8996570,0"
2024-05-20,MSFT,"422,1","423,52","416,79","417,01","16272100,0"
2024-05-20,PETR4.SA,"30,49","30,9","30,39","30,47","40400400,0"
2024-05-21,AAPL,"191,24","191,62","189,82","189,98","42309400,0"
2024-05-21,GOOGL,"176,79","177,09","174,76","175,85","16989400,0"
2024-05-21,ITUB4.SA,"27,43","27,69","27,32","27,6","18149780,0"
2024-05-21,MGLU3.SA,"15,05","15,44","14,56","15,14","9103480,0"
2024-05-21,MSFT,"425,78","429,68","421,62","423,58","21453300,0"
2024-05-21,PETR4.SA,"30,43","30,77","30,34","30,52","27967400,0"
2024-05-22,AAPL,"189,8","191,7","189,17","191,16","34648500,0"
2024-05-22,GOOGL,"175,33","176,09","174,17","175,59","17880000,0"
2024-05-22,ITUB4.SA,"27,0","27,34","26,89","27,29","23093950,0"
2024-05-22,MGLU3.SA,"14,27","14,85","14,27","14,85","10439310,0"
2024-05-22,MSFT,"427,24","429,12","423,88","426,82","18073700,0"
2024-05-22,PETR4.SA,"30,85","31,08","30,21","30,28","36528800,0"
2024-05-23,AAPL,"185,8","189,9","185,55","189,88","51005900,0"
2024-05-23,GOOGL,"172,52","177,19","171,92","176,01","21024900,0"
2024-05-23,ITUB4.SA,"26,76","26,99","26,67","26,96","21157620,0"
2024-05-23,MGLU3.SA,"13,79","14,46","13,59","14,27","10312140,0"
2024-05-23,MSFT,"423,75","430,3","422,18","429,68","17211700,0"
2024-05-23,PETR4.SA,"30,54","31,29","30,34","31,06","47987800,0"
2024-05-24,AAPL,"188,88","189,48","186,95","187,73","36327000,0"
2024-05-24,GOOGL,"173,95","174,72","172,61","173,94","16579400,0"
2024-05-24,ITUB4.SA,"26,5","26,83","26,4","26,81","22755370,0"
2024-05-24,MGLU3.SA,"12,81","13,69","12,81","13,59","25575920,0"
2024-05-24,MSFT,"426,89","427,78","421,18","423,94","11855300,0"
2024-05-24,PETR4.SA,"30,37","30,85","30,34","30,75","23684700,0"
2024-05-27,ITUB4.SA,"26,41","26,52","26,3","26,5","13244220,0"
2024-05-27,MGLU3.SA,"12,77","12,8","11,97","12,46","27976500,0"
2024-05-27,PETR4.SA,"30,71","30,76","30,44","30,46","13623300,0"
2024-05-28,AAPL,"188,89","191,88","188,01","190,4","52280100,0"
2024-05-28,GOOGL,"175,35","176,21","173,33","173,41","20572200,0"
2024-05-28,ITUB4.SA,"26,27","26,74","26,21","26,74","27612090,0"
2024-05-28,MGLU3.SA,"11,93","13,18","11,92","12,91","21354000,0"
2024-05-28,MSFT,"427,05","427,54","423,35","426,36","15718000,0"
2024-05-28,PETR4.SA,"31,36","31,77","31,04","31,06","46437700,0"
2024-05-29,AAPL,"189,19","191,14","188,41","188,51","53068000,0"
2024-05-29,GOOGL,"174,85","175,79","173,68","174,38","23388700,0"
2024-05-29,ITUB4.SA,"26,09","26,24","25,75","26,1","27328840,0"
2024-05-29,MGLU3.SA,"11,73","12,26","11,73","11,89","17898100,0"
2024-05-29,MSFT,"425,9","427,66","422,45","422,45","15517100,0"
2024-05-29,PETR4.SA,"31,32","31,46","31,06","31,29","29246800,0"
2024-05-30,AAPL,"190,18","191,07","189,53","189,66","49889100,0"
2024-05-30,GOOGL,"171,08","174,18","170,77","174,16","22931500,0"
2024-05-30,MSFT,"411,51","421,07","411,09","421,07","28394500,0"
2024-05-31,AAPL,"191,14","191,46","188,81","190,33","75158300,0"
2024-05-31,GOOGL,"171,47","172,03","168,43","170,84","37638900,0"
2024-05-31,ITUB4.SA,"25,82","26,14","25,8","26,08","37694910,0"
2024-05-31,MGLU3.SA,"12,03","12,03","11,07","11,73","63751700,0"
2024-05-31,MSFT,"411,97","413,58","401,43","413,58","47995300,0"
2024-05-31,PETR4.SA,"32,18","32,26","31,44","31,47","53929400,0"
2024-06-03,AAPL,"192,91","193,86","191,41","191,78","50080500,0"
2024-06-03,GOOGL,"172,14","173,49","170,14","171,51","27459100,0"
2024-06-03,ITUB4.SA,"26,19","26,35","25,89","25,94","25000250,0"
2024-06-03,MGLU3.SA,"12,31","12,57","11,75","12,03","18347100,0"
2024-06-03,MSFT,"410,37","413,26","405,81","412,37","17484700,0"
2024-06-03,PETR4.SA,"32,01","32,3","31,89","32,22","43454500,0"
2024-06-04,AAPL,"193,23","194,19","191,91","193,51","47471400,0"
2024-06-04,GOOGL,"172,75","172,81","170,87","172,25","26879600,0"
2024-06-04,ITUB4.SA,"26,28","26,37","25,95","26,09","24430780,0"
2024-06-04,MGLU3.SA,"11,31","12,48","11,29","12,33","20924100,0"
2024-06-04,MSFT,"412,9","413,27","406,56","409,29","14348900,0"
2024-06-04,PETR4.SA,"31,65","31,88","31,28","31,86","34090200,0"
2024-06-05,AAPL,"194,74","195,76","193,74","194,27","54156800,0"
2024-06-05,GOOGL,"174,36","175,6","172,89","174,16","22068500,0"
2024-06-05,ITUB4.SA,"26,23","26,34","26,09","26,19","24552220,0"
2024-06-05,MGLU3.SA,"11,83","11,98","11,18","11,31","22581900,0"
2024-06-05,MSFT,"420,78","420,85","413,13","414,63","16988000,0"
2024-06-05,PETR4.SA,"31,69","31,88","31,58","31,74","18627100,0"
2024-06-06,AAPL,"193,36","195,36","193,05","194,56","41181800,0"
2024-06-06,GOOGL,"175,68","176,09","174,7","174,85","23251000,0"
2024-06-06,ITUB4.SA,"26,56","26,64","26,19","26,24","14182520,0"
2024-06-06,MGLU3.SA,"12,33","12,51","11,9","11,96","22888600,0"
2024-06-06,MSFT,"421,29","422,07","417,38","420,78","14861300,0"
2024-06-06,PETR4.SA,"31,84","32,12","31,75","31,76","25944100,0"
2024-06-07,AAPL,"195,75","195,8","193,02","193,52","53103900,0"
2024-06-07,GOOGL,"173,42","176,81","173,26","175,99","19661400,0"
2024-06-07,ITUB4.SA,"26,19","26,48","26,09","26,29","25564330,0"
2024-06-07,MGLU3.SA,"11,4","12,23","11,4","11,97","20317800,0"
2024-06-07,MSFT,"420,63","423,04","419,78","422,96","13621700,0"
2024-06-07,PETR4.SA,"30,65","31,92","30,58","31,71","46003600,0"
2024-06-10,AAPL,"192,0","196,16","191,04","195,76","97010200,0"
2024-06-10,GOOGL,"174,17","176,21","171,93","174,13","23726700,0"
2024-06-10,ITUB4.SA,"25,98","26,31","25,74","26,22","22389400,0"
2024-06-10,MGLU3.SA,"11,18","11,5","10,92","11,45","19940100,0"
2024-06-10,MSFT,"424,61","424,82","420,66","421,47","13982900,0"
2024-06-10,PETR4.SA,"31,11","31,58","30,8","30,85","32560900,0"
2024-06-11,AAPL,"205,95","205,96","192,51","192,53","172373300,0"
2024-06-11,GOOGL,"175,77","175,99","172,93","175,37","21540600,0"
2024-06-11,ITUB4.SA,"26,27","26,39","26,01","26,13","16317510,0"
2024-06-11,MGLU3.SA,"12,08","12,12","11,11","11,15","31012700,0"
2024-06-11,MSFT,"429,39","429,53","422,01","422,24","14551100,0"
2024-06-11,PETR4.SA,"31,24","31,53","31,11","31,37","31131300,0"
2024-06-12,AAPL,"211,84","218,93","205,7","206,17","198134300,0"
2024-06-12,GOOGL,"176,93","179,54","175,26","177,39","27864700,0"
2024-06-12,ITUB4.SA,"26,23","26,43","25,94","26,37","38209380,0"
2024-06-12,MGLU3.SA,"11,12","12,57","11,09","12,23","36272600,0"
2024-06-12,MSFT,"437,7","440,03","429,95","432,01","22366200,0"
2024-06-12,PETR4.SA,"30,56","31,61","30,39","31,53","52182400,0"
2024-06-13,AAPL,"213,0","215,5","210,38","213,5","97862700,0"
2024-06-13,GOOGL,"174,32","175,89","174,04","175,26","20913300,0"
2024-06-13,ITUB4.SA,"25,95","26,37","25,95","26,23","22422290,0"
2024-06-13,MGLU3.SA,"10,89","11,24","10,75","11,16","22684400,0"
2024-06-13,MSFT,"438,22","440,02","436,03","437,5","15960600,0"
2024-06-13,PETR4.SA,"30,26","30,88","29,74","30,63","46233500,0"
2024-06-14,AAPL,"211,26","213,93","210,08","212,61","70122700,0"
2024-06-14,GOOGL,"175,94","176,21","173,31","173,38","18063600,0"
2024-06-14,ITUB4.SA,"25,93","26,12","25,76","25,92","16969040,0"
2024-06-14,MGLU3.SA,"11,11","11,45","10,8","10,94","21160800,0"
2024-06-14,MSFT,"439,2","439,77","433,4","434,95","13582000,0"
2024-06-14,PETR4.SA,"29,59","30,29","29,14","30,28","53534900,0"
2024-06-17,AAPL,"215,42","217,68","211,49","212,14","93728300,0"
2024-06-17,GOOGL,"176,39","177,5","173,97","174,61","19618500,0"
2024-06-17,ITUB4.SA,"26,56","26,64","26,05","26,15","29592640,0"
2024-06-17,MGLU3.SA,"10,67","11,0","10,67","10,94","14745400,0"
2024-06-17,MSFT,"444,96","447,51","437,37","439,22","20790000,0"
2024-06-17,PETR4.SA,"29,7","29,98","29,24","29,36","40941800,0"
2024-06-18,AAPL,"213,05","217,37","211,77","216,33","79943300,0"
2024-06-18,GOOGL,"174,25","176,53","173,26","176,29","21869900,0"
2024-06-18,ITUB4.SA,"26,54","26,83","26,41","26,51","23872530,0"
2024-06-18,MGLU3.SA,"10,63","10,85","10,4","10,69","18214900,0"
2024-06-18,MSFT,"442,94","446,72","441,51","446,29","17112500,0"
2024-06-18,PETR4.SA,"30,63","30,84","29,71","29,77","36180700,0"
2024-06-19,ITUB4.SA,"26,75","26,88","26,31","26,43","16017210,0"
2024-06-19,MGLU3.SA,"10,76","10,8","10,43","10,63","13434100,0"
2024-06-19,PETR4.SA,"30,66","30,82","30,35","30,63","20776200,0"
2024-06-20,AAPL,"208,47","213,0","207,64","212,69","86172500,0"
2024-06-20,GOOGL,"175,45","176,44","174,15","174,52","20160100,0"
2024-06-20,ITUB4.SA,"26,57","27,03","26,53","26,96","22467610,0"
2024-06-20,MGLU3.SA,"10,36","11,25","10,31","10,98","35327500,0"
2024-06-20,MSFT,"442,31","443,13","437,91","442,9","19877400,0"
2024-06-20,PETR4.SA,"31,14","31,48","30,89","30,91","39442900,0"
2024-06-21,AAPL,"206,29","210,66","205,91","209,17","241805100,0"
2024-06-21,GOOGL,"178,76","179,98","175,76","176,15","57759000,0"
2024-06-21,ITUB4.SA,"26,75","27,01","26,55","26,75","56945680,0"
2024-06-21,MGLU3.SA,"10,51","10,67","10,25","10,39","21829300,0"
2024-06-21,MSFT,"446,36","447,15","443,11","443,98","34187100,0"
2024-06-21,PETR4.SA,"31,31","31,54","31,04","31,19","43340200,0"
2024-06-24,AAPL,"206,94","211,47","205,4","206,52","80727000,0"
2024-06-24,GOOGL,"178,36","180,02","177,81","179,29","18298000,0"
2024-06-24,ITUB4.SA,"27,14","27,58","26,84","26,85","35736580,0"
2024-06-24,MGLU3.SA,"11,8","12,03","11,2","11,27","44665500,0"
2024-06-24,MSFT,"444,26","449,31","443,01","446,38","15913700,0"
2024-06-24,PETR4.SA,"31,62","31,62","31,13","31,43","24599400,0"
2024-06-25,AAPL,"207,86","210,16","207,4","207,94","55549700,0"
2024-06-25,GOOGL,"183,14","183,4","178,56","178,75","23130200,0"
2024-06-25,ITUB4.SA,"27,22","27,43","27,06","27,13","26370960,0"
2024-06-25,MGLU3.SA,"11,46","11,91","11,27","11,71","30018400,0"
2024-06-25,MSFT,"447,52","447,99","443,35","444,84","16413400,0"
2024-06-25,PETR4.SA,"31,6","31,67","31,37","31,61","18572600,0"
2024-06-26,AAPL,"212,02","213,62","209,42","210,28","66213200,0"
2024-06-26,GOOGL,"182,99","183,62","181,6","181,75","19839000,0"
2024-06-26,ITUB4.SA,"27,17","27,17","26,7","27,05","25996630,0"
2024-06-26,MGLU3.SA,"11,14","11,36","10,84","11,3","23803300,0"
2024-06-26,MSFT,"448,72","450,15","444,78","445,58","16507000,0"
2024-06-26,PETR4.SA,"31,65","31,67","31,32","31,4","25553200,0"
2024-06-27,AAPL,"212,86","214,49","211,12","213,45","49772700,0"
2024-06-27,GOOGL,"184,52","185,15","183,13","183,29","18848900,0"
2024-06-27,ITUB4.SA,"27,22","27,37","27,09","27,23","16517160,0"
2024-06-27,MGLU3.SA,"11,85","11,98","10,95","11,13","27526700,0"
2024-06-27,MSFT,"449,4","452,7","448,33","448,74","14806300,0"
2024-06-27,PETR4.SA,"32,18","32,39","31,84","32,01","37731000,0"
2024-06-28,AAPL,"209,4","214,82","209,08","214,52","82542700,0"
2024-06-28,GOOGL,"181,27","184,24","181,08","183,43","29156600,0"
2024-06-28,ITUB4.SA,"27,2","27,31","26,9","27,26","31891310,0"
2024-06-28,MGLU3.SA,"11,7","11,84","11,31","11,79","25687100,0"
2024-06-28,MSFT,"443,55","451,92","443,01","449,62","28362300,0"
2024-06-28,PETR4.SA,"32,47","32,57","32,18","32,25","22019700,0"
2024-07-01,AAPL,"215,5","216,25","210,69","210,86","60402900,0"
2024-07-01,GOOGL,"182,11","182,99","180,43","182,15","16006100,0"
2024-07-01,ITUB4.SA,"27,07","27,42","27,01","27,19","17178810,0"
2024-07-01,MGLU3.SA,"11,79","11,93","11,53","11,67","16498900,0"
2024-07-01,MSFT,"453,25","453,89","442,27","445,25","17662800,0"
2024-07-01,PETR4.SA,"32,96","33,07","32,58","32,69","24963500,0"
2024-07-02,AAPL,"219,0","219,11","213,86","214,9","58046200,0"
2024-07-02,GOOGL,"184,35","184,68","180,68","181,17","17372500,0"
2024-07-02,ITUB4.SA,"27,42","27,42","27,06","27,1","33492580,0"
2024-07-02,MGLU3.SA,"11,81","11,97","11,6","11,75","15119100,0"
2024-07-02,MSFT,"455,79","456,09","449,66","449,75","13979800,0"
2024-07-02,PETR4.SA,"32,86","33,36","32,8","33,13","33346200,0"
2024-07-03,AAPL,"220,27","220,27","217,76","218,73","37369800,0"
2024-07-03,GOOGL,"184,92","185,19","183,11","183,96","10242100,0"
2024-07-03,ITUB4.SA,"27,59","27,95","27,51","27,59","27756190,0"
2024-07-03,MGLU3.SA,"12,21","12,36","11,9","11,9","17333200,0"
2024-07-03,MSFT,"457,26","457,51","454,4","454,7","9932800,0"
2024-07-03,PETR4.SA,"32,29","33,1","32,22","33,02","38509400,0"
2024-07-04,ITUB4.SA,"27,63","27,91","27,62","27,85","11042020,0"
2024-07-04,MGLU3.SA,"12,8","13,07","12,46","12,47","23480800,0"
2024-07-04,PETR4.SA,"31,84","32,39","31,67","32,34","32698800,0"
2024-07-05,AAPL,"225,03","225,14","220,37","220,37","60412400,0"
2024-07-05,GOOGL,"189,68","189,94","184,9","184,96","20967500,0"
2024-07-05,ITUB4.SA,"27,65","27,78","27,38","27,71","18508050,0"
2024-07-05,MGLU3.SA,"13,29","13,33","12,68","12,73","27239900,0"
2024-07-05,MSFT,"464,0","464,79","455,48","456,11","16000300,0"
2024-07-05,PETR4.SA,"32,02","32,13","31,67","31,96","32758800,0"
2024-07-08,AAPL,"226,5","226,53","221,96","225,78","59085900,0"
2024-07-08,GOOGL,"188,12","189,25","186,87","188,98","21035900,0"
2024-07-08,ITUB4.SA,"27,6","27,71","27,37","27,57","19134170,0"
2024-07-08,MGLU3.SA,"12,51","13,19","12,4","13,09","24871900,0"
2024-07-08,MSFT,"462,69","464,14","460,93","463,0","12962300,0"
2024-07-08,PETR4.SA,"32,8","32,87","31,82","31,98","48845900,0"
2024-07-09,AAPL,"227,36","228,07","225,06","226,61","48076100,0"
2024-07-09,GOOGL,"188,07","190,44","187,81","189,39","15121400,0"
2024-07-09,ITUB4.SA,"27,79","27,79","27,33","27,49","18473510,0"
2024-07-09,MGLU3.SA,"13,12","13,15","12,46","12,52","16900000,0"
2024-07-09,MSFT,"456,04","463,77","454,52","463,45","17207200,0"
2024-07-09,PETR4.SA,"32,79","33,02","32,66","32,81","34832500,0"
2024-07-10,AAPL,"231,63","231,73","227,92","227,97","62627700,0"
2024-07-10,GOOGL,"190,26","190,83","188,12","188,24","15952500,0"
2024-07-10,ITUB4.SA,"28,09","28,11","27,79","27,86","37802160,0"
2024-07-10,MGLU3.SA,"13,08","13,73","13,03","13,49","22283100,0"
2024-07-10,MSFT,"462,7","462,91","455,37","457,71","18196100,0"
2024-07-10,PETR4.SA,"32,48","32,9","32,41","32,84","32899700,0"
2024-07-11,AAPL,"226,25","231,05","224,46","230,05","64710600,0"
2024-07-11,GOOGL,"184,68","189,94","184,19","188,93","25625800,0"
2024-07-11,ITUB4.SA,"28,25","28,26","28,03","28,09","21573090,0"
2024-07-11,MGLU3.SA,"13,31","13,63","13,23","13,56","13490500,0"
2024-07-11,MSFT,"451,24","461,24","448,11","459,46","23111200,0"
2024-07-11,PETR4.SA,"32,71","32,81","32,52","32,56","17229400,0"
2024-07-12,AAPL,"229,21","231,29","227,36","227,6","53046500,0"
2024-07-12,GOOGL,"184,18","186,21","183,6","184,19","22898400,0"
2024-07-12,ITUB4.SA,"28,1","28,29","27,98","28,25","24264020,0"
2024-07-12,MGLU3.SA,"13,46","13,53","13,14","13,31","14197100,0"
2024-07-12,MSFT,"450,1","452,89","447,22","450,87","16324300,0"
2024-07-12,PETR4.SA,"32,55","32,86","32,54","32,79","15779100,0"
2024-07-15,AAPL,"233,04","235,86","231,74","235,11","62631300,0"
2024-07-15,GOOGL,"185,63","187,33","184,03","184,03","16474000,0"
2024-07-15,ITUB4.SA,"28,2","28,27","28,03","28,13","21685840,0"
2024-07-15,MGLU3.SA,"13,91","13,91","13,25","13,45","19057800,0"
2024-07-15,MSFT,"450,51","453,78","448,0","449,85","14429400,0"
2024-07-15,PETR4.SA,"32,85","33,05","32,6","32,68","22969200,0"
2024-07-16,AAPL,"233,46","234,9","230,99","233,64","43234300,0"
2024-07-16,GOOGL,"183,03","187,77","182,49","186,46","18290700,0"
2024-07-16,ITUB4.SA,"28,37","28,42","28,15","28,18","21419090,0"
2024-07-16,MGLU3.SA,"13,23","14,0","13,14","13,87","27058500,0"
2024-07-16,MSFT,"446,1","450,84","443,26","450,76","17175700,0"
2024-07-16,PETR4.SA,"32,77","32,85","32,52","32,72","19637000,0"
2024-07-17,AAPL,"227,56","230,12","225,33","228,12","57345900,0"
2024-07-17,GOOGL,"180,15","182,67","179,03","182,09","20734100,0"
2024-07-17,ITUB4.SA,"28,68","28,76","28,22","28,31","17961900,0"
2024-07-17,MGLU3.SA,"13,07","13,46","12,97","13,2","18666300,0"
2024-07-17,MSFT,"440,15","441,47","435,84","439,22","21778000,0"
2024-07-17,PETR4.SA,"32,94","33,01","32,71","32,79","24606100,0"
2024-07-18,AAPL,"222,88","229,11","220,98","228,95","66034600,0"
2024-07-18,GOOGL,"176,83","181,62","175,62","181,05","25315700,0"
2024-07-18,ITUB4.SA,"28,55","28,72","28,36","28,61","17257240,0"
2024-07-18,MGLU3.SA,"12,3","13,17","12,2","13,11","26549000,0"
2024-07-18,MSFT,"437,02","441,27","431,09","440,96","20794800,0"
2024-07-18,PETR4.SA,"32,88","32,99","32,72","32,85","21315500,0"
2024-07-19,AAPL,"223,01","225,49","221,99","223,52","49151500,0"
2024-07-19,GOOGL,"176,8","179,42","176,28","178,02","18881900,0"
2024-07-19,ITUB4.SA,"28,77","29,07","28,6","28,67","26157780,0"
2024-07-19,MGLU3.SA,"12,2","12,61","12,14","12,29","18916700,0"
2024-07-19,MSFT,"433,78","437,78","428,71","429,8","20940400,0"
2024-07-19,PETR4.SA,"33,01","33,08","32,76","32,85","30593100,0"
2024-07-22,AAPL,"222,66","226,46","221,8","225,7","48201800,0"
2024-07-22,GOOGL,"180,79","181,82","179,36","179,72","24100300,0"
2024-07-22,ITUB4.SA,"28,75","28,93","28,69","28,78","13636920,0"
2024-07-22,MGLU3.SA,"11,97","12,46","11,97","12,29","20886800,0"
2024-07-22,MSFT,"439,57","441,22","435,57","438,43","15808800,0"
2024-07-22,PETR4.SA,"32,36","32,93","32,32","32,93","25807800,0"
2024-07-23,AAPL,"223,71","225,63","221,39","223,07","39960300,0"
2024-07-23,GOOGL,"180,91","182,72","180,66","181,17","36352700,0"
2024-07-23,ITUB4.SA,"28,71","28,88","28,63","28,72","18612990,0"
2024-07-23,MGLU3.SA,"11,82","12,11","11,8","11,88","18691900,0"
2024-07-23,MSFT,"441,47","444,98","439,73","440,52","13107100,0"
2024-07-23,PETR4.SA,"31,94","32,42","31,94","32,36","25284700,0"
2024-07-24,AAPL,"217,28","223,5","215,87","222,7","61777600,0"
2024-07-24,GOOGL,"171,8","175,34","170,99","172,76","49585200,0"
2024-07-24,ITUB4.SA,"28,67","28,83","28,59","28,8","17353160,0"
2024-07-24,MGLU3.SA,"11,33","11,87","11,26","11,8","17578600,0"
2024-07-24,MSFT,"425,64","438,12","424,34","437,1","26805800,0"
2024-07-24,PETR4.SA,"32,19","32,42","32,0","32,13","23863800,0"
2024-07-25,AAPL,"216,23","219,57","213,38","217,66","51391200,0"
2024-07-25,GOOGL,"166,47","172,58","166,38","171,69","44852000,0"
2024-07-25,ITUB4.SA,"28,54","28,72","28,41","28,61","21807720,0"
2024-07-25,MGLU3.SA,"11,26","11,58","11,2","11,33","14540200,0"
2024-07-25,MSFT,"415,22","426,53","414,33","425,54","29943800,0"
2024-07-25,PETR4.SA,"32,15","32,21","31,8","32,05","19562600,0"
2024-07-26,AAPL,"216,7","218,22","214,76","217,44","41601300,0"
2024-07-26,GOOGL,"166,19","167,28","163,27","166,34","41336900,0"
2024-07-26,ITUB4.SA,"28,75","28,83","28,48","28,48","12299650,0"
2024-07-26,MGLU3.SA,"11,54","11,63","11,12","11,31","18085500,0"
2024-07-26,MSFT,"422,03","425,66","414,1","415,02","23583800,0"
2024-07-26,PETR4.SA,"32,12","32,54","31,93","32,14","32043200,0"
2024-07-29,AAPL,"216,98","218,03","214,5","215,71","36311800,0"
2024-07-29,GOOGL,"168,71","169,61","167,18","168,02","20293800,0"
2024-07-29,ITUB4.SA,"28,96","29,06","28,76","28,78","16647950,0"
2024-07-29,MGLU3.SA,"10,87","11,63","10,75","11,6","26819200,0"
2024-07-29,MSFT,"423,48","428,86","421,47","428,3","15125800,0"
2024-07-29,PETR4.SA,"31,47","32,19","31,08","32,01","39790000,0"
2024-07-30,AAPL,"217,53","219,06","214,87","217,92","41643800,0"
2024-07-30,GOOGL,"169,47","170,4","167,63","169,42","18959700,0"
2024-07-30,ITUB4.SA,"28,85","28,98","28,67","28,9","19390580,0"
2024-07-30,MGLU3.SA,"10,76","11,08","10,72","10,8","15764700,0"
2024-07-30,MSFT,"419,7","425,79","414,18","424,47","32687600,0"
2024-07-30,PETR4.SA,"31,27","31,38","31,05","31,15","16040700,0"
2024-07-31,AAPL,"220,8","222,53","219,35","220,16","50036300,0"
2024-07-31,GOOGL,"170,71","173,41","169,19","172,4","25729100,0"
2024-07-31,ITUB4.SA,"28,45","28,89","28,42","28,77","27832640,0"
2024-07-31,MGLU3.SA,"10,75","11,13","10,75","10,89","14502800,0"
2024-07-31,MSFT,"415,17","418,57","409,07","417,3","42891400,0"
2024-07-31,PETR4.SA,"31,92","31,92","31,54","31,61","28561100,0"
2024-08-01,AAPL,"217,1","223,18","215,76","223,07","62501000,0"
2024-08-01,GOOGL,"169,94","173,21","168,07","169,43","24531400,0"
2024-08-01,ITUB4.SA,"28,03","28,66","27,95","28,58","24897290,0"
2024-08-01,MGLU3.SA,"10,48","11,16","10,42","10,97","19814000,0"
2024-08-01,MSFT,"413,94","424,21","409,95","417,59","30296400,0"
2024-08-01,PETR4.SA,"31,43","32,28","31,39","32,21","29756300,0"
2024-08-02,AAPL,"218,59","224,3","216,45","217,88","105568600,0"
2024-08-02,GOOGL,"165,86","167,7","163,88","165,64","29130100,0"
2024-08-02,ITUB4.SA,"27,68","28,18","27,55","28,13","26558070,0"
2024-08-02,MGLU3.SA,"11,23","11,25","10,56","10,56","25959900,0"
2024-08-02,MSFT,"405,38","411,84","401,26","409,35","29437900,0"
2024-08-02,PETR4.SA,"30,49","31,4","30,49","31,33","36483900,0"
2024-08-05,AAPL,"208,06","212,27","194,87","197,94","119548600,0"
2024-08-05,GOOGL,"158,48","163,64","154,18","154,75","53630700,0"
2024-08-05,ITUB4.SA,"27,68","27,75","27,18","27,26","29161880,0"
2024-08-05,MGLU3.SA,"11,2","11,31","10,31","10,68","32001700,0"
2024-08-05,MSFT,"392,14","397,99","382,65","386,21","40709200,0"
2024-08-05,PETR4.SA,"30,46","30,46","29,52","29,69","44765900,0"
2024-08-06,AAPL,"206,03","208,78","199,91","204,11","69660500,0"
2024-08-06,GOOGL,"157,53","159,8","155,66","158,56","49004600,0"
2024-08-06,ITUB4.SA,"28,29","28,51","27,73","27,73","28393200,0"
2024-08-06,MGLU3.SA,"10,97","11,34","10,61","11,18","24358400,0"
2024-08-06,MSFT,"396,57","402,58","395,47","396,96","24946500,0"
2024-08-06,PETR4.SA,"30,99","31,28","30,15","30,38","36009000,0"
2024-08-07,AAPL,"208,61","212,4","205,2","205,7","63516400,0"
2024-08-07,GOOGL,"158,17","162,19","157,71","160,47","25138600,0"
2024-08-07,ITUB4.SA,"28,37","28,71","27,78","28,61","44724790,0"
2024-08-07,MGLU3.SA,"11,83","11,89","11,14","11,17","23974800,0"
2024-08-07,MSFT,"395,4","406,96","394,45","405,53","20650900,0"
2024-08-07,PETR4.SA,"30,95","31,36","30,72","31,32","25020500,0"
2024-08-08,AAPL,"212,08","212,96","207,62","211,88","47161100,0"
2024-08-08,GOOGL,"161,25","162,9","159,44","159,74","25578800,0"
2024-08-08,ITUB4.SA,"28,27","28,68","28,18","28,44","21587830,0"
2024-08-08,MGLU3.SA,"12,17","12,33","11,85","11,85","20933300,0"
2024-08-08,MSFT,"399,63","402,77","396,9","399,38","20203000,0"
2024-08-08,PETR4.SA,"31,44","31,53","30,85","31,02","29870300,0"
2024-08-09,AAPL,"214,99","215,53","210,74","210,87","42201600,0"
2024-08-09,GOOGL,"162,88","163,0","158,29","159,24","28602300,0"
2024-08-09,ITUB4.SA,"29,03","29,03","28,35","28,4","26553560,0"
2024-08-09,MGLU3.SA,"12,58","12,86","11,85","12,52","41144900,0"
2024-08-09,MSFT,"402,93","404,95","399,2","400,96","19276700,0"
2024-08-09,PETR4.SA,"31,15","31,53","30,36","30,83","66082100,0"
2024-08-12,AAPL,"216,52","218,49","214,6","215,07","38028100,0"
2024-08-12,GOOGL,"161,51","164,11","161,06","163,56","15895300,0"
2024-08-12,ITUB4.SA,"29,08","29,25","28,96","29,13","23061940,0"
2024-08-12,MGLU3.SA,"12,57","13,44","12,57","12,67","39553100,0"
2024-08-12,MSFT,"403,71","405,65","401,16","403,96","16762900,0"
2024-08-12,PETR4.SA,"31,86","32,26","31,4","31,4","39655100,0"
2024-08-13,AAPL,"220,24","220,86","218,0","218,0","44155300,0"
2024-08-13,GOOGL,"163,37","163,94","162,18","162,62","18551700,0"
2024-08-13,ITUB4.SA,"29,9","29,9","29,16","29,28","43492790,0"
2024-08-13,MGLU3.SA,"12,9","13,01","12,62","12,81","24193700,0"
2024-08-13,MSFT,"410,86","411,79","406,45","406,47","19414300,0"
2024-08-13,PETR4.SA,"31,67","32,11","31,55","32,02","28557200,0"
2024-08-14,AAPL,"220,69","222,0","218,68","219,55","41960600,0"
2024-08-14,GOOGL,"159,6","162,43","156,95","161,62","40591100,0"
2024-08-14,ITUB4.SA,"30,64","30,9","29,9","29,9","59664550,0"
2024-08-14,MGLU3.SA,"12,37","13,06","12,27","12,72","25528600,0"
2024-08-14,MSFT,"413,69","414,54","409,31","411,64","18267000,0"
2024-08-14,PETR4.SA,"32,22","32,42","31,71","31,73","37955500,0"
2024-08-15,AAPL,"223,68","224,31","221,73","223,56","46414000,0"
2024-08-15,GOOGL,"160,52","160,86","158,84","159,73","31524300,0"
2024-08-15,ITUB4.SA,"31,13","31,16","30,71","30,81","35899490,0"
2024-08-15,MGLU3.SA,"12,9","13,02","12,19","12,45","19604800,0"
2024-08-15,MSFT,"418,58","418,66","415,23","417,36","20752100,0"
2024-08-15,PETR4.SA,"32,71","32,9","32,42","32,47","33409000,0"
2024-08-16,AAPL,"225,0","225,78","222,61","222,88","44340200,0"
2024-08-16,GOOGL,"162,17","164,26","160,35","160,69","24208600,0"
2024-08-16,ITUB4.SA,"30,87","31,5","30,78","31,29","37931080,0"
2024-08-16,MGLU3.SA,"12,21","12,97","12,21","12,92","18781300,0"
2024-08-16,MSFT,"416,03","418,89","414,87","418,15","22775600,0"
2024-08-16,PETR4.SA,"32,85","33,08","32,45","32,57","35472700,0"
2024-08-19,AAPL,"224,84","224,94","222,01","224,67","40687800,0"
2024-08-19,GOOGL,"165,87","165,89","163,47","164,48","22416200,0"
2024-08-19,ITUB4.SA,"31,05","31,3","30,9","30,98","24492930,0"
2024-08-19,MGLU3.SA,"13,51","13,59","12,35","12,36","32348600,0"
2024-08-19,MSFT,"419,08","419,3","414,04","416,52","15234000,0"
2024-08-19,PETR4.SA,"32,8","33,1","32,77","32,94","28138200,0"
2024-08-20,AAPL,"225,46","226,12","224,41","224,72","30299000,0"
2024-08-20,GOOGL,"166,37","167,83","166,02","166,1","18341500,0"
2024-08-20,ITUB4.SA,"31,28","31,39","30,87","31,08","17336440,0"
2024-08-20,MGLU3.SA,"13,4","13,52","13,18","13,51","16240700,0"
2024-08-20,MSFT,"422,33","423,38","419,19","419,25","16387600,0"
2024-08-20,PETR4.SA,"32,67","33,0","32,33","32,85","27322600,0"
2024-08-21,AAPL,"225,35","226,92","224,01","225,47","34765500,0"
2024-08-21,GOOGL,"165,05","166,05","163,88","164,35","22902000,0"
2024-08-21,ITUB4.SA,"31,15","31,4","31,01","31,36","15546080,0"
2024-08-21,MGLU3.SA,"13,45","13,67","13,03","13,43","19832200,0"
2024-08-21,MSFT,"421,67","423,92","419,27","421,61","16067300,0"
2024-08-21,PETR4.SA,"32,48","33,1","32,37","33,0","38491900,0"
2024-08-22,AAPL,"223,49","227,28","222,86","226,73","43695300,0"
2024-08-22,GOOGL,"163,01","166,78","162,52","166,45","22493300,0"
2024-08-22,ITUB4.SA,"30,87","30,87","30,5","30,51","23606990,0"
2024-08-22,MGLU3.SA,"12,8","13,44","12,74","13,3","16215500,0"
2024-08-22,MSFT,"413,13","424,31","412,2","421,89","19361900,0"
2024-08-22,PETR4.SA,"32,58","32,73","32,35","32,72","26334300,0"
2024-08-23,AAPL,"225,79","227,16","223,29","224,61","38677300,0"
2024-08-23,GOOGL,"164,82","165,38","163,04","163,93","13955700,0"
2024-08-23,ITUB4.SA,"30,63","31,13","30,55","30,91","23927860,0"
2024-08-23,MGLU3.SA,"13,22","13,37","12,75","12,96","16941500,0"
2024-08-23,MSFT,"414,36","416,82","409,69","414,55","18493800,0"
2024-08-23,PETR4.SA,"32,37","32,94","32,37","32,79","29239000,0"
2024-08-26,AAPL,"226,13","226,23","222,85","225,71","30602200,0"
2024-08-26,GOOGL,"165,36","166,74","163,67","165,58","14190400,0"
2024-08-26,ITUB4.SA,"30,7","30,78","30,46","30,69","15839010,0"
2024-08-26,MGLU3.SA,"12,96","13,38","12,69","13,35","16290200,0"
2024-08-26,MSFT,"411,08","414,85","408,95","413,95","13152800,0"
2024-08-26,PETR4.SA,"34,73","34,76","33,09","33,22","102270300,0"
2024-08-27,AAPL,"226,97","227,79","223,85","224,95","35934600,0"
2024-08-27,GOOGL,"163,89","165,64","163,67","165,04","11821900,0"
2024-08-27,ITUB4.SA,"30,73","30,84","30,52","30,69","16103670,0"
2024-08-27,MGLU3.SA,"13,08","13,33","12,89","12,94","14667800,0"
2024-08-27,MSFT,"411,43","411,95","407,86","410,46","13492900,0"
2024-08-27,PETR4.SA,"34,26","34,55","34,18","34,44","35073100,0"
2024-08-28,AAPL,"225,44","228,8","224,63","226,86","38052200,0"
2024-08-28,GOOGL,"162,06","164,8","160,75","164,24","16407400,0"
2024-08-28,ITUB4.SA,"31,39","31,48","30,44","30,55","35069430,0"
2024-08-28,MGLU3.SA,"12,8","13,08","12,76","12,94","15068200,0"
2024-08-28,MSFT,"408,21","412,58","404,94","412,47","14882700,0"
2024-08-28,PETR4.SA,"34,75","34,98","34,03","34,17","43284500,0"
2024-08-29,AAPL,"228,73","231,84","227,82","229,03","51906300,0"
2024-08-29,GOOGL,"161,0","165,17","159,48","163,52","19699800,0"
2024-08-29,ITUB4.SA,"31,05","31,4","31,05","31,24","24443320,0"
2024-08-29,MGLU3.SA,"12,51","12,86","12,29","12,81","20240700,0"
2024-08-29,MSFT,"410,72","419,59","408,21","412,53","17045200,0"
2024-08-29,PETR4.SA,"34,51","34,95","34,47","34,8","25356600,0"
2024-08-30,AAPL,"227,94","229,33","226,43","229,12","52990800,0"
2024-08-30,GOOGL,"162,59","162,87","160,91","161,84","22123800,0"
2024-08-30,ITUB4.SA,"30,83","31,06","30,59","30,94","67812030,0"
2024-08-30,MGLU3.SA,"11,8","12,41","11,78","12,38","25198000,0"
2024-08-30,MSFT,"414,71","415,06","409,73","413,18","24308300,0"
2024-08-30,PETR4.SA,"34,55","34,8","34,12","34,42","84437200,0"
2024-09-02,ITUB4.SA,"30,59","30,85","30,54","30,74","11184800,0"
2024-09-02,MGLU3.SA,"11,62","11,84","11,48","11,65","13191900,0"
2024-09-02,PETR4.SA,"34,23","34,58","34,13","34,51","15288400,0"
2024-09-03,AAPL,"221,74","227,94","220,15","227,49","50190600,0"
2024-09-03,GOOGL,"156,6","161,07","155,73","160,94","38945300,0"
2024-09-03,ITUB4.SA,"31,08","31,09","30,56","30,67","17309930,0"
2024-09-03,MGLU3.SA,"11,34","11,92","11,26","11,83","20507800,0"
2024-09-03,MSFT,"407,06","417,44","404,66","415,48","20313600,0"
2024-09-03,PETR4.SA,"33,81","34,07","33,68","34,04","35866300,0"
2024-09-04,AAPL,"219,83","220,75","216,47","220,63","43840200,0"
2024-09-04,GOOGL,"155,7","158,23","155,21","155,9","19353800,0"
2024-09-04,ITUB4.SA,"31,3","31,76","31,12","31,22","22342430,0"
2024-09-04,MGLU3.SA,"11,69","11,99","11,41","11,45","18138000,0"
2024-09-04,MSFT,"406,52","408,85","402,02","403,55","15135800,0"
2024-09-04,PETR4.SA,"33,82","34,15","33,8","34,0","28851300,0"
2024-09-05,AAPL,"221,35","224,44","220,49","220,6","36615400,0"
2024-09-05,GOOGL,"156,48","158,68","155,23","155,55","18688700,0"
2024-09-05,ITUB4.SA,"31,5","31,6","31,22","31,35","12720730,0"
2024-09-05,MGLU3.SA,"11,94","12,0","11,28","11,69","24837900,0"
2024-09-05,MSFT,"406,01","410,7","403,77","405,25","14195500,0"
2024-09-05,PETR4.SA,"33,61","34,13","33,61","33,92","26206600,0"
2024-09-06,AAPL,"219,8","224,2","218,75","222,91","48423000,0"
2024-09-06,GOOGL,"150,19","157,07","149,82","156,54","37912100,0"
2024-09-06,ITUB4.SA,"31,06","31,59","30,99","31,59","17542030,0"
2024-09-06,MGLU3.SA,"11,46","12,14","11,42","11,92","17764200,0"
2024-09-06,MSFT,"399,36","408,26","398,47","406,68","19609500,0"
2024-09-06,PETR4.SA,"32,95","33,74","32,88","33,67","32971700,0"
2024-09-09,AAPL,"219,89","220,24","215,71","219,8","67180000,0"
2024-09-09,GOOGL,"148,19","152,86","146,7","151,98","39260500,0"
2024-09-09,ITUB4.SA,"31,36","31,48","31,07","31,12","15033370,0"
2024-09-09,MGLU3.SA,"11,18","11,54","11,18","11,47","12196100,0"
2024-09-09,MSFT,"403,36","406,27","399,81","404,87","15295100,0"
2024-09-09,PETR4.SA,"33,31","33,57","33,01","33,21","30521800,0"
2024-09-10,AAPL,"219,09","220,45","215,73","217,91","51591000,0"
2024-09-10,GOOGL,"148,14","150,74","147,82","149,92","31118800,0"
2024-09-10,ITUB4.SA,"31,36","31,42","31,12","31,14","14660140,0"
2024-09-10,MGLU3.SA,"11,0","11,17","10,9","11,07","12406000,0"
2024-09-10,MSFT,"411,79","413,91","405,33","405,82","19594300,0"
2024-09-10,PETR4.SA,"32,76","33,28","32,47","33,28","37263500,0"
2024-09-11,AAPL,"221,63","222,06","216,88","220,43","44587100,0"
2024-09-11,GOOGL,"150,63","150,97","147,0","149,4","29607700,0"
2024-09-11,ITUB4.SA,"31,42","31,55","31,22","31,42","21633260,0"
2024-09-11,MGLU3.SA,"10,94","11,18","10,83","11,11","15242600,0"
2024-09-11,MSFT,"420,58","421,52","407,2","413,08","19266900,0"
2024-09-11,PETR4.SA,"32,72","33,2","32,36","33,14","32907000,0"
2024-09-12,AAPL,"221,74","222,51","218,8","221,47","37455600,0"
2024-09-12,GOOGL,"154,15","154,28","152,12","153,26","29621500,0"
2024-09-12,ITUB4.SA,"31,07","31,33","30,85","31,28","15834390,0"
2024-09-12,MGLU3.SA,"10,84","10,98","10,75","10,98","12538400,0"
2024-09-12,MSFT,"424,51","424,88","417,31","420,85","17395700,0"
2024-09-12,PETR4.SA,"32,36","32,75","32,25","32,72","22103300,0"
2024-09-13,AAPL,"221,47","223,0","220,88","222,54","36766600,0"
2024-09-13,GOOGL,"156,91","157,83","154,67","154,89","29591200,0"
2024-09-13,ITUB4.SA,"31,11","31,38","30,75","31,23","22242440,0"
2024-09-13,MGLU3.SA,"11,26","11,59","10,91","10,93","17735800,0"
2024-09-13,MSFT,"428,08","429,32","422,98","423,35","15874600,0"
2024-09-13,PETR4.SA,"32,21","32,95","32,11","32,57","34729600,0"
2024-09-16,AAPL,"215,32","216,21","212,93","215,54","59357400,0"
2024-09-16,GOOGL,"157,51","157,7","156,05","156,76","18379800,0"
2024-09-16,ITUB4.SA,"31,1","31,28","30,96","31,15","11895950,0"
2024-09-16,MGLU3.SA,"11,35","11,47","11,11","11,22","10971300,0"
2024-09-16,MSFT,"428,83","431,01","425,73","428,09","13834700,0"
2024-09-16,PETR4.SA,"32,65","33,1","32,61","32,68","22614800,0"
2024-09-17,AAPL,"215,79","215,9","213,51","214,75","45519300,0"
2024-09-17,GOOGL,"158,76","159,99","157,83","158,46","20715600,0"
2024-09-17,ITUB4.SA,"31,02","31,08","30,81","31,02","19399710,0"
2024-09-17,MGLU3.SA,"11,53","11,55","11,15","11,26","13192600,0"
2024-09-17,MSFT,"432,62","439,28","429,75","437,67","18874200,0"
2024-09-17,PETR4.SA,"32,51","32,64","32,21","32,62","23443700,0"
2024-09-18,AAPL,"219,67","221,68","216,53","216,54","59894900,0"
2024-09-18,GOOGL,"159,25","159,94","158,04","159,3","23677300,0"
2024-09-18,ITUB4.SA,"30,85","31,12","30,73","30,97","18159020,0"
2024-09-18,MGLU3.SA,"11,18","11,85","11,18","11,4","21568500,0"
2024-09-18,MSFT,"428,3","433,49","427,91","432,47","18898000,0"
2024-09-18,PETR4.SA,"31,72","32,41","31,72","32,39","38777000,0"
2024-09-19,AAPL,"227,81","228,76","223,59","223,95","66781300,0"
2024-09-19,GOOGL,"161,57","163,22","160,78","163,14","26587700,0"
2024-09-19,ITUB4.SA,"30,76","31,0","30,57","30,93","26225760,0"
2024-09-19,MGLU3.SA,"10,83","11,44","10,81","11,35","20178600,0"
2024-09-19,MSFT,"436,14","438,93","434,36","438,66","21706600,0"
2024-09-19,PETR4.SA,"31,83","32,28","31,76","32,09","25059700,0"
2024-09-20,AAPL,"227,14","232,01","226,57","228,9","318679900,0"
2024-09-20,GOOGL,"163,02","163,16","161,49","162,93","40896400,0"
2024-09-20,ITUB4.SA,"30,43","30,89","30,41","30,76","33720060,0"
2024-09-20,MGLU3.SA,"10,05","10,82","10,05","10,81","33914500,0"
2024-09-20,MSFT,"432,74","436,68","431,69","434,68","55167100,0"
2024-09-20,PETR4.SA,"31,82","31,94","31,65","31,83","48336200,0"
2024-09-23,AAPL,"225,42","228,39","224,76","226,29","54146000,0"
2024-09-23,GOOGL,"161,28","164,91","161,1","163,77","24150900,0"
2024-09-23,ITUB4.SA,"30,25","30,47","30,12","30,27","16867180,0"
2024-09-23,MGLU3.SA,"9,73","10,07","9,64","9,92","21412100,0"
2024-09-23,MSFT,"430,99","433,92","427,89","431,75","15128900,0"
2024-09-23,PETR4.SA,"32,15","32,43","31,79","31,93","28218500,0"
2024-09-24,AAPL,"226,32","228,29","224,68","227,59","43556100,0"
2024-09-24,GOOGL,"161,72","162,65","160,13","162,46","23332100,0"
2024-09-24,ITUB4.SA,"30,24","30,77","30,08","30,53","26415840,0"
2024-09-24,MGLU3.SA,"9,89","10,03","9,73","9,99","15415900,0"
2024-09-24,MSFT,"426,67","430,83","423,62","430,48","17015800,0"
2024-09-24,PETR4.SA,"32,28","32,74","32,22","32,67","35104100,0"
2024-09-25,AAPL,"225,32","226,24","222,98","223,89","42308700,0"
2024-09-25,GOOGL,"160,92","162,24","160,74","160,9","18869200,0"
2024-09-25,ITUB4.SA,"30,62","30,63","30,3","30,3","23866590,0"
2024-09-25,MGLU3.SA,"9,71","10,03","9,55","9,97","20478600,0"
2024-09-25,MSFT,"429,6","430,6","426,08","427,33","13396400,0"
2024-09-25,PETR4.SA,"32,51","32,85","32,43","32,56","38655300,0"
2024-09-26,AAPL,"226,47","227,44","224,37","226,25","36636700,0"
2024-09-26,GOOGL,"162,16","163,51","161,71","163,07","20319300,0"
2024-09-26,ITUB4.SA,"31,01","31,24","30,77","30,91","41358680,0"
2024-09-26,MGLU3.SA,"9,51","10,03","9,48","9,79","22118500,0"
2024-09-26,MSFT,"428,8","432,77","426,63","432,56","14492000,0"
2024-09-26,PETR4.SA,"31,81","32,4","31,57","32,4","58048200,0"
2024-09-27,AAPL,"226,73","228,46","226,25","227,4","34026000,0"
2024-09-27,GOOGL,"163,38","165,12","162,06","162,24","21101300,0"
2024-09-27,ITUB4.SA,"31,13","31,21","30,93","30,94","30496290,0"
2024-09-27,MGLU3.SA,"9,71","10,08","9,51","9,51","22961600,0"
2024-09-27,MSFT,"425,53","429,34","424,98","429,01","14896100,0"
2024-09-27,PETR4.SA,"31,69","31,93","31,53","31,93","34537400,0"
2024-09-30,AAPL,"231,92","231,92","228,59","228,97","54541900,0"
2024-09-30,GOOGL,"165,27","165,57","162,69","162,75","20413900,0"
2024-09-30,ITUB4.SA,"30,58","31,33","30,58","30,99","27661920,0"
2024-09-30,MGLU3.SA,"9,42","9,77","9,19","9,71","25238600,0"
2024-09-30,MSFT,"427,8","427,92","422,89","425,72","16807300,0"
2024-09-30,PETR4.SA,"31,6","31,84","31,52","31,73","21146300,0"
2024-10-01,AAPL,"225,16","228,59","222,7","228,46","63285000,0"
2024-10-01,GOOGL,"166,41","168,57","164,0","167,1","28338100,0"
2024-10-01,ITUB4.SA,"30,08","30,76","30,02","30,72","29266930,0"
2024-10-01,MGLU3.SA,"9,44","9,64","9,32","9,49","21681100,0"
2024-10-01,MSFT,"418,24","425,99","416,37","425,96","19092900,0"
2024-10-01,PETR4.SA,"32,44","32,93","31,44","31,6","49748200,0"
2024-10-02,AAPL,"225,73","226,32","221,99","224,84","32880600,0"
2024-10-02,GOOGL,"165,28","166,93","164,15","165,84","17760200,0"
2024-10-02,ITUB4.SA,"30,26","30,72","30,09","30,39","22845020,0"
2024-10-02,MGLU3.SA,"9,56","9,82","9,46","9,54","24958100,0"
2024-10-02,MSFT,"414,7","420,36","414,28","420,12","16582300,0"
2024-10-02,PETR4.SA,"32,89","33,29","32,78","33,13","32014500,0"
2024-10-03,AAPL,"224,62","225,76","222,29","224,1","34044200,0"
2024-10-03,GOOGL,"165,28","166,06","163,35","163,83","15073100,0"
2024-10-03,ITUB4.SA,"29,52","29,92","29,36","29,84","34660670,0"
2024-10-03,MGLU3.SA,"9,45","9,62","9,15","9,37","24568400,0"
2024-10-03,MSFT,"414,12","417,11","411,88","415,2","13686400,0"
2024-10-03,PETR4.SA,"33,29","33,38","32,65","32,86","31033000,0"
2024-10-04,AAPL,"225,75","226,94","223,09","226,84","37245100,0"
2024-10-04,GOOGL,"166,48","167,64","164,9","167,47","19047400,0"
2024-10-04,ITUB4.SA,"29,58","29,77","29,34","29,39","17030640,0"
2024-10-04,MGLU3.SA,"9,39","9,48","9,23","9,38","17795900,0"
2024-10-04,MSFT,"413,64","417,31","412,55","415,81","19169700,0"
2024-10-04,PETR4.SA,"33,21","33,52","33,06","33,48","22526800,0"
2024-10-07,AAPL,"220,66","224,64","220,3","223,46","39505400,0"
2024-10-07,GOOGL,"162,41","167,89","162,18","167,13","22463100,0"
2024-10-07,ITUB4.SA,"29,77","29,92","29,53","29,82","25641440,0"
2024-10-07,MGLU3.SA,"9,23","9,64","9,11","9,52","24196000,0"
2024-10-07,MSFT,"407,16","414,68","406,62","413,58","20919800,0"
2024-10-07,PETR4.SA,"33,67","33,68","33,26","33,38","36418000,0"
2024-10-08,AAPL,"224,72","224,93","222,22","223,26","31855700,0"
2024-10-08,GOOGL,"163,8","164,15","162,3","163,37","23072700,0"
2024-10-08,ITUB4.SA,"29,95","30,09","29,88","29,98","25413740,0"
2024-10-08,MGLU3.SA,"9,29","9,35","9,18","9,25","18588400,0"
2024-10-08,MSFT,"412,3","413,24","405,79","408,51","19229300,0"
2024-10-08,PETR4.SA,"33,0","33,13","32,86","32,88","34142000,0"
2024-10-09,AAPL,"228,48","228,69","223,79","224,19","33591100,0"
2024-10-09,GOOGL,"161,29","164,26","159,18","162,88","31181800,0"
2024-10-09,ITUB4.SA,"29,4","29,82","29,34","29,75","23016510,0"
2024-10-09,MGLU3.SA,"8,97","9,24","8,97","9,19","17146700,0"
2024-10-09,MSFT,"415,03","417,93","411,89","413,44","14974300,0"
2024-10-09,PETR4.SA,"32,66","32,93","32,48","32,79","30789800,0"
2024-10-10,AAPL,"227,98","228,44","226,12","226,72","28183500,0"
2024-10-10,GOOGL,"161,51","162,5","159,84","160,31","14144100,0"
2024-10-10,ITUB4.SA,"29,56","29,63","29,29","29,41","22535810,0"
2024-10-10,MGLU3.SA,"8,94","9,05","8,81","9,03","17494800,0"
2024-10-10,MSFT,"413,42","414,92","410,75","412,81","13848400,0"
2024-10-10,PETR4.SA,"33,04","33,12","32,75","32,82","20630100,0"
2024-10-11,AAPL,"226,5","228,35","226,29","228,24","31759200,0"
2024-10-11,GOOGL,"162,67","163,33","160,68","161,56","15344300,0"
2024-10-11,ITUB4.SA,"29,34","29,63","29,27","29,51","18665350,0"
2024-10-11,MGLU3.SA,"9,17","9,19","8,67","8,95","28500100,0"
2024-10-11,MSFT,"413,9","414,7","410,84","413,72","14144900,0"
2024-10-11,PETR4.SA,"33,01","33,04","32,75","33,0","16343000,0"
2024-10-14,AAPL,"230,23","230,66","227,54","227,64","39882100,0"
2024-10-14,GOOGL,"164,38","165,65","162,83","163,07","19016100,0"
2024-10-14,ITUB4.SA,"29,53","29,71","29,33","29,43","15879710,0"
2024-10-14,MGLU3.SA,"9,51","9,77","9,03","9,14","24673000,0"
2024-10-14,MSFT,"416,7","421,57","415,09","415,34","16653100,0"
2024-10-14,PETR4.SA,"33,09","33,26","32,78","32,88","22279000,0"
2024-10-15,AAPL,"232,77","236,39","231,29","232,53","64751400,0"
2024-10-15,GOOGL,"164,88","167,09","164,05","165,21","20247200,0"
2024-10-15,ITUB4.SA,"29,87","29,92","29,42","29,57","31681430,0"
2024-10-15,MGLU3.SA,"9,42","9,68","9,33","9,61","16404400,0"
2024-10-15,MSFT,"416,3","420,02","412,84","419,72","18900200,0"
2024-10-15,PETR4.SA,"32,82","32,83","32,52","32,65","28204600,0"
2024-10-16,AAPL,"230,71","231,04","228,78","230,53","34082200,0"
2024-10-16,GOOGL,"164,58","165,22","163,17","163,95","16406000,0"
2024-10-16,ITUB4.SA,"29,69","29,88","29,53","29,87","38487570,0"
2024-10-16,MGLU3.SA,"9,51","9,68","9,3","9,37","21435300,0"
2024-10-16,MSFT,"413,7","413,94","408,09","412,75","15508900,0"
2024-10-16,PETR4.SA,"32,65","32,98","32,64","32,95","23041200,0"
2024-10-17,AAPL,"231,07","232,77","229,45","232,35","32993800,0"
2024-10-17,GOOGL,"162,36","165,79","162,19","165,15","21453400,0"
2024-10-17,ITUB4.SA,"29,75","30,02","29,26","29,39","21660980,0"
2024-10-17,MGLU3.SA,"9,29","9,45","9,29","9,42","15044300,0"
2024-10-17,MSFT,"414,29","420,04","413,17","419,9","14820000,0"
2024-10-17,PETR4.SA,"32,41","32,65","32,2","32,65","22174300,0"
2024-10-18,AAPL,"233,91","235,09","232,93","235,09","46431500,0"
2024-10-18,GOOGL,"162,85","164,13","162,51","162,62","19757700,0"
2024-10-18,ITUB4.SA,"29,89","29,98","29,67","29,82","17187500,0"
2024-10-18,MGLU3.SA,"9,13","9,44","9,09","9,36","24148500,0"
2024-10-18,MSFT,"415,73","417,21","413,84","414,71","17145300,0"
2024-10-18,PETR4.SA,"32,32","32,53","31,95","32,45","32000800,0"
2024-10-21,AAPL,"235,38","235,75","233,36","233,36","36254500,0"
2024-10-21,GOOGL,"163,5","163,92","162,05","162,38","20946500,0"
2024-10-21,ITUB4.SA,"29,74","30,01","29,65","29,98","16381640,0"
2024-10-21,MGLU3.SA,"9,39","9,5","9,17","9,17","23107100,0"
2024-10-21,MSFT,"416,34","416,52","411,34","413,7","14206100,0"
2024-10-21,PETR4.SA,"31,81","32,51","31,77","32,47","28390000,0"
2024-10-22,AAPL,"234,77","235,13","231,52","232,81","38846600,0"
2024-10-22,GOOGL,"164,56","165,19","162,41","162,41","16568100,0"
2024-10-22,ITUB4.SA,"29,79","29,87","29,49","29,65","24126740,0"
2024-10-22,MGLU3.SA,"9,03","9,52","8,88","9,29","31399000,0"
2024-10-22,MSFT,"425,02","428,07","415,61","416,05","25482200,0"
2024-10-22,PETR4.SA,"31,69","31,86","31,58","31,77","29144300,0"
2024-10-23,AAPL,"229,69","234,05","226,7","233,0","52287000,0"
2024-10-23,GOOGL,"162,21","165,24","161,36","164,18","18280500,0"
2024-10-23,ITUB4.SA,"29,98","29,99","29,65","29,66","16888740,0"
2024-10-23,MGLU3.SA,"8,88","9,05","8,8","8,89","20944700,0"
2024-10-23,MSFT,"422,13","428,57","420,07","428,35","19654400,0"
2024-10-23,PETR4.SA,"31,29","31,54","31,21","31,51","30769100,0"
2024-10-24,AAPL,"229,5","229,75","227,35","228,91","31109500,0"
2024-10-24,GOOGL,"162,15","162,76","160,45","162,26","22412500,0"
2024-10-24,ITUB4.SA,"30,25","30,36","29,9","29,98","23530870,0"
2024-10-24,MGLU3.SA,"9,2","9,23","8,81","8,91","25145900,0"
2024-10-24,MSFT,"422,26","423,5","419,94","422,85","13581600,0"
2024-10-24,PETR4.SA,"31,5","31,62","31,21","31,46","23058900,0"
2024-10-25,AAPL,"230,34","232,14","228,51","228,68","38802300,0"
2024-10-25,GOOGL,"164,69","165,01","162,85","163,1","19828900,0"
2024-10-25,ITUB4.SA,"29,91","30,31","29,84","30,25","16874000,0"
2024-10-25,MGLU3.SA,"8,86","9,24","8,86","9,18","20491500,0"
2024-10-25,MSFT,"425,66","430,0","424,09","424,28","16899100,0"
2024-10-25,PETR4.SA,"31,72","32,02","31,46","31,56","32585900,0"
2024-10-28,AAPL,"232,32","233,64","231,47","232,24","36087100,0"
2024-10-28,GOOGL,"166,14","168,16","163,38","168,16","32138600,0"
2024-10-28,ITUB4.SA,"30,27","30,42","30,07","30,2","11586300,0"
2024-10-28,MGLU3.SA,"9,19","9,32","9,0","9,01","21592700,0"
2024-10-28,MSFT,"424,11","429,43","423,82","429,15","14882400,0"
2024-10-28,PETR4.SA,"31,67","31,71","31,01","31,14","27507100,0"
2024-10-29,AAPL,"232,59","233,24","231,24","232,02","35417200,0"
2024-10-29,GOOGL,"169,09","169,78","166,51","167,14","42169000,0"
2024-10-29,ITUB4.SA,"29,95","30,45","29,95","30,38","12840080,0"
2024-10-29,MGLU3.SA,"8,96","9,24","8,88","9,17","17823100,0"
2024-10-29,MSFT,"429,44","430,65","423,32","425,51","17644100,0"
2024-10-29,PETR4.SA,"31,6","31,96","31,42","31,88","26090200,0"
2024-10-30,AAPL,"229,03","232,39","228,49","231,53","47070900,0"
2024-10-30,GOOGL,"173,85","181,38","173,45","180,05","68890800,0"
2024-10-30,ITUB4.SA,"29,87","30,15","29,76","29,94","11729190,0"
2024-10-30,MGLU3.SA,"9,32","9,4","8,9","8,98","25399500,0"
2024-10-30,MSFT,"430,01","435,95","429,59","434,89","29749100,0"
2024-10-30,PETR4.SA,"31,46","31,92","31,46","31,7","26144700,0"
2024-10-31,AAPL,"224,86","228,77","224,33","228,28","64370100,0"
2024-10-31,GOOGL,"170,51","176,2","170,4","172,52","44769000,0"
2024-10-31,ITUB4.SA,"29,67","30,17","29,67","29,87","22085580,0"
2024-10-31,MGLU3.SA,"9,18","9,39","9,13","9,24","13584900,0"
2024-10-31,MSFT,"403,99","413,74","403,94","412,94","53971000,0"
2024-10-31,PETR4.SA,"31,51","31,64","31,27","31,48","25597000,0"
2024-11-01,AAPL,"221,88","224,31","219,25","219,95","65276700,0"
2024-11-01,GOOGL,"170,69","171,72","168,29","169,47","31796500,0"
2024-11-01,ITUB4.SA,"29,51","29,92","29,49","29,67","25026760,0"
2024-11-01,MGLU3.SA,"8,6","9,31","8,52","9,31","28708900,0"
2024-11-01,MSFT,"407,98","413,08","405,13","406,63","24230400,0"
2024-11-01,PETR4.SA,"31,08","31,92","30,98","31,77","30605300,0"
2024-11-04,AAPL,"220,98","221,76","218,69","219,97","44944500,0"
2024-11-04,GOOGL,"168,65","170,13","167,42","169,34","21492700,0"
2024-11-04,ITUB4.SA,"29,91","30,13","29,57","29,78","22549890,0"
2024-11-04,MGLU3.SA,"9,49","9,59","8,87","8,87","45272300,0"
2024-11-04,MSFT,"406,08","408,03","403,21","407,41","19672300,0"
2024-11-04,PETR4.SA,"31,15","31,55","31,05","31,5","24003600,0"
2024-11-05,AAPL,"222,41","222,91","220,12","220,77","28111300,0"
2024-11-05,GOOGL,"169,15","169,93","168,25","168,84","18242100,0"
2024-11-05,ITUB4.SA,"30,8","31,07","30,18","30,26","57777280,0"
2024-11-05,MGLU3.SA,"9,69","9,73","9,14","9,37","37152100,0"
2024-11-05,MSFT,"409,07","412,49","405,7","405,99","17626000,0"
2024-11-05,PETR4.SA,"31,06","31,24","30,74","31,15","23990600,0"
2024-11-06,AAPL,"221,69","225,02","220,17","221,58","54561100,0"
2024-11-06,GOOGL,"175,89","176,32","172,89","173,19","33695500,0"
2024-11-06,ITUB4.SA,"30,66","30,88","30,11","30,41","42775700,0"
2024-11-06,MGLU3.SA,"9,45","9,63","9,26","9,46","29309700,0"
2024-11-06,MSFT,"417,73","418,0","408,13","410,02","26681800,0"
2024-11-06,PETR4.SA,"31,07","31,12","30,75","30,76","28440800,0"
2024-11-07,AAPL,"226,43","226,82","223,53","223,59","42137700,0"
2024-11-07,GOOGL,"180,12","180,45","176,57","176,79","25352900,0"
2024-11-07,ITUB4.SA,"30,21","30,92","30,14","30,63","16326530,0"
2024-11-07,MGLU3.SA,"9,11","9,81","9,09","9,52","39611000,0"
2024-11-07,MSFT,"422,95","424,37","417,44","418,83","19901800,0"
2024-11-07,PETR4.SA,"31,16","31,5","30,95","31,14","34081200,0"
2024-11-08,AAPL,"226,16","227,85","225,61","226,37","38328800,0"
2024-11-08,GOOGL,"177,73","180,27","177,46","180,02","22006200,0"
2024-11-08,ITUB4.SA,"29,74","29,98","29,57","29,73","25483480,0"
2024-11-08,MGLU3.SA,"9,32","9,63","8,81","9,45","60470900,0"
2024-11-08,MSFT,"420,08","424,02","419,33","422,84","16891400,0"
2024-11-08,PETR4.SA,"31,75","31,87","31,19","31,46","49865100,0"
2024-11-11,AAPL,"223,44","224,9","220,72","224,2","42005600,0"
2024-11-11,GOOGL,"179,72","179,92","177,85","177,95","17450400,0"
2024-11-11,ITUB4.SA,"29,77","30,02","29,59","29,63","20075440,0"
2024-11-11,MGLU3.SA,"9,13","9,29","8,95","9,22","33018800,0"
2024-11-11,MSFT,"415,58","422,34","413,58","420,06","24503300,0"
2024-11-11,PETR4.SA,"31,81","31,96","31,5","31,58","21446300,0"
2024-11-12,AAPL,"223,44","224,79","222,57","223,76","40398300,0"
2024-11-12,GOOGL,"180,98","181,85","178,76","179,19","25134900,0"
2024-11-12,ITUB4.SA,"29,41","29,91","29,38","29,8","25816780,0"
2024-11-12,MGLU3.SA,"8,96","9,31","8,96","9,16","29553400,0"
2024-11-12,MSFT,"420,57","421,97","414,77","415,82","19401200,0"
2024-11-12,PETR4.SA,"32,41","32,57","31,89","31,91","39412300,0"
2024-11-13,AAPL,"224,32","225,85","221,97","223,22","48566200,0"
2024-11-13,GOOGL,"178,25","180,33","177,92","179,83","23184000,0"
2024-11-13,ITUB4.SA,"29,26","29,54","29,07","29,5","28840790,0"
2024-11-13,MGLU3.SA,"8,99","9,26","8,77","9,03","34834800,0"
2024-11-13,MSFT,"422,73","426,83","415,78","419,19","21502200,0"
2024-11-13,PETR4.SA,"32,36","32,53","32,06","32,43","34090000,0"
2024-11-14,AAPL,"227,41","228,06","224,2","224,22","44923900,0"
2024-11-14,GOOGL,"174,97","178,19","173,71","177,66","31007500,0"
2024-11-14,ITUB4.SA,"29,18","29,34","28,96","29,2","33993850,0"
2024-11-14,MGLU3.SA,"8,74","9,27","8,72","8,99","35674600,0"
2024-11-14,MSFT,"424,41","425,68","417,56","422,53","30246900,0"
2024-11-14,PETR4.SA,"32,71","32,76","32,35","32,4","30262100,0"
2024-11-15,AAPL,"224,2","226,12","223,48","225,6","47923700,0"
2024-11-15,GOOGL,"171,89","173,53","170,62","173,12","32504600,0"
2024-11-15,MSFT,"412,58","420,34","411,23","417,38","28247600,0"
2024-11-18,AAPL,"227,21","228,93","224,37","224,45","44633700,0"
2024-11-18,GOOGL,"174,69","174,83","172,29","172,81","20135300,0"
2024-11-18,ITUB4.SA,"29,07","29,3","29,01","29,14","20352420,0"
2024-11-18,MGLU3.SA,"8,96","9,18","8,74","8,83","29247600,0"
2024-11-18,MSFT,"413,34","415,96","409,7","412,46","24727000,0"
2024-11-18,PETR4.SA,"33,52","33,61","32,65","32,65","39004100,0"
2024-11-19,AAPL,"227,47","229,35","225,86","226,18","36211800,0"
2024-11-19,GOOGL,"177,5","178,24","172,95","173,11","23434900,0"
2024-11-19,ITUB4.SA,"29,34","29,41","28,96","29,07","17494950,0"
2024-11-19,MGLU3.SA,"9,11","9,14","8,83","9,01","21220700,0"
2024-11-19,MSFT,"415,36","415,51","409,15","410,71","18133500,0"
2024-11-19,PETR4.SA,"33,17","33,61","33,04","33,44","26002700,0"
2024-11-20,AAPL,"228,19","229,12","225,09","227,25","35169600,0"
2024-11-20,GOOGL,"175,36","177,06","173,17","176,72","18997100,0"
2024-11-20,MSFT,"413,07","414,86","408,19","414,44","19191700,0"
2024-11-21,AAPL,"227,71","229,35","224,91","228,07","42108300,0"
2024-11-21,GOOGL,"167,04","173,52","163,13","173,29","59734400,0"
2024-11-21,ITUB4.SA,"28,83","29,19","28,83","29,02","27890720,0"
2024-11-21,MGLU3.SA,"8,87","9,04","8,84","8,95","29383300,0"
2024-11-21,MSFT,"411,29","418,17","408,72","417,89","20780200,0"
2024-11-21,PETR4.SA,"33,27","33,46","32,95","33,32","36048400,0"
2024-11-22,AAPL,"229,06","229,9","227,25","227,25","38168300,0"
2024-11-22,GOOGL,"164,18","165,88","163,33","165,27","38604600,0"
2024-11-22,ITUB4.SA,"28,91","29,16","28,77","29,16","14178780,0"
2024-11-22,MGLU3.SA,"9,14","9,15","8,85","8,98","24574400,0"
2024-11-22,MSFT,"415,4","415,8","409,49","409,79","24814600,0"
2024-11-22,PETR4.SA,"34,59","34,95","33,76","33,97","85234900,0"
2024-11-25,AAPL,"232,05","232,42","228,93","230,64","90152800,0"
2024-11-25,GOOGL,"167,06","168,04","165,03","165,51","33135300,0"
2024-11-25,ITUB4.SA,"28,91","29,0","28,8","28,9","26230380,0"
2024-11-25,MGLU3.SA,"9,72","9,72","9,13","9,15","22335700,0"
2024-11-25,MSFT,"417,19","419,47","413,26","416,78","27691100,0"
2024-11-25,PETR4.SA,"34,38","34,98","34,36","34,56","41119500,0"
2024-11-26,AAPL,"234,23","234,74","232,5","232,5","45986200,0"
2024-11-26,GOOGL,"168,53","169,23","166,99","167,04","20486700,0"
2024-11-26,ITUB4.SA,"29,46","29,8","28,96","28,99","29383420,0"
2024-11-26,MGLU3.SA,"10,33","10,43","9,64","9,66","36376200,0"
2024-11-26,MSFT,"426,35","427,4","417,25","417,98","23458900,0"
2024-11-26,PETR4.SA,"34,34","34,67","34,28","34,54","35188200,0"
2024-11-27,AAPL,"234,1","234,86","232,98","233,64","33498400,0"
2024-11-27,GOOGL,"168,64","168,89","167,43","168,41","19266500,0"
2024-11-27,ITUB4.SA,"28,74","29,54","28,58","29,4","26035020,0"
2024-11-27,MGLU3.SA,"9,36","10,44","9,36","10,35","39522600,0"
2024-11-27,MSFT,"421,37","425,59","420,4","423,48","18332400,0"
2024-11-27,PETR4.SA,"34,22","34,54","34,01","34,4","30600700,0"
2024-11-28,ITUB4.SA,"27,7","28,68","27,66","28,63","43013520,0"
2024-11-28,MGLU3.SA,"8,73","9,5","8,6","9,35","31413600,0"
2024-11-28,PETR4.SA,"33,87","34,49","33,68","34,06","33113500,0"
2024-11-29,AAPL,"236,49","236,97","233,14","233,98","28481400,0"
2024-11-29,GOOGL,"168,36","168,84","166,57","167,91","14257200,0"
2024-11-29,ITUB4.SA,"27,63","27,91","27,28","27,77","40506290,0"
2024-11-29,MGLU3.SA,"8,77","8,95","8,45","8,74","38100800,0"
2024-11-29,MSFT,"421,84","423,25","416,2","418,48","16271900,0"
2024-11-29,PETR4.SA,"34,14","34,42","33,71","33,79","44011700,0"
2024-12-02,AAPL,"238,74","239,94","236,32","236,43","48137100,0"
2024-12-02,GOOGL,"170,89","171,48","167,98","168,18","23789100,0"
2024-12-02,ITUB4.SA,"27,24","27,69","27,14","27,47","24295370,0"
2024-12-02,MGLU3.SA,"8,93","9,13","8,6","8,75","24470000,0"
2024-12-02,MSFT,"429,33","431,34","419,7","419,96","20207200,0"
2024-12-02,PETR4.SA,"34,36","34,58","34,02","34,14","31711800,0"
2024-12-03,AAPL,"241,79","241,9","238,05","238,96","38861000,0"
2024-12-03,GOOGL,"170,74","172,08","170,25","170,89","22248700,0"
2024-12-03,ITUB4.SA,"27,55","27,58","27,29","27,32","22677160,0"
2024-12-03,MGLU3.SA,"9,04","9,14","8,89","9,01","23690600,0"
2024-12-03,MSFT,"429,55","430,81","426,1","428,19","18302000,0"
2024-12-03,PETR4.SA,"34,66","34,66","34,3","34,58","22536200,0"
2024-12-04,AAPL,"242,15","243,25","240,4","242,01","44383900,0"
2024-12-04,GOOGL,"173,76","174,3","170,46","170,55","31615100,0"
2024-12-04,ITUB4.SA,"27,72","27,86","27,45","27,49","24381610,0"
2024-12-04,MGLU3.SA,"8,97","9,22","8,97","9,07","22328400,0"
2024-12-04,MSFT,"435,74","437,99","430,97","431,37","26009400,0"
2024-12-04,PETR4.SA,"34,44","34,98","34,21","34,66","31584400,0"
2024-12-05,AAPL,"242,18","243,67","241,27","243,13","40033900,0"
2024-12-05,GOOGL,"172,04","175,44","171,73","174,75","21356200,0"
2024-12-05,ITUB4.SA,"28,31","28,41","27,82","27,97","35871110,0"
2024-12-05,MGLU3.SA,"8,92","9,39","8,92","9,13","25822500,0"
2024-12-05,MSFT,"440,92","442,96","434,5","436,24","21697800,0"
2024-12-05,PETR4.SA,"34,79","34,94","34,41","34,57","25214200,0"
2024-12-06,AAPL,"241,98","243,76","241,22","242,05","36870600,0"
2024-12-06,GOOGL,"174,1","174,47","171,26","171,43","21462400,0"
2024-12-06,ITUB4.SA,"27,73","28,32","27,72","28,23","23530540,0"
2024-12-06,MGLU3.SA,"8,29","9,07","8,23","8,92","33718600,0"
2024-12-06,MSFT,"441,87","444,39","440,08","440,61","18821000,0"
2024-12-06,PETR4.SA,"34,25","34,84","34,19","34,79","31118500,0"
2024-12-09,AAPL,"245,88","246,37","240,89","240,97","44649200,0"
2024-12-09,GOOGL,"174,96","175,84","173,24","173,55","25389600,0"
2024-12-09,ITUB4.SA,"27,87","28,1","27,78","27,78","17790300,0"
2024-12-09,MGLU3.SA,"8,21","8,65","8,17","8,36","30593800,0"
2024-12-09,MSFT,"444,31","446,61","438,81","440,9","19144400,0"
2024-12-09,PETR4.SA,"35,14","35,25","34,54","34,56","28548700,0"
2024-12-10,AAPL,"246,89","247,33","244,47","246,02","36914800,0"
2024-12-10,GOOGL,"184,73","185,92","180,62","182,42","54813000,0"
2024-12-10,ITUB4.SA,"28,25","28,4","28,0","28,03","20823220,0"
2024-12-10,MGLU3.SA,"8,47","8,52","8,09","8,43","28103000,0"
2024-12-10,MSFT,"441,63","447,9","439,91","442,69","18469500,0"
2024-12-10,PETR4.SA,"35,27","35,48","35,2","35,37","21837600,0"
2024-12-11,AAPL,"245,62","249,91","245,39","247,08","45205800,0"
2024-12-11,GOOGL,"194,94","195,15","184,41","184,87","67894100,0"
2024-12-11,ITUB4.SA,"28,52","28,9","27,96","28,27","34937540,0"
2024-12-11,MGLU3.SA,"8,94","9,25","8,45","8,54","38027400,0"
2024-12-11,MSFT,"447,27","448,63","442,35","442,35","19200200,0"
2024-12-11,PETR4.SA,"35,62","35,77","35,06","35,41","46900900,0"
2024-12-12,AAPL,"247,08","247,86","244,81","246,02","32777500,0"
2024-12-12,GOOGL,"191,51","194,72","191,26","194,54","34817500,0"
2024-12-12,ITUB4.SA,"27,81","28,41","27,72","28,26","26679180,0"
2024-12-12,MGLU3.SA,"8,14","8,68","8,07","8,64","38569800,0"
2024-12-12,MSFT,"447,84","454,41","447,39","447,39","20834800,0"
2024-12-12,PETR4.SA,"34,98","35,49","34,78","35,33","38310600,0"
2024-12-13,AAPL,"247,25","248,41","245,37","246,94","33155300,0"
2024-12-13,GOOGL,"189,37","192,28","189,19","190,56","25143500,0"
2024-12-13,ITUB4.SA,"27,45","27,94","27,44","27,85","27182870,0"
2024-12-13,MGLU3.SA,"7,96","8,35","7,95","8,14","24255600,0"
2024-12-13,MSFT,"445,56","449,7","443,87","446,72","20177800,0"
2024-12-13,PETR4.SA,"34,76","35,34","34,6","35,22","23235400,0"
2024-12-16,AAPL,"250,15","250,49","246,77","247,11","51694800,0"
2024-12-16,GOOGL,"196,2","198,53","192,17","192,42","44934900,0"
2024-12-16,ITUB4.SA,"27,15","27,49","27,15","27,41","36324860,0"
2024-12-16,MGLU3.SA,"7,53","8,03","7,49","8,01","24554300,0"
2024-12-16,MSFT,"449,86","450,45","443,57","445,56","23598800,0"
2024-12-16,PETR4.SA,"34,62","34,91","34,52","34,85","21349400,0"
2024-12-17,AAPL,"252,58","252,93","248,9","249,2","51356400,0"
2024-12-17,GOOGL,"194,96","200,95","194,52","196,78","43504000,0"
2024-12-17,ITUB4.SA,"27,3","27,55","27,06","27,23","44123970,0"
2024-12-17,MGLU3.SA,"7,25","7,64","7,21","7,62","39132600,0"
2024-12-17,MSFT,"452,72","453,55","447,85","449,28","22733500,0"
2024-12-17,PETR4.SA,"34,95","35,12","34,52","34,62","39617200,0"
2024-12-18,AAPL,"247,17","253,38","246,86","251,27","56774100,0"
2024-12-18,GOOGL,"187,96","196,54","187,3","194,76","34166100,0"
2024-12-18,ITUB4.SA,"26,52","27,26","26,43","27,2","56468060,0"
2024-12-18,MGLU3.SA,"6,52","7,14","6,43","7,04","38202900,0"
2024-12-18,MSFT,"435,71","450,92","435,35","449,59","24444500,0"
2024-12-18,PETR4.SA,"34,04","35,04","34,04","34,93","58126400,0"
2024-12-19,AAPL,"248,91","251,11","246,22","246,62","60882300,0"
2024-12-19,GOOGL,"188,07","192,57","187,94","191,18","32265200,0"
2024-12-19,ITUB4.SA,"26,66","27,0","26,47","26,71","51735310,0"
2024-12-19,MGLU3.SA,"6,92","6,92","6,52","6,55","37886300,0"
2024-12-19,MSFT,"435,36","441,48","434,65","439,93","22963700,0"
2024-12-19,PETR4.SA,"33,91","34,61","33,74","34,36","43268400,0"
2024-12-20,AAPL,"253,59","254,1","244,82","247,16","147495300,0"
2024-12-20,GOOGL,"190,96","192,44","184,78","185,34","63462900,0"
2024-12-20,ITUB4.SA,"26,97","26,99","26,59","26,59","58456420,0"
2024-12-20,MGLU3.SA,"7,09","7,37","6,78","6,9","37602000,0"
2024-12-20,MSFT,"434,93","442,04","426,99","431,45","64263700,0"
2024-12-20,PETR4.SA,"33,62","34,08","33,5","33,91","59277400,0"
2024-12-23,AAPL,"254,37","254,75","252,55","253,87","40858800,0"
2024-12-23,GOOGL,"194,17","194,64","189,7","192,17","25675000,0"
2024-12-23,ITUB4.SA,"26,45","26,81","26,33","26,65","30510150,0"
2024-12-23,MGLU3.SA,"6,78","7,06","6,74","6,99","21508800,0"
2024-12-23,MSFT,"433,58","435,97","431,17","435,07","19152500,0"
2024-12-23,PETR4.SA,"33,63","33,81","33,51","33,76","43785600,0"
2024-12-24,AAPL,"257,29","257,3","254,39","254,59","23234700,0"
2024-12-24,GOOGL,"195,65","195,65","193,32","194,38","10403300,0"
2024-12-24,MSFT,"437,65","437,92","432,53","432,99","7164500,0"
2024-12-26,AAPL,"258,1","259,18","256,72","257,28","27237100,0"
2024-12-26,GOOGL,"195,14","196,29","193,92","194,69","12046600,0"
2024-12-26,ITUB4.SA,"26,62","26,74","26,36","26,41","22600270,0"
2024-12-26,MGLU3.SA,"6,34","6,87","6,33","6,82","28600000,0"
2024-12-26,MSFT,"436,43","439,25","434,96","437,4","8194200,0"
2024-12-26,PETR4.SA,"33,89","34,1","33,72","33,75","22920700,0"
2024-12-27,AAPL,"254,69","257,78","252,16","256,92","42355300,0"
2024-12-27,GOOGL,"192,31","194,86","190,2","194,49","18891400,0"
2024-12-27,ITUB4.SA,"26,35","26,74","26,35","26,67","14969460,0"
2024-12-27,MGLU3.SA,"6,32","6,53","6,1","6,47","32270000,0"
2024-12-27,MSFT,"428,88","433,55","424,72","432,94","18117700,0"
2024-12-27,PETR4.SA,"33,78","34,1","33,73","34,1","24167200,0"
2024-12-30,AAPL,"251,31","252,6","249,86","251,34","35557500,0"
2024-12-30,GOOGL,"190,79","192,1","188,67","189,35","14264700,0"
2024-12-30,ITUB4.SA,"26,31","26,6","26,31","26,43","31215030,0"
2024-12-30,MGLU3.SA,"6,31","6,59","6,22","6,35","23979900,0"
2024-12-30,MSFT,"423,2","425,91","420,28","424,43","13158700,0"
2024-12-30,PETR4.SA,"34,28","34,45","33,89","33,9","22355600,0"
2024-12-31,AAPL,"249,53","252,38","248,55","251,55","39480700,0"
2024-12-31,GOOGL,"188,85","191,51","188,07","190,63","17466900,0"
2024-12-31,MSFT,"419,89","425,1","419,05","424,47","13246500,0"
2025-01-02,AAPL,"242,99","248,22","240,96","248,05","55740700,0"
2025-01-02,GOOGL,"188,98","191,55","187,06","190,2","20370800,0"
2025-01-02,ITUB4.SA,"26,19","26,43","25,91","26,26","28207740,0"
2025-01-02,MGLU3.SA,"6,24","6,38","6,07","6,31","28463800,0"
2025-01-02,MSFT,"416,98","424,44","413,26","423,9","16896500,0"
2025-01-02,PETR4.SA,"34,83","35,14","34,28","34,5","30046800,0"
2025-01-03,AAPL,"242,5","243,32","241,03","242,5","40244100,0"
2025-01-03,GOOGL,"191,34","192,75","189,53","190,92","18596200,0"
2025-01-03,ITUB4.SA,"25,55","26,23","25,55","26,21","38873010,0"
2025-01-03,MGLU3.SA,"6,08","6,37","5,97","6,24","20272000,0"
2025-01-03,MSFT,"421,73","422,41","417,93","419,47","16662900,0"
2025-01-03,PETR4.SA,"34,46","35,09","34,41","34,94","23314200,0"
2025-01-06,AAPL,"244,13","246,46","242,34","243,45","45045600,0"
2025-01-06,GOOGL,"196,41","197,75","193,39","193,52","29563600,0"
2025-01-06,ITUB4.SA,"26,69","26,77","25,8","25,88","34081630,0"
2025-01-06,MGLU3.SA,"6,46","6,49","6,18","6,22","31326400,0"
2025-01-06,MSFT,"426,21","432,66","423,85","426,36","20573600,0"
2025-01-06,PETR4.SA,"34,3","34,76","34,16","34,67","23760200,0"
2025-01-07,AAPL,"241,35","244,68","240,5","242,12","40856000,0"
2025-01-07,GOOGL,"195,03","200,53","194,14","196,65","26487200,0"
2025-01-07,ITUB4.SA,"26,99","27,29","26,76","26,83","27790620,0"
2025-01-07,MGLU3.SA,"6,41","6,61","6,35","6,52","21863100,0"
2025-01-07,MSFT,"420,75","429,0","419,19","427,36","18139100,0"
2025-01-07,PETR4.SA,"35,03","35,29","34,39","34,62","37753300,0"
2025-01-08,AAPL,"241,84","242,85","239,2","241,06","37628900,0"
2025-01-08,GOOGL,"193,49","195,83","191,93","192,12","24864800,0"
2025-01-08,ITUB4.SA,"26,55","26,91","26,44","26,75","21148710,0"
2025-01-08,MGLU3.SA,"5,99","6,29","5,89","6,27","26135100,0"
2025-01-08,MSFT,"422,93","425,33","419,93","421,84","15054600,0"
2025-01-08,PETR4.SA,"34,75","35,16","34,51","35,04","24483500,0"
2025-01-09,ITUB4.SA,"26,62","26,7","26,49","26,57","11131780,0"
2025-01-09,MGLU3.SA,"5,83","5,99","5,73","5,95","23940600,0"
2025-01-09,PETR4.SA,"34,9","35,02","34,77","34,77","11526600,0"
2025-01-10,AAPL,"236,01","239,31","232,18","239,16","61710900,0"
2025-01-10,GOOGL,"191,59","196,06","189,86","193,84","26665200,0"
2025-01-10,ITUB4.SA,"26,25","26,68","26,17","26,61","21217130,0"
2025-01-10,MGLU3.SA,"5,85","5,96","5,73","5,84","18164800,0"
2025-01-10,MSFT,"417,35","423,08","413,43","423,0","20201100,0"
2025-01-10,PETR4.SA,"34,99","35,54","34,96","35,29","40328800,0"
2025-01-13,AAPL,"233,57","233,84","228,91","232,7","49630700,0"
2025-01-13,GOOGL,"190,56","190,73","186,92","189,62","21823700,0"
2025-01-13,ITUB4.SA,"26,44","26,67","26,24","26,24","17025030,0"
2025-01-13,MGLU3.SA,"5,64","5,9","5,6","5,89","17078200,0"
2025-01-13,MSFT,"415,59","416,9","410,71","413,65","17604800,0"
2025-01-13,PETR4.SA,"35,12","35,55","35,02","35,34","22897100,0"
2025-01-14,AAPL,"232,45","235,28","231,65","233,92","39435300,0"
2025-01-14,GOOGL,"189,21","191,53","187,87","190,79","17174900,0"
2025-01-14,ITUB4.SA,"26,46","26,52","26,06","26,5","22260700,0"
2025-01-14,MGLU3.SA,"5,74","5,75","5,54","5,69","24854100,0"
2025-01-14,MSFT,"414,08","418,13","409,15","416,21","16935900,0"
2025-01-14,PETR4.SA,"34,88","35,17","34,65","35,16","29173100,0"
2025-01-15,AAPL,"237,03","238,11","233,6","233,81","39832000,0"
2025-01-15,GOOGL,"195,09","195,9","191,41","192,63","21776000,0"
2025-01-15,ITUB4.SA,"27,6","27,66","26,62","26,7","39134260,0"
2025-01-15,MGLU3.SA,"6,18","6,24","5,82","5,83","32608200,0"
2025-01-15,MSFT,"424,68","426,51","416,67","417,52","19637800,0"
2025-01-15,PETR4.SA,"35,33","35,35","34,86","34,98","32512700,0"
2025-01-16,AAPL,"227,45","237,17","227,22","236,51","71759100,0"
2025-01-16,GOOGL,"192,46","195,02","192,36","193,68","17815400,0"
2025-01-16,ITUB4.SA,"27,52","27,75","27,29","27,54","24043910,0"
2025-01-16,MGLU3.SA,"5,77","6,15","5,75","6,1","29222900,0"
2025-01-16,MSFT,"422,95","427,85","422,76","427,06","15300000,0"
2025-01-16,PETR4.SA,"35,1","35,28","34,83","35,25","26733200,0"
2025-01-17,AAPL,"229,17","231,47","227,67","231,3","68488300,0"
2025-01-17,GOOGL,"195,54","196,76","193,29","196,07","27735100,0"
2025-01-17,ITUB4.SA,"27,71","27,9","27,49","27,65","22939620,0"
2025-01-17,MGLU3.SA,"5,88","5,95","5,73","5,83","23446400,0"
2025-01-17,MSFT,"427,39","432,82","426,53","432,43","26197500,0"
2025-01-17,PETR4.SA,"35,24","35,43","34,91","35,06","39941100,0"
2025-01-20,ITUB4.SA,"27,98","28,19","27,59","27,59","10157840,0"
2025-01-20,MGLU3.SA,"5,93","6,04","5,68","5,83","17589900,0"
2025-01-20,PETR4.SA,"35,33","35,46","35,16","35,26","13912800,0"
2025-01-21,AAPL,"221,85","223,63","218,6","223,21","98070400,0"
2025-01-21,GOOGL,"197,58","201,81","197,4","198,6","29971300,0"
2025-01-21,ITUB4.SA,"28,04","28,19","27,87","27,98","15454780,0"
2025-01-21,MGLU3.SA,"5,98","6,07","5,87","5,93","17012500,0"
2025-01-21,MSFT,"426,86","429,25","423,97","428,55","26085700,0"
2025-01-21,PETR4.SA,"35,34","35,38","34,79","35,15","23612200,0"
2025-01-22,AAPL,"223,04","223,33","219,01","219,01","64126500,0"
2025-01-22,GOOGL,"197,9","200,01","197,06","198,59","26200600,0"
2025-01-22,ITUB4.SA,"27,94","28,24","27,85","28,14","23141690,0"
2025-01-22,MGLU3.SA,"6,18","6,32","5,93","6,06","22735100,0"
2025-01-22,MSFT,"444,49","445,56","434,33","435,88","27803800,0"
2025-01-22,PETR4.SA,"35,14","35,65","35,08","35,39","21832200,0"
2025-01-23,AAPL,"222,87","226,23","221,51","223,95","60234800,0"
2025-01-23,GOOGL,"197,51","199,83","194,74","197,67","26951400,0"
2025-01-23,ITUB4.SA,"27,88","28,16","27,7","28,02","22246400,0"
2025-01-23,MGLU3.SA,"6,11","6,29","5,99","6,18","18282500,0"
2025-01-23,MSFT,"445,0","445,04","439,81","440,31","18389300,0"
2025-01-23,PETR4.SA,"34,89","35,44","34,77","35,16","26725700,0"
2025-01-24,AAPL,"221,99","224,83","220,63","223,98","54697900,0"
2025-01-24,GOOGL,"199,74","200,43","197,53","197,63","23877500,0"
2025-01-24,ITUB4.SA,"27,81","27,93","27,68","27,78","9620600,0"
2025-01-24,MGLU3.SA,"6,18","6,4","6,14","6,15","14457500,0"
2025-01-24,MSFT,"442,36","444,94","439,71","443,46","15549500,0"
2025-01-24,PETR4.SA,"34,71","34,96","34,48","34,94","16216500,0"
2025-01-27,AAPL,"229,05","231,33","223,19","223,23","94863400,0"
2025-01-27,GOOGL,"191,36","196,42","190,28","191,96","41728900,0"
2025-01-27,ITUB4.SA,"28,48","28,54","27,68","27,81","22250470,0"
2025-01-27,MGLU3.SA,"6,81","6,83","6,12","6,16","27601900,0"
2025-01-27,MSFT,"432,9","433,53","421,88","422,39","35647800,0"
2025-01-27,PETR4.SA,"35,22","35,34","34,55","34,64","29809700,0"
2025-01-28,AAPL,"237,42","239,34","229,99","230,03","75707600,0"
2025-01-28,GOOGL,"194,84","195,02","190,23","192,3","24157900,0"
2025-01-28,ITUB4.SA,"28,53","28,66","28,25","28,48","15771360,0"
2025-01-28,MGLU3.SA,"6,56","6,83","6,56","6,78","18431700,0"
2025-01-28,MSFT,"445,49","446,66","429,73","432,94","23491700,0"
2025-01-28,PETR4.SA,"35,17","35,52","34,94","35,43","27621700,0"
2025-01-29,AAPL,"238,51","239,01","233,18","233,29","45486100,0"
2025-01-29,GOOGL,"194,95","196,33","192,97","195,1","18218300,0"
2025-01-29,ITUB4.SA,"28,46","28,74","28,44","28,65","13258190,0"
2025-01-29,MGLU3.SA,"6,4","6,66","6,27","6,63","20659600,0"
2025-01-29,MSFT,"440,64","445,17","438,71","444,98","23581400,0"
2025-01-29,PETR4.SA,"34,96","35,36","34,82","35,24","18204400,0"
2025-01-30,AAPL,"236,75","239,94","236,37","237,83","55658300,0"
2025-01-30,GOOGL,"200,4","200,93","197,2","197,53","24354700,0"
2025-01-30,ITUB4.SA,"29,15","29,28","28,47","28,47","28844530,0"
2025-01-30,MGLU3.SA,"7,06","7,2","6,51","6,51","31780200,0"
2025-01-30,MSFT,"413,4","421,24","411,58","417,17","54586300,0"
2025-01-30,PETR4.SA,"35,42","35,53","34,86","35,09","30916000,0"
2025-01-31,AAPL,"235,17","246,32","232,61","246,32","100959800,0"
2025-01-31,GOOGL,"203,54","205,0","201,32","201,52","32001100,0"
2025-01-31,ITUB4.SA,"28,97","29,32","28,97","29,26","19837840,0"
2025-01-31,MGLU3.SA,"7,24","7,34","6,99","7,1","25872400,0"
2025-01-31,MSFT,"413,47","419,08","413,32","417,38","34161900,0"
2025-01-31,PETR4.SA,"35,7","36,35","35,29","35,42","37044800,0"
2025-02-03,AAPL,"227,2","231,01","224,9","229,18","73063300,0"
2025-02-03,GOOGL,"200,76","203,27","199,63","200,22","27838300,0"
2025-02-03,ITUB4.SA,"28,7","28,96","28,49","28,87","24929520,0"
2025-02-03,MGLU3.SA,"7,01","7,11","6,87","7,11","22910800,0"
2025-02-03,MSFT,"409,35","413,82","407,09","410,02","25679100,0"
2025-02-03,PETR4.SA,"35,52","35,82","35,41","35,77","24877600,0"
2025-02-04,AAPL,"231,98","232,31","225,85","226,45","45067300,0"
2025-02-04,GOOGL,"205,89","206,56","202,33","202,91","43856400,0"
2025-02-04,ITUB4.SA,"28,8","29,05","28,47","28,63","22480260,0"
2025-02-04,MGLU3.SA,"7,03","7,09","6,61","6,94","28804500,0"
2025-02-04,MSFT,"410,79","412,33","408,17","411,11","20532100,0"
2025-02-04,PETR4.SA,"35,17","35,38","34,88","35,34","34290300,0"
2025-02-05,AAPL,"231,65","231,85","227,46","227,72","39620300,0"
2025-02-05,GOOGL,"190,88","192,3","187,59","190,62","70373900,0"
2025-02-05,ITUB4.SA,"29,24","29,49","28,93","28,99","44027830,0"
2025-02-05,MGLU3.SA,"6,68","7,0","6,66","7,0","20919700,0"
2025-02-05,MSFT,"411,71","412,25","408,83","410,77","16316700,0"
2025-02-05,PETR4.SA,"34,92","35,12","34,81","35,1","20539800,0"
2025-02-06,AAPL,"232,4","232,97","229,61","230,47","29925300,0"
2025-02-06,GOOGL,"191,15","191,65","188,27","189,05","29297400,0"
2025-02-06,ITUB4.SA,"29,29","29,48","28,24","28,54","42761730,0"
2025-02-06,MGLU3.SA,"7,17","7,2","6,71","6,71","27362200,0"
2025-02-06,MSFT,"414,23","416,6","412,41","412,41","16309800,0"
2025-02-06,PETR4.SA,"34,85","35,16","34,77","34,9","17512400,0"
2025-02-07,AAPL,"226,82","233,17","226,46","231,78","39707200,0"
2025-02-07,GOOGL,"184,9","190,73","182,81","190,6","49315000,0"
2025-02-07,ITUB4.SA,"29,07","29,55","28,89","29,39","38916130,0"
2025-02-07,MGLU3.SA,"6,86","7,23","6,76","7,13","30605600,0"
2025-02-07,MSFT,"408,18","417,05","406,54","414,88","22886800,0"
2025-02-07,PETR4.SA,"34,65","35,08","34,45","34,92","21438700,0"
2025-02-10,AAPL,"227,09","230,03","226,65","229,01","33115600,0"
2025-02-10,GOOGL,"186,03","187,76","185,42","186,91","23105600,0"
2025-02-10,ITUB4.SA,"29,39","29,61","29,15","29,19","41443710,0"
2025-02-10,MGLU3.SA,"7,05","7,25","6,93","6,95","20874300,0"
2025-02-10,MSFT,"410,64","413,87","409,35","412,13","20817900,0"
2025-02-10,PETR4.SA,"34,89","35,08","34,79","34,87","17483300,0"
2025-02-11,AAPL,"232,05","234,66","227,57","227,64","53718400,0"
2025-02-11,GOOGL,"184,88","186,5","183,85","184,59","21239500,0"
2025-02-11,ITUB4.SA,"29,7","29,91","29,49","29,49","34478070,0"
2025-02-11,MGLU3.SA,"7,06","7,25","6,87","7,04","26133400,0"
2025-02-11,MSFT,"409,86","410,91","407,73","408,07","18140600,0"
2025-02-11,PETR4.SA,"34,89","35,14","34,75","35,06","16624300,0"
2025-02-12,AAPL,"236,29","236,38","230,12","230,64","45243300,0"
2025-02-12,GOOGL,"183,18","184,67","181,4","182,79","22072600,0"
2025-02-12,ITUB4.SA,"28,88","29,67","28,74","29,49","33312180,0"
2025-02-12,MGLU3.SA,"6,88","6,99","6,76","6,9","23994600,0"
2025-02-12,MSFT,"407,47","409,18","402,82","405,65","19121700,0"
2025-02-12,PETR4.SA,"34,37","34,81","34,21","34,72","37364500,0"
2025-02-13,AAPL,"240,94","241,75","234,99","236,33","53614100,0"
2025-02-13,GOOGL,"185,7","185,84","182,71","183,89","21402500,0"
2025-02-13,ITUB4.SA,"29,03","29,06","28,76","28,89","14727020,0"
2025-02-13,MGLU3.SA,"6,81","6,95","6,78","6,84","24475800,0"
2025-02-13,MSFT,"408,97","409,43","404,8","405,44","23891700,0"
2025-02-13,PETR4.SA,"34,41","34,42","34,12","34,29","15351300,0"
2025-02-14,AAPL,"244,0","244,95","240,4","240,66","40896200,0"
2025-02-14,GOOGL,"184,79","185,96","183,89","184,62","20448400,0"
2025-02-14,ITUB4.SA,"29,8","29,91","29,19","29,23","32569020,0"
2025-02-14,MGLU3.SA,"7,16","7,32","6,8","6,95","35384600,0"
2025-02-14,MSFT,"406,87","407,34","404,33","406,23","22758500,0"
2025-02-14,PETR4.SA,"35,47","35,6","34,48","34,52","40322000,0"
2025-02-17,ITUB4.SA,"29,86","30,26","29,86","29,9","19642370,0"
2025-02-17,MGLU3.SA,"7,73","7,79","7,2","7,2","38348200,0"
2025-02-17,PETR4.SA,"35,69","35,92","35,5","35,66","22615200,0"
2025-02-18,AAPL,"243,87","244,58","241,25","243,55","48822500,0"
2025-02-18,GOOGL,"183,34","185,52","181,31","185,16","29916700,0"
2025-02-18,ITUB4.SA,"29,81","29,95","29,51","29,91","33658570,0"
2025-02-18,MGLU3.SA,"7,46","7,83","7,4","7,68","39780400,0"
2025-02-18,MSFT,"408,07","409,03","404,94","406,44","21423100,0"
2025-02-18,PETR4.SA,"36,34","36,41","35,72","35,73","44062600,0"
2025-02-19,AAPL,"244,27","245,41","242,57","244,06","32204200,0"
2025-02-19,GOOGL,"184,83","185,02","183,16","183,64","19549400,0"
2025-02-19,ITUB4.SA,"29,53","29,71","29,41","29,68","24754290,0"
2025-02-19,MGLU3.SA,"7,23","7,51","7,23","7,29","18937100,0"
2025-02-19,MSFT,"413,18","413,9","406,09","406,32","24114200,0"
2025-02-19,PETR4.SA,"36,41","36,62","35,88","36,1","32648200,0"
2025-02-20,AAPL,"245,23","246,18","243,69","244,34","32316900,0"
2025-02-20,GOOGL,"184,12","184,87","182,29","184,36","20441500,0"
2025-02-20,ITUB4.SA,"29,45","29,67","29,32","29,53","17423670,0"
2025-02-20,MGLU3.SA,"7,15","7,41","7,11","7,36","21342100,0"
2025-02-20,MSFT,"415,37","418,54","411,78","414,53","23508700,0"
2025-02-20,PETR4.SA,"36,47","36,54","36,29","36,4","26641200,0"
2025-02-21,AAPL,"244,95","248,08","244,62","245,35","53197400,0"
2025-02-21,GOOGL,"179,24","184,9","178,66","184,71","35199200,0"
2025-02-21,ITUB4.SA,"29,36","29,46","29,22","29,43","33361460,0"
2025-02-21,MGLU3.SA,"7,07","7,25","6,95","7,15","27242700,0"
2025-02-21,MSFT,"407,46","417,28","407,14","416,58","27524800,0"
2025-02-21,PETR4.SA,"36,37","36,5","36,16","36,5","30115200,0"
2025-02-24,AAPL,"246,5","248,25","243,82","244,33","51326400,0"
2025-02-24,GOOGL,"178,83","182,69","178,47","181,56","29854200,0"
2025-02-24,ITUB4.SA,"29,2","29,61","29,02","29,52","28174190,0"
2025-02-24,MGLU3.SA,"6,67","7,24","6,57","7,23","30533800,0"
2025-02-24,MSFT,"403,26","408,62","398,59","407,76","26443700,0"
2025-02-24,PETR4.SA,"36,11","36,48","35,81","36,47","27830300,0"
2025-02-25,AAPL,"246,44","249,39","244,31","247,39","48013300,0"
2025-02-25,GOOGL,"175,01","178,32","174,28","177,62","41913400,0"
2025-02-25,ITUB4.SA,"29,5","29,76","29,3","29,44","28803280,0"
2025-02-25,MGLU3.SA,"7,16","7,25","6,67","6,7","36948900,0"
2025-02-25,MSFT,"397,17","401,18","395,97","400,36","29387400,0"
2025-02-25,PETR4.SA,"35,95","36,41","35,84","36,11","31960900,0"
2025-02-26,AAPL,"239,77","244,38","238,55","243,73","44433600,0"
2025-02-26,GOOGL,"172,32","175,66","171,18","174,66","35431300,0"
2025-02-26,ITUB4.SA,"29,43","29,8","29,41","29,77","23773750,0"
2025-02-26,MGLU3.SA,"7,15","7,33","6,95","7,33","22893400,0"
2025-02-26,MSFT,"399,0","402,86","393,53","397,28","19619000,0"
2025-02-26,PETR4.SA,"35,95","36,24","35,76","36,24","27420200,0"
2025-02-27,AAPL,"236,72","241,87","236,48","238,83","41153600,0"
2025-02-27,GOOGL,"168,1","174,15","167,54","173,58","39991000,0"
2025-02-27,ITUB4.SA,"29,4","29,74","29,4","29,61","22801350,0"
2025-02-27,MGLU3.SA,"7,1","7,29","7,02","7,15","21492400,0"
2025-02-27,MSFT,"391,81","405,0","391,45","400,53","21127400,0"
2025-02-27,PETR4.SA,"34,68","34,8","33,61","34,44","129693500,0"
2025-02-28,AAPL,"241,25","241,5","229,64","236,37","56833400,0"
2025-02-28,GOOGL,"169,88","170,21","166,38","168,28","48130600,0"
2025-02-28,ITUB4.SA,"28,68","29,55","28,68","29,4","38851120,0"
2025-02-28,MGLU3.SA,"6,94","7,29","6,8","7,01","29748100,0"
2025-02-28,MSFT,"396,26","396,9","385,86","391,94","32845700,0"
2025-02-28,PETR4.SA,"34,04","34,62","33,92","34,57","55476800,0"
2025-03-03,AAPL,"237,45","243,43","235,53","241,2","47184000,0"
2025-03-03,GOOGL,"166,62","172,96","165,54","171,52","40770500,0"
2025-03-03,MSFT,"387,78","398,09","385,45","398,09","23007700,0"
2025-03-04,AAPL,"235,35","239,48","234,11","237,13","53798100,0"
2025-03-04,GOOGL,"170,52","172,88","165,41","165,85","45388000,0"
2025-03-04,MSFT,"387,9","391,86","380,3","382,7","29342900,0"
2025-03-05,AAPL,"235,16","235,97","228,67","234,85","47227600,0"
2025-03-05,GOOGL,"172,61","173,37","168,66","170,12","30954900,0"
2025-03-05,ITUB4.SA,"29,11","29,26","28,75","29,12","28547750,0"
2025-03-05,MGLU3.SA,"7,07","7,11","6,82","6,91","10895200,0"
2025-03-05,MSFT,"400,29","400,93","388,1","388,63","23433100,0"
2025-03-05,PETR4.SA,"32,8","33,26","32,73","33,18","48552000,0"
2025-03-06,AAPL,"234,76","237,28","232,59","233,87","45170400,0"
2025-03-06,GOOGL,"171,94","174,4","170,1","170,13","28302000,0"
2025-03-06,ITUB4.SA,"29,16","29,41","28,94","29,11","20467590,0"
2025-03-06,MGLU3.SA,"6,9","7,0","6,68","6,87","34949600,0"
2025-03-06,MSFT,"396,16","401,41","391,96","393,56","23304600,0"
2025-03-06,PETR4.SA,"32,46","33,27","32,24","32,98","47749600,0"
2025-03-07,AAPL,"238,49","240,78","234,19","234,54","46273600,0"
2025-03-07,GOOGL,"173,45","174,56","169,87","170,86","27385800,0"
2025-03-07,ITUB4.SA,"29,29","29,58","28,98","29,09","22710490,0"
2025-03-07,MGLU3.SA,"7,63","7,64","6,75","6,86","40884800,0"
2025-03-07,MSFT,"392,59","394,08","384,83","391,6","22034100,0"
2025-03-07,PETR4.SA,"32,81","33,09","32,43","32,48","28074700,0"
2025-03-10,AAPL,"226,92","235,58","223,67","234,96","72071200,0"
2025-03-10,GOOGL,"165,67","168,26","163,49","168,06","43604000,0"
2025-03-10,ITUB4.SA,"29,55","29,55","28,99","29,16","30448440,0"
2025-03-10,MGLU3.SA,"8,01","8,24","7,44","7,44","39247100,0"
2025-03-10,MSFT,"379,46","385,69","376,53","385,13","32840100,0"
2025-03-10,PETR4.SA,"32,8","32,8","32,21","32,76","35037200,0"
2025-03-11,AAPL,"220,3","225,29","216,92","223,26","76137400,0"
2025-03-11,GOOGL,"163,84","166,55","161,17","164,71","39587400,0"
2025-03-11,ITUB4.SA,"29,29","29,61","29,12","29,61","20393450,0"
2025-03-11,MGLU3.SA,"8,06","8,45","7,89","7,98","35459700,0"
2025-03-11,MSFT,"379,75","385,29","376,22","378,31","30380200,0"
2025-03-11,PETR4.SA,"32,3","33,06","32,12","32,92","28805400,0"
2025-03-12,AAPL,"216,45","221,21","214,39","219,6","62547500,0"
2025-03-12,GOOGL,"166,91","167,44","163,33","166,38","28372400,0"
2025-03-12,ITUB4.SA,"29,38","29,47","29,12","29,4","19709470,0"
2025-03-12,MGLU3.SA,"8,33","8,52","8,07","8,07","21981200,0"
2025-03-12,MSFT,"382,57","384,51","378,26","382,25","24253600,0"
2025-03-12,PETR4.SA,"32,3","32,59","32,17","32,36","20149100,0"
2025-03-13,AAPL,"209,17","216,31","207,91","215,42","61368300,0"
2025-03-13,GOOGL,"162,56","165,93","161,91","165,84","31756200,0"
2025-03-13,ITUB4.SA,"29,86","29,95","29,33","29,38","31729170,0"
2025-03-13,MGLU3.SA,"8,21","8,54","8,0","8,4","23857400,0"
2025-03-13,MSFT,"378,08","384,61","376,76","382,46","20473000,0"
2025-03-13,PETR4.SA,"32,63","32,72","32,25","32,38","19263600,0"
2025-03-14,AAPL,"212,97","213,43","209,07","210,73","60107600,0"
2025-03-14,GOOGL,"165,29","166,29","162,25","163,07","31995900,0"
2025-03-14,ITUB4.SA,"30,83","31,04","29,95","30,01","34804110,0"
2025-03-14,MGLU3.SA,"9,32","9,76","8,18","8,29","65704800,0"
2025-03-14,MSFT,"387,85","389,51","378,81","379,08","19952800,0"
2025-03-14,PETR4.SA,"33,63","33,88","32,56","32,78","41529400,0"
2025-03-17,AAPL,"213,48","214,69","209,46","212,79","48073400,0"
2025-03-17,GOOGL,"164,09","166,1","163,47","164,83","31184300,0"
2025-03-17,ITUB4.SA,"31,75","31,85","30,77","30,81","29819240,0"
2025-03-17,MGLU3.SA,"9,84","10,14","9,2","9,32","38124400,0"
2025-03-17,MSFT,"387,99","391,99","384,86","385,99","22474300,0"
2025-03-17,PETR4.SA,"34,26","34,49","33,72","33,73","31175900,0"
2025-03-18,AAPL,"212,17","214,62","210,97","213,64","42432400,0"
2025-03-18,GOOGL,"160,48","164,05","156,53","163,48","42074800,0"
2025-03-18,ITUB4.SA,"31,92","32,21","31,77","31,93","29878800,0"
2025-03-18,MGLU3.SA,"9,74","10,05","9,74","9,81","26611300,0"
2025-03-18,MSFT,"382,82","386,66","380,4","386,36","19486900,0"
2025-03-18,PETR4.SA,"34,28","34,49","34,02","34,28","15086400,0"
2025-03-19,AAPL,"214,71","218,23","213,23","213,7","54385400,0"
2025-03-19,GOOGL,"163,69","165,67","160,81","161,56","34275600,0"
2025-03-19,ITUB4.SA,"32,0","32,23","31,86","32,12","24673900,0"
2025-03-19,MGLU3.SA,"10,13","10,32","9,68","9,74","34587600,0"
2025-03-19,MSFT,"387,11","388,97","383,3","384,82","19185500,0"
2025-03-19,PETR4.SA,"34,26","34,42","34,13","34,36","21180500,0"
2025-03-20,AAPL,"213,58","216,96","211,7","213,47","48862900,0"
2025-03-20,GOOGL,"162,6","164,69","160,77","161,37","28138500,0"
2025-03-20,ITUB4.SA,"31,71","32,17","31,48","31,95","31200500,0"
2025-03-20,MGLU3.SA,"10,07","10,27","9,97","10,14","17965900,0"
2025-03-20,MSFT,"386,13","391,07","382,58","385,03","18470500,0"
2025-03-20,PETR4.SA,"34,33","34,56","33,88","34,26","46921900,0"
2025-03-21,AAPL,"217,74","218,31","210,76","211,04","94127800,0"
2025-03-21,GOOGL,"163,79","164,04","160,7","161,02","36625800,0"
2025-03-21,ITUB4.SA,"31,77","31,92","31,61","31,74","47612800,0"
2025-03-21,MGLU3.SA,"9,81","10,11","9,79","10,05","29562300,0"
2025-03-21,MSFT,"390,54","391,02","382,1","382,52","39675900,0"
2025-03-21,PETR4.SA,"34,86","35,08","34,27","34,31","61175700,0"
2025-03-24,AAPL,"220,19","220,94","218,05","220,46","44299500,0"
2025-03-24,GOOGL,"167,48","168,12","164,94","166,87","30879100,0"
2025-03-24,ITUB4.SA,"31,8","31,94","31,57","31,71","31882100,0"
2025-03-24,MGLU3.SA,"9,91","9,95","9,66","9,85","23371500,0"
2025-03-24,MSFT,"392,36","394,68","389,1","394,68","21004500,0"
2025-03-24,PETR4.SA,"34,81","34,99","34,58","34,77","20348000,0"
2025-03-25,AAPL,"223,2","223,55","219,54","220,23","34493600,0"
2025-03-25,GOOGL,"170,35","170,42","168,12","168,78","24174400,0"
2025-03-25,ITUB4.SA,"32,06","32,57","31,92","31,92","19003900,0"
2025-03-25,MGLU3.SA,"10,15","10,91","10,09","10,27","57871800,0"
2025-03-25,MSFT,"394,44","395,63","391,92","393,2","15775000,0"
2025-03-25,PETR4.SA,"35,09","35,54","34,7","34,91","28036100,0"
2025-03-26,AAPL,"220,99","224,47","219,93","222,96","34466100,0"
2025-03-26,GOOGL,"164,86","169,4","164,64","168,8","28901600,0"
2025-03-26,ITUB4.SA,"31,72","32,22","31,59","32,17","31903000,0"
2025-03-26,MGLU3.SA,"10,18","10,43","10,01","10,27","27614300,0"
2025-03-26,MSFT,"389,26","394,59","387,86","394,28","16108400,0"
2025-03-26,PETR4.SA,"35,42","35,65","35,19","35,19","26870300,0"
2025-03-27,AAPL,"223,3","224,44","220,02","220,85","37094800,0"
2025-03-27,GOOGL,"162,04","165,22","161,8","164,43","24508300,0"
2025-03-27,ITUB4.SA,"31,76","31,82","31,59","31,77","28518400,0"
2025-03-27,MGLU3.SA,"10,55","11,13","10,0","10,17","38424700,0"
2025-03-27,MSFT,"389,86","391,52","386,69","389,42","13766800,0"
2025-03-27,PETR4.SA,"35,69","35,97","35,42","35,46","28444400,0"
2025-03-28,AAPL,"217,37","223,26","217,15","221,13","39818600,0"
2025-03-28,GOOGL,"154,14","161,62","153,44","160,3","48669300,0"
2025-03-28,ITUB4.SA,"31,32","31,77","31,1","31,61","22271700,0"
2025-03-28,MGLU3.SA,"10,25","10,52","9,9","10,47","30855200,0"
2025-03-28,MSFT,"378,11","388,42","376,24","387,37","21632000,0"
2025-03-28,PETR4.SA,"35,46","35,88","35,14","35,67","22057700,0"
2025-03-31,AAPL,"221,59","225,07","215,7","216,48","65299300,0"
2025-03-31,GOOGL,"154,45","155,35","150,48","152,92","54603500,0"
2025-03-31,ITUB4.SA,"31,04","31,23","30,73","31,23","25378000,0"
2025-03-31,MGLU3.SA,"9,85","10,33","9,79","10,14","29043500,0"
2025-03-31,MSFT,"374,7","376,38","366,57","371,86","35184700,0"
2025-03-31,PETR4.SA,"35,2","35,66","35,13","35,38","26049400,0"
2025-04-01,AAPL,"222,65","223,13","218,37","219,27","36412700,0"
2025-04-01,GOOGL,"156,88","157,91","153,43","153,43","30672900,0"
2025-04-01,ITUB4.SA,"31,05","31,32","30,82","31,04","12377800,0"
2025-04-01,MGLU3.SA,"10,14","10,3","9,85","9,89","25429000,0"
2025-04-01,MSFT,"381,49","382,15","372,55","373,96","19689500,0"
2025-04-01,PETR4.SA,"35,34","35,97","35,24","35,34","19075600,0"
2025-04-02,AAPL,"223,34","224,64","220,48","220,78","35905900,0"
2025-04-02,GOOGL,"156,85","158,22","154,51","154,96","25041700,0"
2025-04-02,ITUB4.SA,"31,06","31,27","30,83","31,02","11794000,0"
2025-04-02,MGLU3.SA,"10,86","10,88","10,07","10,13","37759600,0"
2025-04-02,MSFT,"381,44","384,37","375,93","377,28","16092600,0"
2025-04-02,PETR4.SA,"35,24","35,34","34,89","35,31","16959200,0"
2025-04-03,AAPL,"202,69","206,98","200,76","205,04","103419000,0"
2025-04-03,GOOGL,"150,54","152,6","150,21","150,93","46883400,0"
2025-04-03,ITUB4.SA,"31,61","31,84","30,74","30,8","31919100,0"
2025-04-03,MGLU3.SA,"11,46","11,5","10,81","10,83","32976900,0"
2025-04-03,MSFT,"372,43","376,79","368,67","374,1","30198000,0"
2025-04-03,PETR4.SA,"34,1","34,39","33,73","34,25","65896000,0"
2025-04-04,AAPL,"187,92","199,39","186,88","193,42","125910900,0"
2025-04-04,GOOGL,"145,42","150,89","145,2","147,83","62259500,0"
2025-04-04,ITUB4.SA,"30,79","31,39","30,57","31,23","31636200,0"
2025-04-04,MGLU3.SA,"10,51","11,15","10,43","11,01","40210300,0"
2025-04-04,MSFT,"359,18","373,9","358,82","363,46","49209900,0"
2025-04-04,PETR4.SA,"32,73","33,17","32,03","32,91","87263200,0"
2025-04-07,AAPL,"181,02","193,68","174,19","176,77","160466300,0"
2025-04-07,GOOGL,"146,57","152,67","140,36","141,38","76794100,0"
2025-04-07,ITUB4.SA,"30,85","31,27","30,2","30,56","32292300,0"
2025-04-07,MGLU3.SA,"9,84","10,56","9,76","10,11","53646600,0"
2025-04-07,MSFT,"357,2","370,32","344,16","350,24","50425000,0"
2025-04-07,PETR4.SA,"31,43","32,73","31,37","32,13","85724900,0"
2025-04-08,AAPL,"172,0","189,88","168,8","186,24","120859500,0"
2025-04-08,GOOGL,"144,53","152,06","142,86","151,04","52200200,0"
2025-04-08,ITUB4.SA,"30,86","31,42","30,65","31,19","36022000,0"
2025-04-08,MGLU3.SA,"8,52","10,12","8,48","10,09","53611700,0"
2025-04-08,MSFT,"353,91","372,97","349,61","367,59","35868900,0"
2025-04-08,PETR4.SA,"30,31","32,15","30,2","31,92","62128500,0"
2025-04-09,AAPL,"198,36","200,12","171,47","171,53","184395900,0"
2025-04-09,GOOGL,"158,52","159,36","143,74","144,25","70406200,0"
2025-04-09,ITUB4.SA,"31,43","31,99","30,48","30,66","36802300,0"
2025-04-09,MGLU3.SA,"9,48","9,58","8,23","8,41","53457200,0"
2025-04-09,MSFT,"389,77","392,51","352,45","352,89","50199700,0"
2025-04-09,PETR4.SA,"31,55","31,81","29,4","29,66","106391600,0"
2025-04-10,AAPL,"189,96","194,3","182,55","188,61","121880000,0"
2025-04-10,GOOGL,"152,64","157,53","149,75","156,35","48022000,0"
2025-04-10,ITUB4.SA,"31,3","31,68","30,78","31,31","35288600,0"
2025-04-10,MGLU3.SA,"9,91","10,18","9,3","9,42","41659100,0"
2025-04-10,MSFT,"380,65","383,2","367,13","381,36","38024400,0"
2025-04-10,PETR4.SA,"29,58","31,28","29,56","31,26","71250600,0"
2025-04-11,AAPL,"197,67","199,05","185,61","185,65","87435900,0"
2025-04-11,GOOGL,"156,95","157,48","152,64","152,72","33636200,0"
2025-04-11,ITUB4.SA,"31,46","31,77","31,09","31,41","27525100,0"
2025-04-11,MGLU3.SA,"10,16","10,23","9,74","10,04","27424500,0"
2025-04-11,MSFT,"387,74","389,34","378,2","379,94","23839200,0"
2025-04-11,PETR4.SA,"30,17","30,6","29,16","29,84","65329400,0"
2025-04-14,AAPL,"202,03","212,42","200,67","210,92","101352900,0"
2025-04-14,GOOGL,"158,88","161,52","157,37","159,81","30333000,0"
2025-04-14,ITUB4.SA,"31,97","32,16","31,61","31,8","26240000,0"
2025-04-14,MGLU3.SA,"10,18","10,69","9,86","10,49","27159900,0"
2025-04-14,MSFT,"387,1","393,93","383,51","392,5","19251200,0"
2025-04-14,PETR4.SA,"30,06","31,15","29,78","30,88","56015200,0"
2025-04-15,AAPL,"201,65","203,01","199,31","201,37","51343900,0"
2025-04-15,GOOGL,"156,12","159,46","155,02","158,94","27551500,0"
2025-04-15,ITUB4.SA,"32,38","32,43","31,84","31,93","24967200,0"
2025-04-15,MGLU3.SA,"10,14","10,47","9,94","10,19","23115000,0"
2025-04-15,MSFT,"385,02","391,17","383,46","387,8","17199900,0"
2025-04-15,PETR4.SA,"29,37","30,19","29,35","30,06","58276900,0"
2025-04-16,AAPL,"193,8","200,21","191,9","197,88","59732400,0"
2025-04-16,GOOGL,"153,14","155,7","151,33","152,91","28187400,0"
2025-04-16,ITUB4.SA,"32,33","32,55","32,14","32,24","31486700,0"
2025-04-16,MGLU3.SA,"10,05","10,29","9,92","10,06","20176600,0"
2025-04-16,MSFT,"370,93","380,91","367,33","379,97","21967800,0"
2025-04-16,PETR4.SA,"29,37","29,81","29,22","29,64","73227700,0"
2025-04-17,AAPL,"196,5","198,34","193,95","196,72","52164700,0"
2025-04-17,GOOGL,"150,98","154,49","148,32","154,1","33046600,0"
2025-04-17,ITUB4.SA,"32,39","32,47","32,0","32,21","19905200,0"
2025-04-17,MGLU3.SA,"9,9","10,17","9,86","10,11","26856800,0"
2025-04-17,MSFT,"367,11","373,63","366,22","373,07","21120200,0"
2025-04-17,PETR4.SA,"29,95","30,27","29,57","29,77","65752700,0"
2025-04-21,AAPL,"192,69","193,33","189,35","192,8","46742500,0"
2025-04-21,GOOGL,"147,49","148,77","145,92","148,7","26049100,0"
2025-04-21,MSFT,"358,46","363,81","355,02","362,16","20807300,0"
2025-04-22,AAPL,"199,25","201,1","195,49","195,64","52976400,0"
2025-04-22,GOOGL,"151,29","152,01","148,36","148,71","26971800,0"
2025-04-22,ITUB4.SA,"33,02","33,17","32,26","32,34","20994900,0"
2025-04-22,MGLU3.SA,"9,84","10,14","9,51","9,89","25816000,0"
2025-04-22,MSFT,"366,15","367,1","359,2","362,71","19485000,0"
2025-04-22,PETR4.SA,"30,02","30,34","29,44","29,9","41683900,0"
2025-04-23,AAPL,"204,1","207,49","202,3","205,5","52929200,0"
2025-04-23,GOOGL,"155,16","157,34","153,62","155,42","31128800,0"
2025-04-23,ITUB4.SA,"33,71","33,79","33,18","33,32","27257100,0"
2025-04-23,MGLU3.SA,"9,26","10,22","9,23","10,07","34650500,0"
2025-04-23,MSFT,"373,7","379,69","372,34","375,37","20545500,0"
2025-04-23,PETR4.SA,"29,68","30,85","29,61","30,43","71566500,0"
2025-04-24,AAPL,"207,86","208,32","202,44","204,39","47311000,0"
2025-04-24,GOOGL,"159,09","159,4","155,6","155,96","45894000,0"
2025-04-24,ITUB4.SA,"34,36","34,42","33,69","33,77","26895100,0"
2025-04-24,MGLU3.SA,"10,26","10,26","9,3","9,33","37700200,0"
2025-04-24,MSFT,"386,59","387,74","374,5","375,01","22232300,0"
2025-04-24,PETR4.SA,"29,54","29,94","29,18","29,91","61589200,0"
2025-04-25,AAPL,"208,77","209,24","205,7","205,87","38222300,0"
2025-04-25,GOOGL,"161,76","165,9","160,85","164,87","56034000,0"
2025-04-25,ITUB4.SA,"34,24","34,58","34,12","34,36","31763200,0"
2025-04-25,MGLU3.SA,"10,14","10,39","10,04","10,37","19134800,0"
2025-04-25,MSFT,"391,13","391,44","383,9","386,29","18973200,0"
2025-04-25,PETR4.SA,"29,63","29,83","29,32","29,45","35581500,0"
2025-04-28,AAPL,"209,63","210,98","206,95","209,49","38743100,0"
2025-04-28,GOOGL,"160,42","162,95","158,41","162,23","29745800,0"
2025-04-28,ITUB4.SA,"34,6","34,68","34,09","34,23","15208100,0"
2025-04-28,MGLU3.SA,"10,0","10,44","9,88","10,26","23133300,0"
2025-04-28,MSFT,"390,44","392,02","385,93","391,24","16579400,0"
2025-04-28,PETR4.SA,"29,51","29,88","29,37","29,67","27362000,0"
2025-04-29,AAPL,"210,69","211,72","207,86","208,18","36827600,0"
2025-04-29,GOOGL,"159,97","160,55","157,33","160,13","26809000,0"
2025-04-29,ITUB4.SA,"34,88","35,03","34,46","34,61","24481400,0"
2025-04-29,MGLU3.SA,"9,98","10,62","9,93","10,09","33817500,0"
2025-04-29,MSFT,"393,32","394,38","389,66","390,58","14974000,0"
2025-04-29,PETR4.SA,"29,67","29,91","29,27","29,41","33041100,0"
2025-04-30,AAPL,"211,98","213,06","206,17","208,79","52286500,0"
2025-04-30,GOOGL,"158,61","159,08","155,21","157,79","34981100,0"
2025-04-30,ITUB4.SA,"35,18","35,28","34,64","34,66","31480200,0"
2025-04-30,MGLU3.SA,"9,32","10,08","9,27","10,04","26074000,0"
2025-04-30,MSFT,"394,54","395,93","383,74","389,58","36461100,0"
2025-04-30,PETR4.SA,"29,11","29,69","29,08","29,52","52798300,0"
2025-05-01,AAPL,"212,8","214,04","208,39","208,57","57365700,0"
2025-05-01,GOOGL,"161,1","161,75","158,72","160,26","30203200,0"
2025-05-01,MSFT,"424,62","436,19","424,12","430,32","58938100,0"
2025-05-02,AAPL,"204,85","206,48","201,67","205,59","101010600,0"
2025-05-02,GOOGL,"163,83","164,77","161,67","163,21","25715000,0"
2025-05-02,ITUB4.SA,"35,09","35,3","34,38","35,04","38043100,0"
2025-05-02,MGLU3.SA,"9,33","9,48","9,16","9,41","15123300,0"
2025-05-02,MSFT,"434,48","438,63","429,2","430,95","30757400,0"
2025-05-02,PETR4.SA,"29,91","29,91","29,09","29,32","33146600,0"
2025-05-05,AAPL,"198,4","203,6","197,73","202,6","69018500,0"
2025-05-05,GOOGL,"164,01","165,19","162,52","162,8","21341800,0"
2025-05-05,ITUB4.SA,"34,47","35,01","34,38","34,88","27611800,0"
2025-05-05,MGLU3.SA,"8,86","9,44","8,83","9,33","19918300,0"
2025-05-05,MSFT,"435,37","438,69","431,32","432,08","20136100,0"
2025-05-05,PETR4.SA,"28,79","29,72","28,79","29,68","59011700,0"
2025-05-06,AAPL,"198,03","200,16","196,54","197,73","51216500,0"
2025-05-06,GOOGL,"163,03","164,6","161,0","161,97","21277200,0"
2025-05-06,ITUB4.SA,"34,29","34,51","34,05","34,45","17255400,0"
2025-05-06,MGLU3.SA,"8,74","9,07","8,64","9,0","17528800,0"
2025-05-06,MSFT,"432,52","436,93","430,38","431,41","15104200,0"
2025-05-06,PETR4.SA,"29,27","29,5","29,08","29,23","52751300,0"
2025-05-07,AAPL,"195,77","198,95","192,78","198,68","68536700,0"
2025-05-07,GOOGL,"151,2","164,8","147,66","163,88","127490100,0"
2025-05-07,ITUB4.SA,"34,67","34,77","34,36","34,55","13397900,0"
2025-05-07,MGLU3.SA,"8,54","8,84","8,47","8,83","14785100,0"
2025-05-07,MSFT,"432,56","437,32","430,32","433,05","23295300,0"
2025-05-07,PETR4.SA,"29,4","29,41","29,03","29,41","35050400,0"
2025-05-08,AAPL,"197,01","199,56","194,2","197,24","50478900,0"
2025-05-08,GOOGL,"154,09","155,74","152,72","154,81","57498700,0"
2025-05-08,ITUB4.SA,"34,94","35,62","34,77","35,22","33186100,0"
2025-05-08,MGLU3.SA,"9,02","9,36","8,73","8,83","23656300,0"
2025-05-08,MSFT,"437,37","442,86","434,86","437,13","23491300,0"
2025-05-08,PETR4.SA,"29,81","30,12","29,56","29,7","44665000,0"
2025-05-09,AAPL,"198,05","200,05","197,06","198,51","36453900,0"
2025-05-09,GOOGL,"152,57","154,86","152,02","153,98","32435300,0"
2025-05-09,ITUB4.SA,"36,83","36,85","35,41","36,01","58004600,0"
2025-05-09,MGLU3.SA,"8,39","8,89","7,91","8,85","49150000,0"
2025-05-09,MSFT,"437,93","439,93","435,08","439,19","15324200,0"
2025-05-09,PETR4.SA,"30,01","30,27","29,74","30,19","25075600,0"
2025-05-12,AAPL,"210,55","211,03","206,52","210,73","63775800,0"
2025-05-12,GOOGL,"158,27","158,91","156,06","157,3","44138800,0"
2025-05-12,ITUB4.SA,"36,09","37,04","35,87","37,04","26894900,0"
2025-05-12,MGLU3.SA,"8,78","9,02","8,52","8,59","24024500,0"
2025-05-12,MSFT,"448,44","448,55","438,97","445,12","22821900,0"
2025-05-12,PETR4.SA,"30,72","31,23","30,72","30,97","53493600,0"
2025-05-13,AAPL,"212,69","213,16","208,76","210,19","51909300,0"
2025-05-13,GOOGL,"159,34","160,38","155,97","158,6","42382100,0"
2025-05-13,ITUB4.SA,"36,54","36,72","36,13","36,29","24635200,0"
2025-05-13,MGLU3.SA,"9,16","9,41","8,54","8,82","38301200,0"
2025-05-13,MSFT,"448,32","449,84","444,54","446,96","23618800,0"
2025-05-13,PETR4.SA,"31,19","31,31","30,43","30,84","56165300,0"
2025-05-14,AAPL,"212,09","213,7","210,34","212,19","49325800,0"
2025-05-14,GOOGL,"165,17","166,8","159,42","159,77","48755900,0"
2025-05-14,ITUB4.SA,"36,79","36,94","36,42","36,55","17869500,0"
2025-05-14,MGLU3.SA,"9,35","9,47","8,91","9,1","29701700,0"
2025-05-14,MSFT,"452,11","453,07","447,32","447,32","19902800,0"
2025-05-14,PETR4.SA,"30,98","31,18","30,77","31,06","28060100,0"
2025-05-15,AAPL,"211,21","212,72","209,3","210,71","45029500,0"
2025-05-15,GOOGL,"163,76","166,01","162,17","165,64","33146700,0"
2025-05-15,ITUB4.SA,"37,28","37,37","36,82","36,96","26350700,0"
2025-05-15,MGLU3.SA,"9,7","9,84","9,31","9,31","32111600,0"
2025-05-15,MSFT,"453,13","456,19","450,43","450,77","21992300,0"
2025-05-15,PETR4.SA,"30,94","31,15","30,67","30,77","32468300,0"
2025-05-16,AAPL,"211,02","212,33","209,53","212,12","54737900,0"
2025-05-16,GOOGL,"165,99","169,15","165,42","167,53","42846900,0"
2025-05-16,ITUB4.SA,"37,5","37,6","36,97","37,28","29635800,0"
2025-05-16,MGLU3.SA,"9,78","9,79","9,41","9,5","19644700,0"
2025-05-16,MSFT,"454,27","454,36","448,73","452,05","23849800,0"
2025-05-16,PETR4.SA,"31,08","31,22","30,73","30,91","48111800,0"
2025-05-19,AAPL,"208,54","209,24","204,03","207,67","46140500,0"
2025-05-19,GOOGL,"166,34","166,44","164,02","164,31","30426100,0"
2025-05-19,ITUB4.SA,"37,94","38,18","37,31","37,42","24323000,0"
2025-05-19,MGLU3.SA,"9,9","10,17","9,63","9,71","33015600,0"
2025-05-19,MSFT,"458,87","459,59","450,8","450,88","21336500,0"
2025-05-19,PETR4.SA,"31,04","31,16","30,77","30,91","30200500,0"
2025-05-20,AAPL,"206,63","208,23","204,8","207,43","42496600,0"
2025-05-20,GOOGL,"163,78","168,3","162,7","166,23","46607700,0"
2025-05-20,ITUB4.SA,"37,89","37,97","37,46","37,97","17978200,0"
2025-05-20,MGLU3.SA,"9,6","9,86","9,42","9,77","20402300,0"
2025-05-20,MSFT,"458,17","458,34","454,32","455,59","15441800,0"
2025-05-20,PETR4.SA,"31,17","31,46","31,02","31,11","33485800,0"
2025-05-21,AAPL,"201,86","206,81","200,48","204,94","59211800,0"
2025-05-21,GOOGL,"168,36","172,93","163,36","163,49","73416000,0"
2025-05-21,ITUB4.SA,"37,13","37,79","36,82","37,78","20216400,0"
2025-05-21,MGLU3.SA,"9,21","9,52","9,12","9,52","20267100,0"
2025-05-21,MSFT,"452,57","457,78","451,81","454,57","19216900,0"
2025-05-21,PETR4.SA,"30,82","31,44","30,76","31,27","28724100,0"
2025-05-22,AAPL,"201,13","202,52","199,47","200,48","46742400,0"
2025-05-22,GOOGL,"170,66","176,56","170,5","171,64","74864400,0"
2025-05-22,ITUB4.SA,"36,87","37,34","36,75","37,24","22889800,0"
2025-05-22,MGLU3.SA,"9,47","10,08","9,2","9,2","39280700,0"
2025-05-22,MSFT,"454,86","460,25","453,9","454,95","18025600,0"
2025-05-22,PETR4.SA,"30,41","30,72","30,3","30,71","42207300,0"
2025-05-23,AAPL,"195,05","197,48","193,24","193,45","78432900,0"
2025-05-23,GOOGL,"168,27","169,75","167,69","168,86","35211400,0"
2025-05-23,ITUB4.SA,"37,32","37,32","35,97","36,21","20125900,0"
2025-05-23,MGLU3.SA,"9,0","9,23","8,8","9,13","42974300,0"
2025-05-23,MSFT,"450,18","453,69","448,91","449,98","16883500,0"
2025-05-23,PETR4.SA,"30,48","30,48","29,97","30,18","25732400,0"
2025-05-26,ITUB4.SA,"37,4","37,84","37,14","37,22","6500400,0"
2025-05-26,MGLU3.SA,"9,04","9,27","8,97","9,2","16436400,0"
2025-05-26,PETR4.SA,"30,38","30,61","30,23","30,54","21277100,0"
2025-05-27,AAPL,"199,98","200,51","197,21","198,08","56288500,0"
2025-05-27,GOOGL,"172,69","172,96","169,79","169,95","37995700,0"
2025-05-27,ITUB4.SA,"37,7","38,21","37,47","37,89","14716300,0"
2025-05-27,MGLU3.SA,"9,34","9,78","9,19","9,41","29610200,0"
2025-05-27,MSFT,"460,69","460,95","456,12","456,48","20974300,0"
2025-05-27,PETR4.SA,"30,61","30,74","30,44","30,6","34361500,0"
2025-05-28,AAPL,"200,19","202,5","199,67","200,36","45339700,0"
2025-05-28,GOOGL,"172,15","175,06","171,7","172,95","34784000,0"
2025-05-28,ITUB4.SA,"37,39","37,74","37,3","37,68","14548200,0"
2025-05-28,MGLU3.SA,"9,55","9,77","9,23","9,26","40411800,0"
2025-05-28,MSFT,"457,36","462,52","456,93","461,22","17086300,0"
2025-05-28,PETR4.SA,"30,51","30,79","30,51","30,74","30516200,0"
2025-05-29,AAPL,"199,72","203,58","198,28","203,35","51396800,0"
2025-05-29,GOOGL,"171,65","174,21","170,42","173,79","29317300,0"
2025-05-29,ITUB4.SA,"37,09","37,56","36,95","37,26","17515300,0"
2025-05-29,MGLU3.SA,"9,08","9,65","9,08","9,56","30819200,0"
2025-05-29,MSFT,"458,68","461,72","455,31","461,55","13974800,0"
2025-05-29,PETR4.SA,"30,33","30,58","30,14","30,56","20778800,0"
2025-05-30,AAPL,"200,62","201,73","196,56","199,14","70819900,0"
2025-05-30,GOOGL,"171,53","172,0","167,24","171,14","52639900,0"
2025-05-30,ITUB4.SA,"37,03","37,32","36,7","37,23","31193800,0"
2025-05-30,MGLU3.SA,"9,22","9,33","9,02","9,2","27780200,0"
2025-05-30,MSFT,"460,36","461,68","455,54","459,72","34770500,0"
2025-05-30,PETR4.SA,"30,0","30,36","30,0","30,24","45127700,0"
2025-06-02,AAPL,"201,47","201,9","199,89","200,05","35423300,0"
2025-06-02,GOOGL,"168,83","169,66","167,19","167,64","38612300,0"
2025-06-02,ITUB4.SA,"36,77","37,38","36,65","37,29","23075800,0"
2025-06-02,MGLU3.SA,"9,54","9,89","9,37","9,45","28230500,0"
2025-06-02,MSFT,"461,97","462,11","456,89","457,14","16626500,0"
2025-06-02,PETR4.SA,"30,17","30,72","30,1","30,71","35111000,0"
2025-06-03,AAPL,"203,04","203,54","200,73","201,12","46381600,0"
2025-06-03,GOOGL,"165,98","168,28","165,08","167,29","45084900,0"
2025-06-03,ITUB4.SA,"36,65","36,77","36,41","36,63","23511000,0"
2025-06-03,MGLU3.SA,"10,25","10,29","9,43","9,52","39217800,0"
2025-06-03,MSFT,"462,97","464,14","460,86","461,47","15743800,0"
2025-06-03,PETR4.SA,"30,18","30,3","29,39","29,88","59828700,0"
2025-06-04,AAPL,"202,59","206,01","201,87","202,68","43604000,0"
2025-06-04,GOOGL,"167,85","168,02","166,16","166,54","26900800,0"
2025-06-04,ITUB4.SA,"36,56","36,91","36,3","36,79","17266700,0"
2025-06-04,MGLU3.SA,"10,04","10,44","9,41","10,34","56132900,0"
2025-06-04,MSFT,"463,87","465,69","463,02","464,0","14162700,0"
2025-06-04,PETR4.SA,"29,35","30,45","29,27","30,24","41952900,0"
2025-06-05,AAPL,"200,4","204,52","199,92","203,27","55126100,0"
2025-06-05,GOOGL,"168,01","170,72","167,39","170,13","36379100,0"
2025-06-05,ITUB4.SA,"36,12","36,62","36,01","36,62","24798200,0"
2025-06-05,MGLU3.SA,"10,06","10,43","9,96","10,11","47222400,0"
2025-06-05,MSFT,"467,68","469,65","464,03","464,96","20131700,0"
2025-06-05,PETR4.SA,"29,36","29,64","29,21","29,5","23774000,0"
2025-06-06,AAPL,"203,69","205,47","201,82","202,77","46607700,0"
2025-06-06,GOOGL,"173,47","174,29","170,62","170,62","35731800,0"
2025-06-06,ITUB4.SA,"36,21","36,38","35,93","36,1","18187900,0"
2025-06-06,MGLU3.SA,"9,5","10,45","9,5","10,18","43426400,0"
2025-06-06,MSFT,"470,38","473,34","468,78","470,09","15285600,0"
2025-06-06,PETR4.SA,"29,67","29,83","29,36","29,45","28069300,0"
2025-06-09,AAPL,"201,22","205,77","199,79","204,16","72862600,0"
2025-06-09,GOOGL,"176,09","176,47","174,37","174,54","28935900,0"
2025-06-09,ITUB4.SA,"36,02","36,26","35,51","36,1","23946500,0"
2025-06-09,MGLU3.SA,"9,48","9,67","9,33","9,43","25790300,0"
2025-06-09,MSFT,"472,75","473,43","468,62","469,7","16469900,0"
2025-06-09,PETR4.SA,"29,17","29,47","28,86","29,22","43834800,0"
2025-06-10,AAPL,"202,44","204,12","200,34","200,37","54672600,0"
2025-06-10,GOOGL,"178,6","181,11","174,91","176,2","61766100,0"
2025-06-10,ITUB4.SA,"35,96","36,54","35,93","36,46","20363600,0"
2025-06-10,MGLU3.SA,"9,5","9,96","9,41","9,73","36146100,0"
2025-06-10,MSFT,"470,92","472,8","466,96","471,19","15375900,0"
2025-06-10,PETR4.SA,"30,05","30,22","29,35","29,41","46241800,0"
2025-06-11,AAPL,"198,55","204,27","198,19","203,27","60989900,0"
2025-06-11,GOOGL,"177,35","180,37","176,75","179,77","31646800,0"
2025-06-11,ITUB4.SA,"36,29","36,55","35,7","35,93","16180000,0"
2025-06-11,MGLU3.SA,"9,54","9,75","9,37","9,54","27378300,0"
2025-06-11,MSFT,"472,62","475,47","469,66","470,02","16399200,0"
2025-06-11,PETR4.SA,"31,05","31,16","30,3","30,3","52432400,0"
2025-06-12,AAPL,"198,97","199,45","197,14","198,85","43904600,0"
2025-06-12,GOOGL,"175,7","176,72","174,75","176,18","20941900,0"
2025-06-12,ITUB4.SA,"36,57","36,79","36,02","36,05","21869400,0"
2025-06-12,MGLU3.SA,"9,62","9,68","9,26","9,41","24099600,0"
2025-06-12,MSFT,"478,87","480,42","473,52","475,02","18950600,0"
2025-06-12,PETR4.SA,"31,75","31,91","30,73","30,8","51729500,0"
2025-06-13,AAPL,"196,23","200,14","195,48","199,5","51447300,0"
2025-06-13,GOOGL,"174,67","177,13","172,39","172,44","27663100,0"
2025-06-13,ITUB4.SA,"36,13","36,31","35,87","36,13","14389900,0"
2025-06-13,MGLU3.SA,"8,94","9,34","8,94","9,32","48471100,0"
2025-06-13,MSFT,"474,96","479,18","472,76","476,41","16814500,0"
2025-06-13,PETR4.SA,"32,53","33,17","32,17","33,11","74902600,0"
2025-06-16,AAPL,"198,2","198,46","196,34","197,08","43020700,0"
2025-06-16,GOOGL,"176,77","176,94","174,65","174,73","27389200,0"
2025-06-16,ITUB4.SA,"36,79","37,18","36,48","36,49","17353400,0"
2025-06-16,MGLU3.SA,"9,54","9,61","9,14","9,15","33713600,0"
2025-06-16,MSFT,"479,14","480,69","475,0","475,21","15626100,0"
2025-06-16,PETR4.SA,"32,21","32,93","32,07","32,53","45972200,0"
2025-06-17,AAPL,"195,42","198,17","194,99","196,98","38856200,0"
2025-06-17,GOOGL,"175,95","177,36","174,58","175,7","24973000,0"
2025-06-17,ITUB4.SA,"37,01","37,05","36,73","36,95","19547100,0"
2025-06-17,MGLU3.SA,"9,33","9,5","9,18","9,43","22408500,0"
2025-06-17,MSFT,"478,04","478,74","474,08","475,4","15414100,0"
2025-06-17,PETR4.SA,"32,94","33,09","32,37","32,38","57633400,0"
2025-06-18,AAPL,"196,36","197,35","194,85","195,72","45394700,0"
2025-06-18,GOOGL,"173,32","176,56","173,2","176,01","28707500,0"
2025-06-18,ITUB4.SA,"36,79","37,04","36,67","36,89","19694400,0"
2025-06-18,MGLU3.SA,"9,35","9,52","9,26","9,35","22900100,0"
2025-06-18,MSFT,"480,24","481,0","474,46","478,0","17526500,0"
2025-06-18,PETR4.SA,"32,91","33,21","32,49","32,96","49342900,0"
2025-06-20,AAPL,"200,77","201,47","196,64","198,02","96813500,0"
2025-06-20,GOOGL,"166,64","174,34","165,46","173,95","75659900,0"
2025-06-20,ITUB4.SA,"36,6","36,63","36,35","36,48","21205800,0"
2025-06-20,MGLU3.SA,"8,85","9,19","8,8","9,19","26943000,0"
2025-06-20,MSFT,"477,4","483,46","476,87","482,23","37576200,0"
2025-06-20,PETR4.SA,"32,82","33,16","32,63","32,73","85062700,0"
2025-06-23,AAPL,"201,27","202,07","198,73","201,4","55814300,0"
2025-06-23,GOOGL,"165,19","167,34","162,0","166,27","57671000,0"
2025-06-23,ITUB4.SA,"36,52","36,6","36,11","36,6","14282900,0"
2025-06-23,MGLU3.SA,"8,91","8,95","8,56","8,9","35928900,0"
2025-06-23,MSFT,"486,0","487,75","472,51","478,21","24864000,0"
2025-06-23,PETR4.SA,"32,0","33,34","31,81","33,29","54592400,0"
2025-06-24,AAPL,"200,07","203,21","199,97","202,36","54064000,0"
2025-06-24,GOOGL,"166,77","168,22","166,13","166,92","40524300,0"
2025-06-24,ITUB4.SA,"37,21","37,54","36,54","36,68","20137900,0"
2025-06-24,MGLU3.SA,"9,1","9,52","9,02","9,07","29267200,0"
2025-06-24,MSFT,"490,11","491,85","486,8","488,95","22305600,0"
2025-06-24,PETR4.SA,"31,37","31,84","31,14","31,29","48728300,0"
2025-06-25,AAPL,"201,33","203,44","200,39","201,22","39525700,0"
2025-06-25,GOOGL,"170,68","172,36","167,55","167,63","35479000,0"
2025-06-25,ITUB4.SA,"36,54","37,1","36,4","37,06","19790900,0"
2025-06-25,MGLU3.SA,"9,13","9,22","9,0","9,15","23624400,0"
2025-06-25,MSFT,"492,27","494,56","489,39","492,04","17495100,0"
2025-06-25,PETR4.SA,"31,21","31,54","31,21","31,32","23127700,0"
2025-06-26,AAPL,"200,77","202,41","199,23","201,2","50799100,0"
2025-06-26,GOOGL,"173,54","173,69","169,94","172,43","31796700,0"
2025-06-26,ITUB4.SA,"36,27","36,75","36,16","36,59","23026900,0"
2025-06-26,MGLU3.SA,"9,42","9,53","9,18","9,33","26797000,0"
2025-06-26,MSFT,"497,45","498,04","492,81","492,98","21578900,0"
2025-06-26,PETR4.SA,"31,46","31,6","31,31","31,35","17227000,0"
2025-06-27,AAPL,"200,85","202,99","199,77","201,66","73188600,0"
2025-06-27,GOOGL,"178,53","178,68","171,73","173,54","108140200,0"
2025-06-27,ITUB4.SA,"36,23","36,32","35,9","35,96","13825500,0"
2025-06-27,MGLU3.SA,"9,3","9,44","9,15","9,33","21007200,0"
2025-06-27,MSFT,"495,94","499,3","493,03","497,55","34539200,0"
2025-06-27,PETR4.SA,"31,21","31,45","31,14","31,39","16482100,0"
2025-06-30,AAPL,"204,94","207,15","199,03","201,78","91912800,0"
2025-06-30,GOOGL,"176,23","181,23","174,58","180,78","63378900,0"
2025-06-30,ITUB4.SA,"36,91","36,92","35,88","36,11","29818100,0"
2025-06-30,MGLU3.SA,"9,85","9,96","9,2","9,25","35773200,0"
2025-06-30,MSFT,"497,41","500,76","495,33","497,04","28369000,0"
2025-06-30,PETR4.SA,"31,38","31,49","31,1","31,21","23091100,0"
2025-07-01,AAPL,"207,58","209,95","205,91","206,44","78788900,0"
2025-07-01,GOOGL,"175,84","176,09","173,53","175,74","35904500,0"
2025-07-01,ITUB4.SA,"37,08","37,15","36,79","36,91","18167000,0"
2025-07-01,MGLU3.SA,"9,71","9,93","9,57","9,77","17581000,0"
2025-07-01,MSFT,"492,05","498,05","490,98","496,47","19945400,0"
2025-07-01,PETR4.SA,"31,49","31,57","31,26","31,45","17014100,0"
2025-07-02,AAPL,"212,2","213,1","207,9","208,67","67941800,0"
2025-07-02,GOOGL,"178,64","178,86","175,07","175,54","29128900,0"
2025-07-02,ITUB4.SA,"36,78","37,26","36,53","37,08","19739300,0"
2025-07-02,MGLU3.SA,"9,07","9,79","9,03","9,73","25674900,0"
2025-07-02,MSFT,"491,09","493,5","488,7","489,99","16319600,0"
2025-07-02,PETR4.SA,"32,05","32,24","31,48","31,58","28311600,0"
2025-07-03,AAPL,"213,31","214,41","211,57","211,91","34955800,0"
2025-07-03,GOOGL,"179,53","179,67","177,05","178,5","21689700,0"
2025-07-03,ITUB4.SA,"37,69","37,78","36,82","36,82","13539000,0"
2025-07-03,MGLU3.SA,"9,19","9,39","9,12","9,29","24795900,0"
2025-07-03,MSFT,"498,84","500,13","493,44","493,81","13984800,0"
2025-07-03,PETR4.SA,"32,16","32,39","31,94","32,0","14322300,0"
2025-07-04,ITUB4.SA,"37,71","37,97","37,56","37,68","7309500,0"
2025-07-04,MGLU3.SA,"9,25","9,26","9,1","9,1","15533900,0"
2025-07-04,PETR4.SA,"32,12","32,31","31,97","32,0","9356900,0"
2025-07-07,AAPL,"209,71","215,98","208,56","212,44","50229000,0"
2025-07-07,GOOGL,"176,79","179,3","175,68","179,06","34175600,0"
2025-07-07,ITUB4.SA,"37,21","37,76","37,13","37,72","13480700,0"
2025-07-07,MGLU3.SA,"9,11","9,32","9,0","9,23","16463800,0"
2025-07-07,MSFT,"497,72","498,75","495,23","497,38","13981600,0"
2025-07-07,PETR4.SA,"32,06","32,26","31,9","32,12","17938800,0"
2025-07-08,AAPL,"209,77","211,19","208,21","209,86","42848900,0"
2025-07-08,GOOGL,"174,36","177,95","172,81","177,85","40442500,0"
2025-07-08,ITUB4.SA,"37,12","37,3","36,88","37,14","20899600,0"
2025-07-08,MGLU3.SA,"8,9","9,26","8,81","9,17","21585100,0"
2025-07-08,MSFT,"496,62","498,2","494,11","497,24","11846600,0"
2025-07-08,PETR4.SA,"32,52","32,59","32,03","32,07","28778300,0"
2025-07-09,AAPL,"210,9","211,09","206,99","209,29","48749400,0"
2025-07-09,GOOGL,"176,62","179,44","172,77","175,25","43025600,0"
2025-07-09,ITUB4.SA,"36,35","37,07","36,24","37,06","15624400,0"
2025-07-09,MGLU3.SA,"8,55","9,0","8,48","9,0","19145400,0"
2025-07-09,MSFT,"503,51","506,78","499,74","500,3","18659500,0"
2025-07-09,PETR4.SA,"32,32","32,63","32,06","32,57","22338900,0"
2025-07-10,AAPL,"212,17","213,24","209,79","210,27","44443600,0"
2025-07-10,GOOGL,"177,62","178,43","174,38","175,63","29252400,0"
2025-07-10,ITUB4.SA,"35,23","35,88","35,22","35,88","38419300,0"
2025-07-10,MGLU3.SA,"8,34","8,41","8,13","8,24","26382600,0"
2025-07-10,MSFT,"501,48","504,44","497,75","503,05","16492100,0"
2025-07-10,PETR4.SA,"32,24","32,43","31,72","32,01","23102800,0"
2025-07-11,AAPL,"210,92","211,89","209,62","210,33","39765800,0"
2025-07-11,GOOGL,"180,19","181,43","176,48","176,79","34282900,0"
2025-07-11,ITUB4.SA,"34,94","35,18","34,71","35,13","41882800,0"
2025-07-11,MGLU3.SA,"8,04","8,24","7,92","8,24","23898400,0"
2025-07-11,MSFT,"503,32","505,03","497,8","498,47","16459500,0"
2025-07-11,PETR4.SA,"32,63","32,7","32,15","32,2","23946700,0"
2025-07-14,AAPL,"208,38","210,67","207,3","209,69","38840100,0"
2025-07-14,GOOGL,"181,56","183,67","179,68","181,01","32536600,0"
2025-07-14,ITUB4.SA,"34,88","35,01","34,49","34,91","25888400,0"
2025-07-14,MGLU3.SA,"7,95","8,01","7,81","8,01","18948700,0"
2025-07-14,MSFT,"503,02","503,97","501,03","501,52","12058800,0"
2025-07-14,PETR4.SA,"32,2","32,77","32,12","32,63","24106300,0"
2025-07-15,AAPL,"208,87","211,65","208,68","208,98","42296300,0"
2025-07-15,GOOGL,"182,0","184,22","181,6","182,81","33448300,0"
2025-07-15,ITUB4.SA,"35,0","35,2","34,67","34,88","26559500,0"
2025-07-15,MGLU3.SA,"8,05","8,24","7,93","8,2","23547300,0"
2025-07-15,MSFT,"505,82","508,3","502,79","503,02","14927200,0"
2025-07-15,PETR4.SA,"31,95","32,38","31,81","32,24","18688300,0"
2025-07-16,AAPL,"209,92","212,16","208,4","210,06","47490500,0"
2025-07-16,GOOGL,"182,97","184,33","182,03","183,24","33104200,0"
2025-07-16,ITUB4.SA,"35,17","35,28","34,86","35,07","26849800,0"
2025-07-16,MGLU3.SA,"8,11","8,17","7,87","8,06","20804500,0"
2025-07-16,MSFT,"505,62","506,72","501,89","505,18","15154400,0"
2025-07-16,PETR4.SA,"31,79","31,95","31,47","31,9","27588900,0"
2025-07-17,AAPL,"209,78","211,56","209,35","210,33","48068100,0"
2025-07-17,GOOGL,"183,58","184,06","180,48","182,14","31992600,0"
2025-07-17,ITUB4.SA,"35,7","35,82","35,17","35,19","24842500,0"
2025-07-17,MGLU3.SA,"8,2","8,23","8,02","8,14","21128900,0"
2025-07-17,MSFT,"511,7","513,37","505,62","505,68","17503100,0"
2025-07-17,PETR4.SA,"31,47","31,77","31,4","31,77","27497600,0"
2025-07-18,AAPL,"210,94","211,55","209,46","210,63","48974600,0"
2025-07-18,GOOGL,"185,06","186,42","183,71","185,4","34014500,0"
2025-07-18,ITUB4.SA,"35,05","35,7","34,97","35,4","31288500,0"
2025-07-18,MGLU3.SA,"7,88","8,14","7,83","8,05","23452700,0"
2025-07-18,MSFT,"510,05","514,64","507,43","514,48","21209700,0"
2025-07-18,PETR4.SA,"30,99","31,6","30,6","31,4","57635000,0"
2025-07-21,AAPL,"212,24","215,54","211,39","211,86","51377400,0"
2025-07-21,GOOGL,"190,1","190,29","186,15","186,25","45803100,0"
2025-07-21,ITUB4.SA,"35,46","35,56","34,99","35,03","11994700,0"
2025-07-21,MGLU3.SA,"7,6","7,98","7,59","7,94","20616200,0"
2025-07-21,MSFT,"510,06","512,09","505,55","506,71","14066800,0"
2025-07-21,PETR4.SA,"31,05","31,28","30,77","30,89","16412000,0"
2025-07-22,AAPL,"214,16","214,71","211,99","212,9","46404100,0"
2025-07-22,GOOGL,"191,34","191,65","187,46","191,5","44660200,0"
2025-07-22,ITUB4.SA,"34,98","35,72","34,92","35,48","22650800,0"
2025-07-22,MGLU3.SA,"7,5","7,72","7,42","7,66","21546000,0"
2025-07-22,MSFT,"505,27","511,2","505,27","510,97","13868600,0"
2025-07-22,PETR4.SA,"31,35","31,58","30,99","31,05","24557100,0"
2025-07-23,AAPL,"213,91","214,91","212,17","214,76","46989300,0"
2025-07-23,GOOGL,"190,23","192,53","189,18","191,5","58681900,0"
2025-07-23,ITUB4.SA,"35,37","35,51","34,84","34,94","12885400,0"
2025-07-23,MGLU3.SA,"7,8","7,9","7,39","7,43","19534600,0"
2025-07-23,MSFT,"505,87","506,79","500,7","506,75","16396600,0"
2025-07-23,PETR4.SA,"31,99","32,03","31,3","31,35","27418600,0"
2025-07-24,AAPL,"213,52","215,45","213,29","213,66","46022600,0"
2025-07-24,GOOGL,"192,17","197,95","191,0","197,03","74881700,0"
2025-07-24,ITUB4.SA,"35,04","35,25","34,83","35,25","11126300,0"
2025-07-24,MGLU3.SA,"7,54","7,73","7,47","7,7","15548500,0"
2025-07-24,MSFT,"510,88","513,67","507,3","508,77","16107000,0"
2025-07-24,PETR4.SA,"31,94","32,02","31,65","31,93","17856300,0"
2025-07-25,AAPL,"213,64","215,0","213,16","214,46","40268800,0"
2025-07-25,GOOGL,"193,18","194,33","191,26","191,98","39785900,0"
2025-07-25,ITUB4.SA,"35,19","35,47","35,01","35,01","17978700,0"
2025-07-25,MGLU3.SA,"7,5","7,59","7,34","7,54","15504900,0"
2025-07-25,MSFT,"513,71","518,29","510,36","512,47","19125700,0"
2025-07-25,PETR4.SA,"31,98","32,18","31,91","31,99","13341000,0"
2025-07-28,AAPL,"213,81","214,61","212,82","213,79","37858000,0"
2025-07-28,GOOGL,"192,58","194,05","190,84","193,65","38139500,0"
2025-07-28,ITUB4.SA,"34,45","35,3","34,13","35,26","17329500,0"
2025-07-28,MGLU3.SA,"7,18","7,55","7,17","7,48","16183200,0"
2025-07-28,MSFT,"512,5","515,0","510,12","514,08","14308000,0"
2025-07-28,PETR4.SA,"32,02","32,43","31,68","32,16","27972800,0"
2025-07-29,AAPL,"211,03","214,57","210,58","213,94","51411700,0"
2025-07-29,GOOGL,"195,75","195,92","192,08","192,43","41389200,0"
2025-07-29,ITUB4.SA,"34,65","34,84","34,35","34,42","16170700,0"
2025-07-29,MGLU3.SA,"6,98","7,25","6,95","7,25","21144500,0"
2025-07-29,MSFT,"512,57","517,62","511,56","515,53","16469200,0"
2025-07-29,PETR4.SA,"32,44","32,6","31,99","32,19","33284000,0"
2025-07-30,AAPL,"208,81","212,15","207,48","211,66","45512500,0"
2025-07-30,GOOGL,"196,53","197,6","194,69","195,6","32445400,0"
2025-07-30,ITUB4.SA,"35,05","35,24","34,29","34,49","18962900,0"
2025-07-30,MGLU3.SA,"7,34","7,48","6,92","6,94","28283200,0"
2025-07-30,MSFT,"513,24","515,95","509,44","515,17","26380400,0"
2025-07-30,PETR4.SA,"32,77","32,83","32,27","32,3","27110400,0"
2025-07-31,AAPL,"207,33","209,6","206,93","208,25","80698400,0"
2025-07-31,GOOGL,"191,9","195,99","191,09","195,71","51329200,0"
2025-07-31,ITUB4.SA,"35,14","35,2","34,62","34,66","21361000,0"
2025-07-31,MGLU3.SA,"7,06","7,15","6,97","7,08","20433800,0"
2025-07-31,MSFT,"533,5","555,45","531,9","555,23","51617300,0"
2025-07-31,PETR4.SA,"32,64","32,75","32,42","32,45","23544900,0"
2025-08-01,AAPL,"202,15","213,34","201,27","210,63","104434500,0"
2025-08-01,GOOGL,"189,13","190,83","187,82","189,03","34832200,0"
2025-08-01,ITUB4.SA,"34,93","35,76","34,74","35,6","16018100,0"
2025-08-01,MGLU3.SA,"7,22","7,4","7,18","7,27","25396900,0"
2025-08-01,MSFT,"524,11","535,8","520,86","535,0","28977600,0"
2025-08-01,PETR4.SA,"32,21","32,91","32,04","32,8","24191800,0"
2025-08-04,AAPL,"203,12","207,64","201,45","204,28","75109300,0"
2025-08-04,GOOGL,"195,04","195,27","190,12","190,29","31547400,0"
2025-08-04,ITUB4.SA,"35,3","35,56","35,03","35,44","16922400,0"
2025-08-04,MGLU3.SA,"7,18","7,38","7,13","7,31","14381400,0"
2025-08-04,MSFT,"535,64","538,25","528,13","528,27","25349000,0"
2025-08-04,PETR4.SA,"32,16","32,27","31,96","32,21","15215600,0"
2025-08-05,AAPL,"202,69","205,11","201,93","203,17","44155100,0"
2025-08-05,GOOGL,"194,67","197,86","193,89","194,71","31602300,0"
2025-08-05,ITUB4.SA,"35,69","35,93","35,06","35,22","48243500,0"
2025-08-05,MGLU3.SA,"7,2","7,3","7,1","7,18","14937100,0"
2025-08-05,MSFT,"527,75","537,3","527,24","537,18","19171600,0"
2025-08-05,PETR4.SA,"32,31","32,41","32,03","32,13","20635500,0"
2025-08-06,AAPL,"213,01","215,14","205,36","205,4","108483100,0"
2025-08-06,GOOGL,"196,09","196,63","193,67","194,5","21562900,0"
2025-08-06,ITUB4.SA,"36,14","37,15","36,1","36,29","39958600,0"
2025-08-06,MGLU3.SA,"7,34","7,44","7,21","7,26","13334200,0"
2025-08-06,MSFT,"524,94","531,7","524,03","530,9","21355700,0"
2025-08-06,PETR4.SA,"32,35","32,94","32,19","32,6","32854600,0"
2025-08-07,AAPL,"219,78","220,6","216,33","218,63","90224800,0"
2025-08-07,GOOGL,"196,52","197,54","194,33","197,06","26321800,0"
2025-08-07,ITUB4.SA,"36,78","37,01","36,11","36,24","26104200,0"
2025-08-07,MGLU3.SA,"7,42","7,48","7,28","7,37","17572700,0"
2025-08-07,MSFT,"520,84","528,09","517,55","526,8","16079100,0"
2025-08-07,PETR4.SA,"32,53","32,85","32,43","32,64","21111400,0"
2025-08-08,AAPL,"229,09","230,74","219,0","220,58","113854000,0"
2025-08-08,GOOGL,"201,42","202,61","197,17","197,22","39161800,0"
2025-08-08,ITUB4.SA,"37,03","37,15","36,75","36,79","17795400,0"
2025-08-08,MGLU3.SA,"7,04","7,36","6,95","7,36","33124200,0"
2025-08-08,MSFT,"522,04","524,66","519,41","522,6","15531000,0"
2025-08-08,PETR4.SA,"30,53","32,05","30,53","31,5","107235300,0"
2025-08-11,AAPL,"227,18","229,56","224,76","227,92","61806100,0"
2025-08-11,GOOGL,"201,0","201,48","199,07","200,94","25832400,0"
2025-08-11,ITUB4.SA,"37,26","37,37","36,74","36,81","22034200,0"
2025-08-11,MGLU3.SA,"7,02","7,37","6,94","6,94","27562400,0"
2025-08-11,MSFT,"521,77","527,59","519,72","522,3","20194400,0"
2025-08-11,PETR4.SA,"30,72","31,03","30,58","30,71","28045800,0"
2025-08-12,AAPL,"229,65","230,8","227,07","228,01","55626200,0"
2025-08-12,GOOGL,"203,34","204,5","200,59","201,37","30397900,0"
2025-08-12,ITUB4.SA,"38,03","38,27","37,39","37,46","27002700,0"
2025-08-12,MGLU3.SA,"7,03","7,3","7,01","7,2","20278100,0"
2025-08-12,MSFT,"529,24","530,98","522,7","523,75","18667000,0"
2025-08-12,PETR4.SA,"30,8","31,27","30,65","30,79","37973300,0"
2025-08-13,AAPL,"233,33","235,0","230,43","231,07","69878500,0"
2025-08-13,GOOGL,"201,96","204,53","197,51","204,13","28342900,0"
2025-08-13,ITUB4.SA,"37,67","38,12","37,65","37,92","21959700,0"
2025-08-13,MGLU3.SA,"6,73","7,05","6,7","7,01","20163000,0"
2025-08-13,MSFT,"520,58","532,7","519,37","532,11","19619200,0"
2025-08-13,PETR4.SA,"30,57","30,86","30,41","30,8","38340700,0"
2025-08-14,AAPL,"232,78","235,12","230,85","234,06","51857600,0"
2025-08-14,GOOGL,"202,94","204,44","201,23","201,5","25208900,0"
2025-08-14,ITUB4.SA,"37,62","38,0","37,28","37,35","26037600,0"
2025-08-14,MGLU3.SA,"6,68","6,74","6,53","6,67","18772000,0"
2025-08-14,MSFT,"522,48","525,95","520,14","522,56","20254000,0"
2025-08-14,PETR4.SA,"30,18","30,73","30,02","30,73","43087500,0"
